Name,Year,Duration,Genre,Rating,Votes,Director,Actor 1,Actor 2,Actor 3,Num_Actors_Known,Is_MultiGenre,Main_Genre,Log_Votes
#Gadhvi (He thought he was Gandhi),2019.0,109.0,Drama,7.0,8.0,811.0,1782.0,2815.0,377.0,3,0,7.0,2.1972245773362196
#Yaaram,2019.0,110.0,"Comedy, Romance",4.4,35.0,1749.0,1589.0,890.0,2572.0,3,1,4.0,3.58351893845611
...Aur Pyaar Ho Gaya,1997.0,147.0,"Comedy, Drama, Musical",4.7,827.0,2005.0,508.0,85.0,2449.0,3,1,4.0,6.71901315438526
...Yahaan,2005.0,142.0,"Drama, Romance, War",7.4,1086.0,2643.0,931.0,1388.0,3030.0,3,1,7.0,6.99117688712121
?: A Question Mark,2012.0,82.0,"Horror, Mystery, Thriller",5.6,326.0,174.0,2521.0,1461.0,1205.0,3,1,11.0,5.7899601708972535
@Andheri,2014.0,116.0,"Action, Crime, Thriller",4.0,11.0,519.0,398.0,698.0,567.0,3,1,0.0,2.4849066497880004
1:1.6 An Ode to Lost Love,2004.0,96.0,Drama,6.2,17.0,1409.0,1786.0,772.0,431.0,3,0,7.0,2.8903717578961645
1:13:7 Ek Tera Saath,2016.0,120.0,Horror,5.9,59.0,335.0,1512.0,252.0,940.0,3,0,11.0,4.0943445622221
100 Days,1991.0,161.0,"Horror, Romance, Thriller",6.5,983.0,1804.0,870.0,1234.0,1028.0,3,1,11.0,6.891625897052253
100% Love,2012.0,166.0,"Comedy, Drama, Romance",5.7,512.0,1977.0,918.0,1117.0,2687.0,3,1,4.0,6.240275845170769
102 Not Out,2018.0,102.0,"Comedy, Drama",7.4,6619.0,2935.0,206.0,2029.0,2933.0,3,1,4.0,8.797850648931053
10ml LOVE,2010.0,87.0,"Comedy, Drama, Romance",6.3,162.0,2587.0,1448.0,267.0,1420.0,3,1,4.0,5.093750200806762
12 O'Clock,1958.0,132.0,"Crime, Drama, Mystery",7.2,72.0,1872.0,780.0,2827.0,2478.0,3,1,5.0,4.290459441148391
12 O'Clock,2021.0,105.0,"Horror, Thriller",4.4,63.0,2146.0,1304.0,1255.0,629.0,3,1,11.0,4.1588830833596715
127 B,2017.0,116.0,"Comedy, Horror",6.6,26.0,2536.0,1250.0,402.0,917.0,3,1,4.0,3.295836866004329
13B: Fear Has a New Address,2009.0,146.0,"Drama, Horror, Mystery",7.3,6329.0,3036.0,1158.0,1558.0,1816.0,3,1,7.0,8.753055515138222
15 Park Avenue,2005.0,116.0,Drama,7.1,1002.0,307.0,2030.0,1115.0,1955.0,3,0,7.0,6.910750787961936
15th August,1993.0,168.0,Drama,5.6,15.0,2996.0,1862.0,2655.0,2438.0,3,0,7.0,2.772588722239781
16 December,2002.0,158.0,"Action, Thriller",6.9,1235.0,1456.0,1297.0,562.0,877.0,3,1,0.0,7.119635638017636
18.11,2014.0,126.0,Action,3.5,10.0,1575.0,1814.0,772.0,1559.0,3,0,0.0,2.3978952727983707
1857,1946.0,,"Drama, History",5.0,8.0,1571.0,1452.0,2564.0,1474.0,3,1,7.0,2.1972245773362196
19 Revolutions,2004.0,94.0,Drama,4.5,16.0,2710.0,2343.0,772.0,2973.0,3,0,7.0,2.833213344056216
1920,2008.0,138.0,"Horror, Mystery, Romance",6.4,3100.0,3035.0,1721.0,50.0,274.0,3,1,11.0,8.03947991910045
1920 London,2016.0,120.0,"Horror, Mystery",4.1,1559.0,692.0,2076.0,1361.0,2995.0,3,1,11.0,7.352441100243583
1920: Evil Returns,2012.0,124.0,"Drama, Horror, Romance",4.8,1811.0,516.0,2431.0,2642.0,2795.0,3,1,7.0,7.502186486602924
1921,2018.0,144.0,"Horror, Mystery, Romance",4.5,1069.0,3035.0,2546.0,1052.0,2958.0,3,1,11.0,6.975413927455952
1942: A Love Story,1994.0,157.0,"Action, Drama, History",7.2,3223.0,3000.0,250.0,900.0,1393.0,3,1,0.0,8.07837810362652
1971,2007.0,136.0,"Action, Drama, War",8.1,1892.0,219.0,1224.0,1989.0,661.0,3,1,0.0,7.545918151209323
1978: A Teen Night Out,2019.0,107.0,Thriller,4.0,20.0,430.0,56.0,281.0,2885.0,3,0,18.0,3.044522437723423
1982 - A Love Marriage,2017.0,113.0,Comedy,5.5,106.0,1882.0,207.0,1637.0,2166.0,3,0,4.0,4.672828834461906
19th January,2014.0,,Drama,7.3,16.0,2442.0,1358.0,461.0,1336.0,3,0,7.0,2.833213344056216
2 Little Indians,2013.0,,"Comedy, Family",5.6,14.0,2211.0,1796.0,2065.0,1126.0,3,1,4.0,2.70805020110221
2 Nights in Soul Valley,2012.0,80.0,"Adventure, Horror, Mystery",6.8,21.0,915.0,812.0,2537.0,2702.0,3,1,1.0,3.091042453358316
2 October,2003.0,122.0,"Action, Crime, Thriller",5.0,33.0,2811.0,382.0,2050.0,2233.0,3,1,0.0,3.5263605246161616
2 States,2014.0,149.0,"Comedy, Drama, Romance",6.9,24034.0,71.0,327.0,130.0,212.0,3,1,4.0,10.08726638032806
2.0,2018.0,148.0,"Action, Sci-Fi",6.2,21938.0,2315.0,1711.0,114.0,216.0,3,1,0.0,9.996021153939061
2001: Do Hazaar Ek,1998.0,149.0,"Crime, Mystery, Thriller",3.5,112.0,2019.0,870.0,629.0,2771.0,3,1,5.0,4.727387818712341
2016 the End,2017.0,130.0,Comedy,6.1,94.0,1038.0,676.0,1093.0,910.0,3,0,4.0,4.553876891600541
22 Days,2018.0,124.0,Thriller,6.1,8.0,2634.0,1652.0,2369.0,2639.0,3,0,18.0,2.1972245773362196
22 June 1897,1979.0,121.0,"Drama, History",7.7,52.0,1081.0,1376.0,2111.0,2843.0,3,1,7.0,3.970291913552122
22 Yards,2019.0,126.0,Sport,6.1,361.0,1552.0,446.0,148.0,2015.0,3,0,17.0,5.8916442118257715
23rd March 1931: Shaheed,2002.0,188.0,"Biography, Drama, History",5.1,642.0,865.0,508.0,2557.0,212.0,3,1,3.0,6.466144724237619
25th July,1951.0,,Unknown,7.6,5.0,598.0,2385.0,2681.0,2853.0,0,0,19.0,1.791759469228055
26 January,1956.0,,Unknown,6.6,7.0,2180.0,118.0,2681.0,2853.0,1,0,19.0,2.0794415416798357
26th July at Barista,2008.0,,Drama,3.1,32.0,1568.0,124.0,825.0,2699.0,3,0,7.0,3.4965075614664802
27 Down,1974.0,115.0,Drama,6.9,194.0,419.0,2238.0,1921.0,2251.0,3,0,7.0,5.272999558563747
3 AM: A Paranormal Experience,2014.0,103.0,"Horror, Romance",5.0,514.0,3072.0,1933.0,1076.0,1017.0,3,1,11.0,6.244166900663736
3 Bachelors,2012.0,114.0,"Comedy, Romance",3.3,165.0,107.0,2076.0,1560.0,1689.0,3,1,4.0,5.111987788356544
3 Deewarein,2003.0,115.0,"Crime, Drama",7.8,2322.0,1650.0,1405.0,900.0,1090.0,3,1,5.0,7.750614732770409
3 Dev,2019.0,122.0,Comedy,6.9,35.0,277.0,1019.0,1985.0,1259.0,3,0,4.0,3.58351893845611
3 Idiots,2009.0,170.0,"Comedy, Drama",8.4,357889.0,2106.0,18.0,1220.0,1525.0,3,1,4.0,12.78798095559819
3 Nights 4 Days,2009.0,,"Drama, Romance",5.2,23.0,673.0,1942.0,836.0,307.0,3,1,7.0,3.1780538303479458
3 Storeys,2018.0,100.0,Drama,6.9,358.0,324.0,98.0,2635.0,2144.0,3,0,7.0,5.883322388488279
3.0 Megapixel,2015.0,99.0,"Adventure, Drama",4.3,6.0,738.0,2022.0,1358.0,1810.0,3,1,1.0,1.9459101490553132
30 Days,2004.0,,Horror,5.0,14.0,2224.0,32.0,1385.0,726.0,3,0,11.0,2.70805020110221
30 Minutes,2016.0,,Thriller,4.8,26.0,3110.0,1758.0,836.0,2519.0,3,0,18.0,3.295836866004329
31st October,2015.0,109.0,"Action, Drama, History",5.8,238.0,2631.0,2170.0,1168.0,1591.0,3,1,0.0,5.476463551931511
340,2009.0,,Thriller,4.6,9.0,2838.0,1641.0,873.0,94.0,3,0,18.0,2.302585092994046
36 China Town,2006.0,140.0,"Comedy, Mystery, Thriller",5.7,4373.0,38.0,1251.0,116.0,1171.0,3,1,4.0,8.383433201236713
36 Chowringhee Lane,1981.0,122.0,"Drama, Romance",7.5,392.0,307.0,922.0,612.0,655.0,3,1,7.0,5.973809611869261
36 Ghante,1974.0,,"Action, Crime, Drama",6.7,128.0,2026.0,1635.0,1258.0,2713.0,3,1,0.0,4.859812404361672
376 D,2020.0,128.0,"Crime, Thriller",5.7,252.0,872.0,1847.0,2817.0,657.0,3,1,5.0,5.53338948872752
377 AbNormal,2019.0,93.0,Drama,5.6,93.0,776.0,1364.0,2317.0,1510.0,3,0,7.0,4.543294782270004
3D Saamri,1985.0,102.0,Horror,5.6,80.0,2665.0,2370.0,1869.0,365.0,3,0,11.0,4.394449154672439
3G: A Killer Connection,2013.0,125.0,"Horror, Sci-Fi, Thriller",3.6,1128.0,2604.0,2063.0,1573.0,2620.0,3,1,11.0,7.029087564149662
3rd EYE,2019.0,145.0,Horror,6.3,6.0,2459.0,595.0,1454.0,2277.0,3,0,11.0,1.9459101490553132
404: Error Not Found,2011.0,121.0,"Drama, Mystery, Thriller",7.3,2548.0,1904.0,1729.0,853.0,1727.0,3,1,7.0,7.8434564043761155
417 Miles,2016.0,75.0,Drama,4.8,9.0,1436.0,1240.0,1163.0,1272.0,3,0,7.0,2.302585092994046
42 Kms.,2009.0,,"Drama, Sport",3.9,14.0,1721.0,1197.0,463.0,2304.0,3,1,7.0,2.70805020110221
498A-The Wedding Gift,2012.0,113.0,"Drama, Family, Musical",7.8,21.0,2760.0,2219.0,694.0,2727.0,3,1,7.0,3.091042453358316
5 Ghantey Mien 5 Crore,2012.0,111.0,Thriller,5.7,75.0,765.0,1408.0,2327.0,2098.0,3,0,18.0,4.330733340286331
5 Rifles,1974.0,134.0,"Action, Comedy",6.5,36.0,968.0,1732.0,1889.0,177.0,3,1,0.0,3.6109179126442243
50 Lakh,2007.0,,"Comedy, Thriller",6.5,82.0,577.0,1538.0,1414.0,2910.0,3,1,4.0,4.418840607796598
5ters: Castle of Dark Master,2011.0,110.0,"Action, Adventure, Fantasy",4.6,19.0,792.0,131.0,383.0,801.0,3,1,0.0,2.995732273553991
6.40 PM,1967.0,,Unknown,5.4,5.0,1454.0,2385.0,2681.0,2853.0,0,0,19.0,1.791759469228055
6-5=2,2014.0,104.0,Horror,4.2,171.0,498.0,1585.0,734.0,823.0,3,0,11.0,5.147494476813453
68 Pages,2007.0,92.0,Drama,6.2,31.0,2709.0,1334.0,978.0,1049.0,3,0,7.0,3.4657359027997265
7 1/2 Phere: More Than a Wedding,2005.0,136.0,"Comedy, Drama",5.3,281.0,999.0,951.0,879.0,1413.0,3,1,4.0,5.641907070938114
7 Bijliyaan,1988.0,126.0,Action,5.0,7.0,2123.0,2354.0,2378.0,1233.0,3,0,0.0,2.0794415416798357
7 Days,1995.0,,"Action, Drama",3.4,10.0,2799.0,353.0,517.0,442.0,3,1,0.0,2.3978952727983707
7 Hours to Go,2016.0,115.0,"Crime, Thriller",5.7,398.0,2525.0,1959.0,1520.0,2518.0,3,1,5.0,5.988961416889864
7 Islands and a Metro,2006.0,100.0,Documentary,6.2,10.0,748.0,2429.0,799.0,1745.0,3,0,6.0,2.3978952727983707
7 Khoon Maaf,2011.0,137.0,"Drama, Mystery, Thriller",6.1,5640.0,3070.0,1622.0,2814.0,1680.0,3,1,7.0,8.637816633739977
7 Saal Baad,1987.0,127.0,"Drama, Horror, Musical",4.1,34.0,2349.0,2077.0,2571.0,1635.0,3,1,7.0,3.5553480614894135
706,2019.0,120.0,Thriller,5.3,449.0,2646.0,1310.0,1815.0,741.0,3,0,18.0,6.1092475827643655
72 Hours: Martyr Who Never Died,2019.0,130.0,"Action, Biography, Drama",5.3,249.0,415.0,407.0,2842.0,156.0,3,1,0.0,5.521460917862246
8 x 10 Tasveer,2009.0,122.0,"Action, Fantasy, Mystery",5.4,5459.0,1650.0,145.0,393.0,1028.0,3,1,0.0,8.605204068738951
8119 Miles,2021.0,115.0,"Adventure, Drama, Mystery",6.6,21.0,1110.0,1771.0,1160.0,888.0,3,1,1.0,3.091042453358316
88 Antop Hill,2003.0,119.0,"Mystery, Thriller",4.7,66.0,1361.0,396.0,1846.0,2664.0,3,1,14.0,4.204692619390966
9 O' Clock,2017.0,124.0,Action,5.3,9.0,218.0,343.0,94.0,2193.0,3,0,0.0,2.302585092994046
99,2009.0,135.0,"Comedy, Crime, Drama",7.3,2767.0,1323.0,1672.0,1157.0,553.0,3,1,4.0,7.92588031673756
99 Songs,2019.0,128.0,"Musical, Romance",7.4,1901.0,3086.0,687.0,663.0,2808.0,3,1,13.0,7.550661243105336
99.9 FM,2005.0,90.0,"Crime, Drama",4.8,38.0,2443.0,2086.0,1903.0,999.0,3,1,5.0,3.6635616461296463
A Billion Colour Story,2016.0,105.0,Drama,8.1,412.0,1775.0,642.0,735.0,2904.0,3,0,7.0,6.023447592961033
A Daughter's Tale PANKH,2017.0,145.0,Drama,6.3,10.0,1917.0,1710.0,2550.0,1725.0,3,0,7.0,2.3978952727983707
A Death in the Gunj,2016.0,110.0,"Drama, Thriller",7.5,4637.0,1314.0,979.0,2778.0,876.0,3,1,7.0,8.442038517815478
A Far Afternoon: a Painted Saga by Krishen Khanna,2015.0,72.0,"Documentary, Biography",7.7,10.0,2722.0,2385.0,2681.0,2853.0,0,1,6.0,2.3978952727983707
A Film by Aravind,2005.0,150.0,"Horror, Mystery",6.8,179.0,2531.0,2094.0,1877.0,2148.0,3,1,11.0,5.19295685089021
A Flat,2010.0,103.0,"Drama, Horror, Romance",4.5,202.0,935.0,931.0,2199.0,915.0,3,1,7.0,5.313205979041787
A Flying Jatt,2016.0,151.0,"Action, Adventure, Comedy",3.0,4145.0,2244.0,2352.0,902.0,1631.0,3,1,0.0,8.329899292995725
A Game Called Relationship,2020.0,109.0,"Comedy, Romance",6.3,181.0,3091.0,1198.0,2820.0,2705.0,3,1,4.0,5.204006687076795
A Gentleman,2017.0,145.0,"Action, Comedy",6.2,5227.0,1323.0,1672.0,2422.0,990.0,3,1,0.0,8.561784074744113
A Gift of Love: Sifar,2019.0,95.0,"Drama, Romance",8.0,33.0,705.0,1968.0,2506.0,230.0,3,1,7.0,3.5263605246161616
A Journey of Samyak Buddha,2013.0,127.0,Drama,7.3,17.0,1898.0,739.0,988.0,827.0,3,0,7.0,2.8903717578961645
A Mermaid Called Aida,1996.0,52.0,Documentary,6.4,7.0,2265.0,96.0,92.0,2853.0,2,0,6.0,2.0794415416798357
A New Love Ishtory,2013.0,140.0,Romance,6.0,80.0,1119.0,1779.0,782.0,2598.0,3,0,15.0,4.394449154672439
A Rifle and a Bag,2020.0,89.0,Documentary,6.8,15.0,605.0,854.0,330.0,2853.0,2,0,6.0,2.772588722239781
A Scandall,2016.0,112.0,Thriller,3.1,142.0,999.0,939.0,1999.0,1373.0,3,0,18.0,4.962844630259907
A Strange Love Story,2011.0,,Drama,3.8,15.0,2893.0,1920.0,775.0,2605.0,3,0,7.0,2.772588722239781
A Sublime Love Story: Barsaat,2005.0,143.0,"Drama, Romance",3.8,627.0,2789.0,508.0,471.0,1899.0,3,1,7.0,6.4425401664681985
A Suitable Girl,2017.0,90.0,Documentary,6.9,337.0,2496.0,2167.0,2425.0,2853.0,2,0,6.0,5.823045895483019
A Thin Line,2019.0,104.0,Drama,7.9,24.0,3001.0,2367.0,1847.0,118.0,3,0,7.0,3.2188758248682006
A Treasure in the Snow,2002.0,,Documentary,6.9,8.0,855.0,2385.0,2681.0,2853.0,0,0,6.0,2.1972245773362196
A Wednesday,2008.0,104.0,"Action, Crime, Drama",8.1,75118.0,1696.0,296.0,1510.0,1073.0,3,1,0.0,11.22682880175946
Aa Ab Laut Chalen,1999.0,177.0,"Musical, Romance, Drama",5.5,1621.0,2255.0,1702.0,116.0,100.0,3,1,13.0,7.3914152346753585
AA BB KK,2018.0,121.0,Drama,8.0,249.0,2188.0,2115.0,2132.0,2777.0,3,0,7.0,5.521460917862246
Aa Dekhen Zara,2009.0,117.0,"Action, Sci-Fi, Thriller",5.0,866.0,1093.0,1449.0,471.0,2640.0,3,1,0.0,6.7650389767805414
Aa Gale Lag Jaa,1973.0,148.0,"Action, Drama, Romance",7.2,348.0,1482.0,2082.0,2312.0,2480.0,3,1,0.0,5.855071922202427
Aa Gale Lag Jaa,1994.0,158.0,"Mystery, Romance",4.4,115.0,898.0,948.0,2689.0,1774.0,3,1,14.0,4.7535901911063645
Aa Gaya Hero,2017.0,123.0,Action,2.7,339.0,734.0,767.0,2017.0,1821.0,3,0,0.0,5.8289456176102075
Aa Jao Please,2016.0,120.0,Drama,6.8,16.0,423.0,1444.0,726.0,730.0,3,0,7.0,2.833213344056216
Aaag Hi Aag,1999.0,,Action,4.9,28.0,2864.0,1304.0,900.0,2603.0,3,0,0.0,3.367295829986474
Aabra Ka Daabra,2004.0,144.0,Fantasy,2.4,264.0,696.0,1420.0,1721.0,2376.0,3,0,9.0,5.579729825986222
Aabroo,1968.0,170.0,"Comedy, Crime, Drama",5.5,21.0,556.0,376.0,2782.0,2134.0,3,1,4.0,3.091042453358316
Aabroo,1943.0,,Unknown,5.2,5.0,1691.0,2385.0,2681.0,2853.0,0,0,19.0,1.791759469228055
Aabshar,1953.0,,"Drama, Romance",5.0,5.0,927.0,837.0,1141.0,1930.0,3,1,7.0,1.791759469228055
Aadab Arz,1943.0,,Unknown,5.2,5.0,2954.0,1384.0,1445.0,2853.0,2,0,19.0,1.791759469228055
Aadamkhor,1986.0,,Action,5.5,6.0,1114.0,2181.0,968.0,1655.0,3,0,0.0,1.9459101490553132
Aadamkhor,2018.0,72.0,Horror,7.4,150.0,1336.0,613.0,241.0,1343.0,3,0,11.0,5.017279836814924
Aadat Se Majboor,1982.0,105.0,"Action, Crime, Drama",5.5,28.0,187.0,1304.0,1943.0,1324.0,3,1,0.0,3.367295829986474
Aadha Din Aadhee Raat,1977.0,132.0,Action,5.1,18.0,741.0,883.0,2791.0,2417.0,3,0,0.0,2.9444389791664403
Aadhaar,2019.0,107.0,Drama,7.6,69.0,2774.0,2483.0,2248.0,1951.0,3,0,7.0,4.248495242049359
Aadharshila,1982.0,154.0,Drama,6.4,19.0,369.0,680.0,1862.0,1661.0,3,0,7.0,2.995732273553991
Aadhi Bhagavan,2013.0,157.0,"Action, Crime, Thriller",5.4,568.0,188.0,904.0,1558.0,2670.0,3,1,0.0,6.343880434126331
Aadhi Mimansa,1991.0,,Unknown,6.2,9.0,310.0,1314.0,1551.0,409.0,3,0,19.0,2.302585092994046
Aadhi Raat,1950.0,115.0,"Drama, Romance",6.7,9.0,2327.0,562.0,950.0,1248.0,3,1,7.0,2.302585092994046
Aadmi,1968.0,175.0,"Drama, Romance",6.8,196.0,0.0,657.0,2827.0,1412.0,3,1,7.0,5.2832037287379885
Aadmi,1993.0,153.0,"Action, Crime, Drama",6.5,97.0,334.0,118.0,2765.0,348.0,3,1,0.0,4.584967478670572
Aadmi Aur Apsara,1991.0,142.0,Fantasy,6.7,66.0,1011.0,962.0,537.0,207.0,3,0,9.0,4.204692619390966
Aadmi Aur Insaan,1969.0,168.0,"Drama, Romance, Thriller",6.2,149.0,3106.0,631.0,2129.0,795.0,3,1,7.0,5.0106352940962555
Aadmi Khilona Hai,1993.0,158.0,"Drama, Romance",5.0,142.0,1011.0,919.0,1998.0,868.0,3,1,7.0,4.962844630259907
Aadmi Ki Aurat Aur Anya Kahaniya,2009.0,78.0,Drama,7.6,62.0,195.0,375.0,485.0,803.0,3,0,7.0,4.143134726391533
Aadmi Sadak Ka,1977.0,138.0,"Drama, Family",5.4,34.0,680.0,2084.0,2775.0,3045.0,3,1,7.0,3.5553480614894135
Aadupuliyattam,2016.0,145.0,Horror,4.2,266.0,1231.0,910.0,1950.0,1746.0,3,0,11.0,5.58724865840025
Aafat,1977.0,148.0,"Crime, Drama",5.3,17.0,406.0,1425.0,1188.0,1052.0,3,1,5.0,2.8903717578961645
Aag,1948.0,138.0,"Musical, Romance",7.4,357.0,2010.0,1400.0,1026.0,1690.0,3,1,13.0,5.8805329864007
Aag,1967.0,,"Action, Drama",6.2,29.0,1674.0,714.0,1455.0,59.0,3,1,0.0,3.4011973816621555
Aag,1994.0,139.0,"Action, Comedy, Drama",4.6,227.0,1159.0,767.0,2357.0,2625.0,3,1,0.0,5.429345628954441
Aag Andhi Aur Toofan,1994.0,,"Action, Thriller",3.1,11.0,1233.0,197.0,1448.0,1209.0,3,1,0.0,2.4849066497880004
Aag Aur Chingari,1994.0,133.0,Action,4.1,13.0,1233.0,171.0,274.0,427.0,3,0,0.0,2.6390573296152584
Aag Aur Daag,1970.0,,"Action, Comedy, Drama",3.7,14.0,5.0,945.0,1718.0,1429.0,3,1,0.0,2.70805020110221
Aag Aur Shola,1986.0,,"Action, Drama, Romance",4.1,42.0,1146.0,919.0,2488.0,1375.0,3,1,0.0,3.7612001156935624
Aag Hi Aag,1987.0,170.0,Action,5.3,93.0,2616.0,631.0,2325.0,1544.0,3,0,0.0,4.543294782270004
Aag Ka Dariya,1990.0,,Action,4.2,22.0,2351.0,411.0,1900.0,1756.0,3,0,0.0,3.1354942159291497
Aag Ka Gola,1990.0,180.0,"Action, Drama",4.8,101.0,629.0,2270.0,629.0,340.0,3,1,0.0,4.624972813284271
Aag Ka Toofaan,1993.0,137.0,Action,4.8,21.0,1233.0,631.0,2111.0,427.0,3,0,0.0,3.091042453358316
Aag Ke Sholay,1988.0,138.0,"Action, Thriller",3.4,7.0,2340.0,497.0,819.0,2674.0,3,1,0.0,2.0794415416798357
Aag Laga Do Sawan Ko,1991.0,,"Drama, Romance",5.7,7.0,292.0,1811.0,1140.0,901.0,3,1,7.0,2.0794415416798357
Aag Se Khelenge,1989.0,151.0,Action,5.0,52.0,2730.0,468.0,949.0,249.0,3,0,0.0,3.970291913552122
Aagaah: The Warning,2011.0,,"Drama, Horror, Thriller",3.6,23.0,1252.0,838.0,195.0,3049.0,3,1,7.0,3.1780538303479458
Aage Badho,1947.0,,Drama,6.0,6.0,3109.0,616.0,1226.0,1195.0,3,0,7.0,1.9459101490553132
Aage Ki Soch,1988.0,,Comedy,4.8,30.0,615.0,2050.0,840.0,625.0,3,0,4.0,3.4339872044851463
Aage Maut Peeche Maut,2001.0,78.0,Horror,3.1,7.0,18.0,1134.0,2781.0,2437.0,3,0,11.0,2.0794415416798357
Aagey Se Right,2009.0,117.0,"Comedy, Crime, Drama",5.0,381.0,984.0,2121.0,1248.0,1168.0,3,1,4.0,5.945420608606575
Aaghaaz,2000.0,153.0,"Action, Crime, Drama",4.2,274.0,3116.0,2266.0,2584.0,1605.0,3,1,0.0,5.616771097666572
Aagman,1982.0,,Drama,4.8,8.0,1622.0,1247.0,448.0,2013.0,3,0,7.0,2.1972245773362196
Aah,1953.0,150.0,"Drama, Musical, Romance",7.2,275.0,2032.0,1400.0,1853.0,2940.0,3,1,7.0,5.62040086571715
Aahat - Ek Ajeeb Kahani,1971.0,,Thriller,6.4,10.0,1305.0,902.0,1940.0,703.0,3,0,18.0,2.3978952727983707
Aahuti,1978.0,135.0,"Action, Drama",6.0,25.0,386.0,1695.0,2321.0,2040.0,3,1,0.0,3.258096538021482
Aaina,1993.0,149.0,"Drama, Romance",6.0,448.0,656.0,870.0,982.0,212.0,3,1,7.0,6.1070228877422545
Aaina,1977.0,150.0,Drama,6.8,94.0,1145.0,1357.0,1889.0,1.0,3,0,7.0,4.553876891600541
Aaina,1944.0,,"Drama, Romance",3.2,5.0,2334.0,832.0,2529.0,860.0,3,1,7.0,1.791759469228055
Aaj,1987.0,116.0,Drama,5.5,281.0,1422.0,1667.0,2436.0,1971.0,3,0,7.0,5.641907070938114
Aaj Aur Kal,1947.0,,"Comedy, Sci-Fi",4.1,8.0,1291.0,1429.0,2409.0,2097.0,3,1,4.0,2.1972245773362196
Aaj Aur Kal,1963.0,144.0,"Drama, Romance",5.6,52.0,2976.0,376.0,2549.0,1607.0,3,1,7.0,3.970291913552122
Aaj Ka Aladdin,1935.0,,Unknown,6.0,5.0,1648.0,2385.0,2681.0,2853.0,0,0,19.0,1.791759469228055
Aaj Ka Andha Kanoon,2003.0,46.0,Action,3.1,15.0,194.0,2231.0,1791.0,169.0,3,0,0.0,2.772588722239781
Aaj Ka Arjun,1990.0,164.0,"Action, Crime, Drama",4.7,586.0,1171.0,206.0,934.0,1945.0,3,1,0.0,6.375024819828097
Aaj Ka Daur,1985.0,153.0,"Action, Drama",5.1,40.0,1146.0,870.0,1647.0,1715.0,3,1,0.0,3.713572066704308
Aaj Ka Gang Leader,1993.0,,Action,5.6,29.0,1309.0,461.0,537.0,1938.0,3,0,0.0,3.4011973816621555
Aaj Ka Goonda Raaj,1992.0,147.0,"Action, Thriller",5.3,144.0,2222.0,550.0,1357.0,1965.0,3,1,0.0,4.976733742420574
Aaj Ka Gunda,2001.0,,"Action, Thriller",4.7,23.0,1233.0,631.0,1410.0,2438.0,3,1,0.0,3.1780538303479458
Aaj Ka Gunda Raaj,2006.0,,Action,6.0,46.0,1420.0,2325.0,772.0,1481.0,3,0,0.0,3.8501476017100584
Aaj Ka Laawaris,2006.0,,Action,5.7,17.0,327.0,874.0,720.0,2923.0,3,0,0.0,2.8903717578961645
Aaj Ka Mahaatma,1976.0,170.0,"Action, Romance",3.5,23.0,1356.0,1763.0,2003.0,2081.0,3,1,0.0,3.1780538303479458
Aaj Ka Nanha Farishta,2000.0,,"Action, Crime, Thriller",5.8,8.0,1890.0,861.0,2765.0,1965.0,3,1,0.0,2.1972245773362196
Aaj Ka Ravan,2000.0,128.0,"Action, Crime",4.3,31.0,1258.0,1304.0,722.0,2577.0,3,1,0.0,3.4657359027997265
Aaj Ka Samson,1991.0,123.0,"Action, Romance",3.1,14.0,1337.0,810.0,2124.0,855.0,3,1,0.0,2.70805020110221
Aaj Ka Ye Ghar,1976.0,,Drama,4.5,10.0,2824.0,913.0,2387.0,2199.0,3,0,7.0,2.3978952727983707
Aaj Kaa M.L.A. Ram Avtar,1984.0,157.0,"Action, Drama",5.8,65.0,1668.0,1702.0,2263.0,692.0,3,1,0.0,4.189654742026425
Aaj Ke Angaarey,1988.0,128.0,"Action, Drama",5.0,26.0,453.0,2486.0,819.0,340.0,3,1,0.0,3.295836866004329
Aaj Ke Shahenshah,1990.0,132.0,Action,3.3,15.0,2616.0,919.0,1852.0,615.0,3,0,0.0,2.772588722239781
Aaj Ke Sholey,1985.0,,Adventure,5.3,37.0,2351.0,909.0,1296.0,207.0,3,0,1.0,3.6375861597263857
Aaj Ki Awaz,1984.0,137.0,"Action, Drama, Crime",5.6,79.0,2212.0,1667.0,2436.0,2100.0,3,1,0.0,4.382026634673881
Aaj Ki Taaza Khabar,1973.0,,Comedy,7.3,88.0,2063.0,1638.0,1099.0,947.0,3,0,4.0,4.48863636973214
Aaj Kie Aurat,1993.0,,"Action, Drama",3.8,14.0,418.0,919.0,629.0,2685.0,3,1,0.0,2.70805020110221
Aaja Meri Jaan,1993.0,162.0,Romance,4.4,30.0,1277.0,1077.0,2627.0,2449.0,3,0,15.0,3.4339872044851463
Aaja Nachle,2007.0,137.0,"Drama, Family, Music",6.2,2998.0,260.0,1167.0,564.0,1951.0,3,1,7.0,8.00603417874901
Aaja Sanam,1968.0,121.0,"Drama, Romance",6.7,14.0,3124.0,714.0,2623.0,692.0,3,1,7.0,2.70805020110221
Aaja Sanam,1994.0,,"Drama, Romance",3.3,7.0,1583.0,529.0,1137.0,2070.0,3,1,7.0,2.0794415416798357
Aakhir Kaun Thi Woh?,2000.0,,"Action, Mystery, Thriller",4.4,5.0,472.0,1667.0,1992.0,2653.0,3,1,0.0,1.791759469228055
Aakhir Kyon?,1985.0,,Drama,6.6,158.0,1011.0,1702.0,2436.0,2040.0,3,0,7.0,5.0689042022202315
Aakhree Raasta,1986.0,164.0,"Action, Crime, Drama",7.1,1283.0,491.0,206.0,2488.0,1039.0,3,1,0.0,7.157735484249907
Aakhri Adaalat,1988.0,148.0,"Action, Thriller",5.2,78.0,2101.0,2487.0,629.0,988.0,3,1,0.0,4.3694478524670215
Aakhri Baazi,1989.0,149.0,"Action, Drama, Family",4.1,53.0,356.0,2084.0,1436.0,868.0,3,1,0.0,3.9889840465642745
Aakhri Badla,1989.0,120.0,"Action, Crime, Drama",5.0,21.0,1452.0,2360.0,2844.0,38.0,3,1,0.0,3.091042453358316
Aakhri Cheekh,1991.0,,Horror,4.8,47.0,1295.0,2452.0,930.0,2653.0,3,0,11.0,3.871201010907891
Aakhri Daao,1975.0,,"Action, Crime, Drama",5.5,29.0,5.0,919.0,2129.0,1753.0,3,1,0.0,3.4011973816621555
Aakhri Daku,1978.0,,Action,5.6,21.0,1867.0,1763.0,2791.0,2136.0,3,0,0.0,3.091042453358316
Aakhri Dao,1958.0,,Comedy,6.4,16.0,1425.0,1490.0,2344.0,1057.0,3,0,4.0,2.833213344056216
Aakhri Ghulam,1989.0,171.0,"Action, Crime, Drama",4.9,34.0,2616.0,1304.0,2465.0,312.0,3,1,0.0,3.5553480614894135
Aakhri Goli,1977.0,,Action,4.8,18.0,2616.0,2262.0,1188.0,789.0,3,0,0.0,2.9444389791664403
Aakhri Insaaf,1980.0,,"Action, Mystery",4.9,10.0,1203.0,1304.0,2762.0,409.0,3,1,0.0,2.3978952727983707
Aakhri Inteqam,2002.0,,Action,2.5,16.0,2070.0,2231.0,251.0,194.0,3,0,0.0,2.833213344056216
Aakhri Kasam,1979.0,126.0,"Action, Thriller",6.3,7.0,731.0,1750.0,2793.0,3035.0,3,1,0.0,2.0794415416798357
Aakhri Khat,1966.0,153.0,Drama,6.9,122.0,591.0,1702.0,868.0,1430.0,3,0,7.0,4.812184355372417
Aakhri Sangam,1990.0,160.0,"Action, Romance",7.3,39.0,1631.0,1407.0,1602.0,433.0,3,1,0.0,3.6888794541139363
Aakhri Sanghursh,1997.0,138.0,Action,2.8,17.0,1670.0,2452.0,1002.0,1555.0,3,0,0.0,2.8903717578961645
Aakraman,1975.0,139.0,"Drama, History, Romance",6.3,44.0,1011.0,376.0,2202.0,2040.0,3,1,7.0,3.8066624897703196
Aakrosh,1980.0,144.0,"Crime, Drama, Music",7.9,887.0,861.0,1405.0,2436.0,207.0,3,1,5.0,6.78897174299217
Aakrosh,2010.0,115.0,"Action, Crime, Thriller",7.0,3464.0,1924.0,108.0,116.0,541.0,3,1,0.0,8.150467911624004
Aakrosh: Cyclone of Anger,1998.0,,"Action, Crime, Drama",4.6,93.0,1370.0,2266.0,2357.0,850.0,3,1,0.0,4.543294782270004
Aalaap,2012.0,116.0,Sci-Fi,5.4,26.0,1469.0,1497.0,1698.0,197.0,3,0,16.0,3.295836866004329
Aalavandhan,2001.0,177.0,"Action, Thriller",7.2,2192.0,2829.0,982.0,1980.0,1393.0,3,1,0.0,7.693025748417888
Aalwar,2007.0,152.0,Action,3.0,922.0,589.0,126.0,370.0,3002.0,3,0,0.0,6.827629234502852
Aamaar Bhuvan,2018.0,107.0,"Drama, Family",7.7,72.0,1594.0,2000.0,1498.0,1231.0,3,1,7.0,4.290459441148391
Aamdani Atthanni Kharcha Rupaiya,2001.0,150.0,"Comedy, Drama, Family",4.8,1238.0,1156.0,5.0,763.0,1090.0,3,1,4.0,7.122059881629142
Aamir,2008.0,99.0,"Action, Crime, Drama",7.7,10862.0,2014.0,1693.0,82.0,2900.0,3,1,0.0,9.293117798433752
Aamne - Saamne,1967.0,163.0,"Crime, Mystery, Romance",6.5,81.0,2819.0,2082.0,2312.0,1872.0,3,1,5.0,4.406719247264253
Aamne Samne,1982.0,143.0,"Action, Crime, Drama",6.4,53.0,356.0,1304.0,468.0,365.0,3,1,0.0,3.9889840465642745
Aamras: The Sweet Taste of Friendship,2009.0,,Drama,5.8,60.0,2301.0,2427.0,1624.0,1321.0,3,0,7.0,4.110873864173311
Aan Aur Shaan,1984.0,130.0,Drama,6.4,37.0,2225.0,1835.0,1436.0,2449.0,3,0,7.0,3.6375861597263857
Aan Baan,1972.0,,Drama,6.1,28.0,1867.0,1695.0,1921.0,1256.0,3,0,7.0,3.367295829986474
Aan Baan,1956.0,,Romance,2.8,5.0,611.0,118.0,1484.0,1355.0,3,0,15.0,1.791759469228055
Aan Milo Sajna,1970.0,177.0,"Drama, Musical, Romance",6.4,211.0,1607.0,1702.0,337.0,2981.0,3,1,7.0,5.356586274672012
Aan: Men at Work,2004.0,149.0,"Action, Crime, Drama",5.7,2907.0,1412.0,145.0,2325.0,2715.0,3,1,0.0,7.97522083865341
Aanch,2003.0,160.0,Drama,5.6,102.0,2084.0,343.0,2499.0,1819.0,3,0,7.0,4.634728988229636
Aanchal,1980.0,138.0,"Action, Drama, Family",6.4,58.0,254.0,1702.0,1921.0,2136.0,3,1,0.0,4.07753744390572
Aanchal,1960.0,,"Drama, Family",4.9,8.0,2976.0,376.0,1603.0,1607.0,3,1,7.0,2.1972245773362196
Aanchal Ke Phool,1968.0,,Drama,5.7,6.0,1257.0,1932.0,1026.0,683.0,3,0,7.0,1.9459101490553132
Aandhi,1975.0,133.0,"Drama, Romance",8.1,1406.0,869.0,2229.0,2202.0,1747.0,3,1,7.0,7.249215057114389
Aandhi Aur Toofan,1964.0,,"Action, Adventure, Romance",6.0,8.0,1557.0,575.0,1455.0,1137.0,3,1,0.0,2.1972245773362196
Aandhi-Toofan,1985.0,144.0,Drama,6.1,49.0,453.0,2082.0,818.0,637.0,3,0,7.0,3.912023005428146
Aandhiyan,1952.0,136.0,Drama,7.4,30.0,591.0,616.0,1596.0,1123.0,3,0,7.0,3.4339872044851463
Aandhiyan,1990.0,145.0,Drama,4.8,38.0,629.0,1357.0,1736.0,1340.0,3,0,7.0,3.6635616461296463
Aangan,1959.0,,"Music, Romance",6.6,31.0,1740.0,89.0,155.0,2134.0,3,1,12.0,3.4657359027997265
Aangan Ki Kali,1979.0,,"Drama, Family",5.6,5.0,923.0,1734.0,1169.0,1876.0,3,1,7.0,1.791759469228055
Aani Maani,2019.0,94.0,Drama,6.6,15.0,762.0,709.0,1792.0,1678.0,3,0,7.0,2.772588722239781
Aankh Micholi,1972.0,,Family,6.0,6.0,2168.0,1734.0,455.0,1745.0,3,0,8.0,1.9459101490553132
Aankhein: The Third Eye,2004.0,,Action,7.4,15.0,1682.0,1900.0,2490.0,2853.0,2,0,0.0,2.772588722239781
Aankhen,1993.0,170.0,"Action, Comedy, Crime",6.7,1898.0,629.0,767.0,549.0,1965.0,3,1,0.0,7.549082710812286
Aankhen,1950.0,,"Drama, Family",7.2,6.0,680.0,2091.0,448.0,1600.0,3,1,7.0,1.9459101490553132
Aankhen,2002.0,165.0,"Crime, Drama, Thriller",7.4,12574.0,3062.0,206.0,114.0,2756.0,3,1,5.0,9.43946599496794
Aankhon Aankhon Mein,1972.0,154.0,"Drama, Romance",6.4,28.0,1990.0,1735.0,1920.0,59.0,3,1,7.0,3.367295829986474
Aansoo Aur Muskan,1970.0,150.0,"Comedy, Drama, Family",6.5,24.0,1756.0,809.0,1668.0,992.0,3,1,4.0,3.2188758248682006
Aao Pyaar Karen,1964.0,,"Drama, Romance",6.2,15.0,1963.0,945.0,2129.0,2339.0,3,1,7.0,2.772588722239781
Aao Pyaar Karen,1994.0,141.0,Romance,4.2,160.0,2236.0,1925.0,2357.0,2615.0,3,0,15.0,5.081404364984463
Aao Wish Karein,2009.0,140.0,"Comedy, Family, Fantasy",5.1,584.0,843.0,86.0,12.0,2104.0,3,1,4.0,6.371611847231857
Aap Aye Bahaar Ayee,1971.0,119.0,"Comedy, Drama, Romance",6.6,80.0,1565.0,1695.0,2112.0,1872.0,3,1,4.0,4.394449154672439
Aap Beati,1976.0,145.0,"Drama, Family",5.7,32.0,1565.0,2082.0,818.0,409.0,3,1,7.0,3.4965075614664802
Aap Ke Deewane,1980.0,,Romance,5.8,204.0,2823.0,919.0,2029.0,2817.0,3,0,15.0,5.3230099791384085
Aap Ke Saath,1986.0,,Drama,5.7,49.0,1011.0,2165.0,207.0,2104.0,3,0,7.0,3.912023005428146
Aap Ki Kasam,1974.0,153.0,"Romance, Drama",7.0,420.0,1011.0,1702.0,1455.0,2339.0,3,1,15.0,6.042632833682381
Aap Ki Khatir,1977.0,115.0,"Action, Comedy, Drama",6.3,27.0,2750.0,2487.0,2003.0,1586.0,3,1,0.0,3.332204510175204
Aap Ki Khatir,2006.0,122.0,"Comedy, Romance",3.6,863.0,693.0,148.0,1785.0,178.0,3,1,4.0,6.761572768804055
Aap Ki Parchhaiyan,1964.0,128.0,"Drama, Family, Romance",6.3,39.0,1565.0,631.0,2562.0,2940.0,3,1,7.0,3.6888794541139363
Aap Mujhe Achche Lagne Lage,2002.0,180.0,"Action, Drama, Romance",3.1,2366.0,3035.0,830.0,153.0,1209.0,3,1,0.0,7.769378609513984
Aap To Aise Na The,1980.0,145.0,"Romance, Drama, Family",5.6,38.0,187.0,1667.0,1964.0,665.0,3,1,15.0,3.6635616461296463
Aapa Akka,2009.0,,Drama,6.0,10.0,1446.0,2172.0,2241.0,2853.0,2,0,7.0,2.3978952727983707
Aapas Ki Baat,1981.0,148.0,"Action, Romance",5.2,17.0,918.0,1555.0,1852.0,2438.0,3,1,0.0,2.8903717578961645
Aapko Pehle Bhi Kahin Dekha Hai,2003.0,145.0,"Action, Comedy, Drama",4.5,273.0,289.0,1623.0,2137.0,789.0,3,1,0.0,5.6131281063880705
Aaplee Maanse,1992.0,,Drama,6.4,12.0,2463.0,1581.0,1410.0,2675.0,3,0,7.0,2.5649493574615367
Aar Paar,1985.0,125.0,Action,6.1,44.0,2563.0,1304.0,2075.0,2871.0,3,0,0.0,3.8066624897703196
Aar Ya Paar,1997.0,180.0,Thriller,6.1,230.0,1279.0,870.0,581.0,2171.0,3,0,18.0,5.442417710521793
Aarakshan,2011.0,164.0,"Drama, Thriller",6.2,5170.0,1864.0,206.0,2126.0,1407.0,3,1,7.0,8.550821372396221
Aaram,1951.0,,Romance,6.8,40.0,611.0,616.0,1230.0,2775.0,3,0,15.0,3.713572066704308
Aaravalli,1957.0,210.0,Horror,5.9,7.0,2972.0,2385.0,2681.0,2853.0,0,0,11.0,2.0794415416798357
Aarop,1974.0,129.0,Drama,6.7,13.0,406.0,2487.0,2129.0,2982.0,3,0,7.0,2.6390573296152584
Aar-Paar,1954.0,146.0,"Musical, Romance, Thriller",6.6,250.0,879.0,2142.0,784.0,995.0,3,1,13.0,5.5254529391317835
Aarti,1962.0,156.0,"Family, Musical, Romance",6.6,67.0,1824.0,376.0,1355.0,1831.0,3,1,8.0,4.219507705176107
Aarya,2007.0,157.0,"Action, Drama, Romance",4.6,191.0,460.0,470.0,1220.0,1840.0,3,1,0.0,5.2574953720277815
Aarzoo,1999.0,175.0,"Drama, Romance",5.4,1445.0,1373.0,1167.0,114.0,2271.0,3,1,7.0,7.27655640271871
Aas,1953.0,,Romance,5.1,13.0,680.0,989.0,2344.0,1745.0,3,0,15.0,2.6390573296152584
Aas Ka Panchhi,1961.0,,"Family, Drama",6.8,32.0,1565.0,2510.0,1882.0,1973.0,3,1,8.0,3.4965075614664802
Aas Paas,1981.0,,Romance,5.8,107.0,1011.0,631.0,818.0,1872.0,3,0,15.0,4.68213122712422
Aasha,1957.0,171.0,"Comedy, Romance",6.5,23.0,1403.0,2510.0,1110.0,1845.0,3,1,4.0,3.1780538303479458
Aasha,1980.0,123.0,"Drama, Musical, Romance",5.3,199.0,1011.0,919.0,1998.0,2060.0,3,1,7.0,5.298317366548036
Aashayein,2010.0,120.0,Drama,7.1,1259.0,1650.0,937.0,189.0,850.0,3,0,7.0,7.138866999945524
Aashiana,1986.0,,Drama,2.6,11.0,1422.0,200.0,1330.0,675.0,3,0,7.0,2.4849066497880004
Aashik Aawara,1993.0,,Drama,5.2,299.0,2934.0,1925.0,1268.0,1520.0,3,0,7.0,5.703782474656201
Aashiq,1962.0,150.0,Romance,6.7,64.0,962.0,1670.0,1645.0,1607.0,3,0,15.0,4.174387269895637
Aashiq,2001.0,160.0,"Action, Drama, Romance",3.8,403.0,980.0,508.0,1065.0,1956.0,3,1,0.0,6.0014148779611505
Aashiq Banaya Aapne: Love Takes Over,2005.0,115.0,"Drama, Romance, Thriller",4.3,1569.0,85.0,693.0,2624.0,2637.0,3,1,7.0,7.358830898342354
Aashiq Hoon Baharon Ka,1977.0,136.0,Romance,5.5,85.0,1011.0,1702.0,2864.0,637.0,3,0,15.0,4.454347296253507
Aashique Mastane,1995.0,,Comedy,6.2,13.0,118.0,1264.0,2765.0,1520.0,3,0,4.0,2.6390573296152584
Aashiqui,1990.0,152.0,"Musical, Drama, Romance",6.3,1661.0,1422.0,1659.0,249.0,442.0,3,1,13.0,7.415776975415394
Aashiqui 2,2013.0,132.0,"Drama, Music, Musical",7.0,27357.0,1581.0,81.0,2382.0,2416.0,3,1,7.0,10.21676426964939
Aashiqui.In,2011.0,109.0,"Drama, Romance",3.7,61.0,2577.0,2132.0,165.0,1866.0,3,1,7.0,4.127134385045092
Aashirwad,1968.0,146.0,Drama,7.3,203.0,962.0,376.0,2202.0,2707.0,3,0,7.0,5.318119993844216
Aashmani Jawaharat,2014.0,132.0,Drama,6.1,10.0,2717.0,227.0,190.0,3039.0,3,0,7.0,2.3978952727983707
Aasma,2018.0,105.0,"Action, Crime, Drama",5.2,8.0,2759.0,2227.0,154.0,2722.0,3,1,0.0,2.1972245773362196
Aasma: The Sky Is the Limit,2009.0,240.0,Drama,3.8,46.0,2277.0,829.0,2257.0,1632.0,3,0,7.0,3.8501476017100584
Aasmaan,1984.0,145.0,"Drama, Mystery",4.8,12.0,2916.0,1714.0,646.0,2817.0,3,1,7.0,2.5649493574615367
Aasmaan Mahal,1965.0,172.0,Drama,5.5,6.0,1291.0,1612.0,625.0,2733.0,3,0,7.0,1.9459101490553132
Aasmaan Se Gira,1992.0,88.0,"Adventure, Comedy, Romance",6.8,56.0,1785.0,48.0,1836.0,312.0,3,1,1.0,4.04305126783455
Aasoo Bane Angaarey,1993.0,150.0,Action,4.5,88.0,1535.0,919.0,1234.0,1209.0,3,0,0.0,4.48863636973214
Aasra,1966.0,161.0,"Drama, Family",7.2,32.0,2519.0,1181.0,474.0,481.0,3,1,7.0,3.4965075614664802
Aastha: In the Prison of Spring,1997.0,132.0,Drama,6.4,172.0,474.0,1818.0,1632.0,728.0,3,0,7.0,5.153291594497779
Aatank,1996.0,113.0,"Action, Thriller",3.9,99.0,1910.0,615.0,1472.0,703.0,3,1,0.0,4.605170185988092
Aatank Hi Aatank,1995.0,155.0,"Action, Crime, Drama",5.2,776.0,719.0,1711.0,11.0,1090.0,3,1,0.0,6.655440350367647
Aathi,2006.0,167.0,"Action, Drama, Thriller",4.4,2166.0,2163.0,942.0,2663.0,3002.0,3,1,0.0,7.681099001536359
Aatish,1979.0,139.0,Action,4.5,16.0,187.0,919.0,1559.0,705.0,3,0,0.0,2.833213344056216
Aatish: Feel the Fire,1994.0,155.0,"Action, Crime, Drama",5.8,735.0,2450.0,1969.0,63.0,2107.0,3,1,0.0,6.601230118728877
Aatma,2006.0,107.0,"Crime, Drama, Horror",4.2,79.0,653.0,1005.0,2264.0,2964.0,3,1,5.0,4.382026634673881
Aatma,2013.0,100.0,"Drama, Horror, Thriller",3.8,623.0,2815.0,880.0,471.0,1752.0,3,1,7.0,6.436150368369428
Aavida Maa Aavide,1998.0,153.0,"Comedy, Romance",6.4,170.0,751.0,1378.0,2607.0,918.0,3,1,4.0,5.14166355650266
Aavishkar,1974.0,107.0,"Drama, Romance",7.0,213.0,474.0,1702.0,2312.0,723.0,3,1,7.0,5.365976015021851
Aawaz,1956.0,146.0,Romance,5.1,7.0,3135.0,1384.0,1511.0,2865.0,3,0,15.0,2.0794415416798357
Aawaz De Kahan Hai,1990.0,,"Drama, Romance",3.7,7.0,2669.0,495.0,240.0,2386.0,3,1,7.0,2.0794415416798357
Aaya Toofan,1964.0,128.0,"Action, Adventure, Fantasy",6.1,14.0,1557.0,1041.0,563.0,919.0,3,1,0.0,2.70805020110221
Aaya Toofan,1999.0,111.0,Action,5.4,31.0,648.0,1304.0,63.0,877.0,3,0,0.0,3.4657359027997265
Aaye Din Bahar Ke,1966.0,170.0,"Musical, Romance",6.6,109.0,1990.0,368.0,607.0,481.0,3,1,13.0,4.700480365792417
Aazaan,2011.0,125.0,"Action, Musical, Thriller",4.4,346.0,1881.0,1894.0,497.0,380.0,3,1,0.0,5.849324779946859
Aazmayish,1995.0,147.0,"Action, Drama, Romance",5.0,35.0,2368.0,1895.0,2057.0,703.0,3,1,0.0,3.58351893845611
Ab Ayega Mazaa,1984.0,128.0,Comedy,6.6,85.0,1785.0,1794.0,1862.0,1790.0,3,0,4.0,4.454347296253507
Ab Dilli Dur Nahin,1957.0,133.0,Drama,7.6,80.0,183.0,1259.0,2530.0,1281.0,3,0,7.0,4.394449154672439
Ab Hoga Dharna Unlimited,2012.0,78.0,Comedy,4.0,6.0,657.0,2016.0,2005.0,1749.0,3,0,4.0,1.9459101490553132
Ab Insaf Hoga,1995.0,125.0,"Action, Drama",4.8,32.0,914.0,1818.0,1401.0,669.0,3,1,0.0,3.4965075614664802
Ab Ke Baras,2002.0,,"Action, Romance, Thriller",3.3,198.0,2009.0,358.0,181.0,418.0,3,1,0.0,5.293304824724492
Ab Kya Hoga,1977.0,,"Mystery, Thriller",4.8,24.0,2356.0,2084.0,1559.0,427.0,3,1,14.0,3.2188758248682006
Ab Meri Baari,1989.0,,Action,5.1,8.0,489.0,810.0,2510.0,1202.0,3,0,0.0,2.1972245773362196
Ab Tak Chhappan,2004.0,129.0,"Action, Crime, Drama",7.8,8379.0,2620.0,1389.0,2012.0,3030.0,3,1,0.0,9.033603193476129
Ab Tak Chhappan 2,2015.0,106.0,"Action, Crime, Thriller",5.8,1344.0,754.0,1389.0,1404.0,872.0,3,1,0.0,7.20414929203594
Ab To Aaja Saajan Mere,1994.0,127.0,"Drama, Romance",4.0,6.0,2132.0,1042.0,324.0,2443.0,3,1,7.0,1.9459101490553132
Ab Tumhare Hawale Watan Saathiyo,2004.0,193.0,"Action, Drama, War",4.6,1494.0,264.0,1976.0,173.0,136.0,3,1,0.0,7.3098814858247865
Ab... Bas!,2004.0,137.0,"Romance, Thriller",3.2,74.0,2077.0,541.0,2327.0,366.0,3,1,15.0,4.31748811353631
ABCD (Any Body Can Dance),2013.0,160.0,"Drama, Music",6.3,6458.0,2244.0,1561.0,723.0,1188.0,3,1,7.0,8.773229786032473
Abdullah,1980.0,136.0,"Action, Drama, Romance",6.4,189.0,2454.0,1670.0,2197.0,2339.0,3,1,0.0,5.247024072160486
Abe Hayat,1933.0,,Drama,2.8,10.0,1325.0,156.0,419.0,1648.0,3,0,7.0,2.3978952727983707
Abe Hayat,1955.0,140.0,"Action, Adventure, Fantasy",4.8,21.0,2167.0,1603.0,155.0,2478.0,3,1,0.0,3.091042453358316
Abhay,1995.0,127.0,Fantasy,7.0,64.0,279.0,270.0,440.0,759.0,3,0,9.0,4.174387269895637
Abhi To Jee Lein,1977.0,135.0,"Action, Drama, Thriller",5.4,10.0,2294.0,902.0,562.0,2586.0,3,1,0.0,2.3978952727983707
Abhilasha,1968.0,141.0,"Drama, Romance",6.8,24.0,193.0,1273.0,1493.0,2332.0,3,1,7.0,3.2188758248682006
Abhimaan,1957.0,,"Drama, Family, Romance",7.1,10.0,1425.0,188.0,2344.0,584.0,3,1,7.0,2.3978952727983707
Abhimaan,1973.0,122.0,"Drama, Musical",7.9,2665.0,962.0,206.0,933.0,427.0,3,1,7.0,7.888334500738654
Abhimanyu,1980.0,,Unknown,3.2,8.0,1422.0,2385.0,2681.0,2853.0,0,0,19.0,2.1972245773362196
Abhimanyu,1991.0,140.0,"Crime, Drama, Musical",7.0,326.0,1924.0,1316.0,2298.0,109.0,3,1,5.0,5.7899601708972535
Abhimanyu,1989.0,168.0,"Action, Comedy, Drama",4.6,28.0,2916.0,250.0,1096.0,1816.0,3,1,0.0,3.367295829986474
Abhinetri,1970.0,154.0,"Drama, Romance",6.7,70.0,2736.0,2082.0,818.0,654.0,3,1,7.0,4.2626798770413155
Abhishap,1986.0,,Drama,7.1,8.0,533.0,1774.0,574.0,2641.0,3,0,7.0,2.1972245773362196
Abhishapt,2011.0,,Drama,7.0,6.0,1786.0,661.0,2724.0,1976.0,3,0,7.0,1.9459101490553132
Abodh,1984.0,132.0,Drama,5.8,109.0,950.0,2339.0,1234.0,2488.0,3,0,7.0,4.700480365792417
Abroo,1943.0,,Unknown,3.1,7.0,862.0,2163.0,1170.0,995.0,3,0,19.0,2.0794415416798357
Accident on Hill Road,2010.0,105.0,"Crime, Drama, Thriller",4.0,284.0,1430.0,707.0,501.0,42.0,3,1,5.0,5.652489180268651
Achanak,1973.0,96.0,"Crime, Drama",6.8,213.0,869.0,2487.0,1633.0,1305.0,3,1,5.0,5.365976015021851
Achanak,1998.0,160.0,"Action, Mystery, Thriller",4.0,245.0,1676.0,767.0,1290.0,785.0,3,1,0.0,5.5053315359323625
Achha Bura,1983.0,,Drama,6.7,25.0,962.0,211.0,1962.0,1965.0,3,0,7.0,3.258096538021482
Achhut Kanya,1936.0,142.0,"Drama, Musical, Romance",6.5,114.0,787.0,626.0,358.0,1534.0,3,1,7.0,4.74493212836325
Acid Factory,2009.0,108.0,"Action, Crime, Mystery",5.0,677.0,2815.0,700.0,617.0,1407.0,3,1,0.0,6.519147287940395
Action,2019.0,158.0,"Action, Adventure, Thriller",4.5,858.0,2785.0,2495.0,2614.0,99.0,3,1,0.0,6.755768921984255
Action Jackson,2014.0,144.0,"Action, Crime, Thriller",3.3,3461.0,1847.0,1559.0,90.0,2619.0,3,1,0.0,8.149601735736155
Action Replayy,2010.0,129.0,"Comedy, Romance, Sci-Fi",4.2,5814.0,3062.0,145.0,85.0,80.0,3,1,4.0,8.668196064952765
Actress,1948.0,,Unknown,6.2,5.0,1652.0,580.0,2000.0,2853.0,2,0,19.0,1.791759469228055
Ada... A Way of Life,2010.0,120.0,"Action, Crime, Drama",3.6,49.0,2883.0,413.0,390.0,1961.0,3,1,0.0,3.912023005428146
Adalat,1958.0,139.0,"Drama, Musical, Romance",6.9,36.0,1203.0,1400.0,1723.0,1845.0,3,1,7.0,3.6109179126442243
Adalat,1976.0,138.0,"Action, Drama, Family",6.4,284.0,1670.0,206.0,2827.0,1669.0,3,1,0.0,5.652489180268651
Adam Ka Janam,1989.0,,Drama,5.5,6.0,2441.0,2279.0,2681.0,2853.0,1,0,7.0,1.9459101490553132
Adharm,1992.0,,"Action, Crime, Drama",5.1,66.0,429.0,2084.0,2263.0,2330.0,3,1,0.0,4.204692619390966
Adharm,2006.0,,Action,5.3,11.0,80.0,1652.0,1351.0,2184.0,3,0,0.0,2.4849066497880004
Adhi Raat Ke Baad,1965.0,137.0,"Action, Drama, Mystery",6.6,28.0,1658.0,376.0,1837.0,2272.0,3,1,0.0,3.367295829986474
Adhikar,1954.0,126.0,"Comedy, Drama, Romance",6.7,13.0,1567.0,2393.0,1110.0,3029.0,3,1,4.0,2.6390573296152584
Adhikar,1986.0,,"Drama, Family, Romance",6.2,38.0,601.0,2445.0,1889.0,2817.0,3,1,7.0,3.6635616461296463
Adhikar,1971.0,,Drama,4.9,21.0,2333.0,376.0,1493.0,654.0,3,0,7.0,3.091042453358316
Adhipathi,2001.0,151.0,"Action, Drama",5.4,533.0,2221.0,1378.0,122.0,1502.0,3,1,0.0,6.280395838960195
Adhura Sapna,2007.0,88.0,Drama,4.7,11.0,3043.0,2324.0,1906.0,2106.0,3,0,7.0,2.4849066497880004
Adhurs,2010.0,150.0,"Action, Comedy, Thriller",6.8,2393.0,2965.0,1374.0,1538.0,2487.0,3,1,0.0,7.780720886117918
Adi Shankaracharya,1983.0,130.0,"Biography, Drama",7.3,240.0,799.0,1998.0,1209.0,1403.0,3,1,3.0,5.484796933490655
Adil-E-Jahangir,1955.0,150.0,Drama,5.0,8.0,795.0,1563.0,1355.0,624.0,3,0,7.0,2.1972245773362196
Adisaya Piravi,1990.0,145.0,"Action, Comedy, Fantasy",6.9,335.0,2339.0,1711.0,533.0,998.0,3,1,0.0,5.817111159963204
Admissions Open,2010.0,,"Comedy, Drama",3.3,51.0,1173.0,296.0,347.0,361.0,3,1,4.0,3.9512437185814275
Adrishya,2017.0,106.0,"Drama, Family, Horror",3.3,102.0,2430.0,1468.0,288.0,2113.0,3,1,7.0,4.634728988229636
Adutha Varisu,1983.0,122.0,Drama,5.5,76.0,2339.0,1711.0,2488.0,2894.0,3,0,7.0,4.343805421853684
Adventure Kids Hindi Film,2019.0,120.0,Adventure,6.6,12.0,1494.0,2301.0,1545.0,1828.0,3,0,1.0,2.5649493574615367
Adventures of Aladdin,1978.0,151.0,Adventure,4.7,7.0,955.0,1432.0,946.0,2123.0,3,0,1.0,2.0794415416798357
Adventures of Ali-Baba and the Forty Thieves,1980.0,153.0,"Action, Adventure, Family",6.2,506.0,1371.0,2384.0,607.0,920.0,3,1,0.0,6.2285110035911835
Adventures of Tarzan,1985.0,135.0,"Action, Adventure, Comedy",4.6,140.0,453.0,1051.0,559.0,1747.0,3,1,0.0,4.948759890378168
Adwait Sangeet,2011.0,82.0,"Documentary, Biography, Musical",7.9,13.0,1439.0,2385.0,2681.0,2853.0,0,1,6.0,2.6390573296152584
Ae Dil Hai Mushkil,2016.0,158.0,"Drama, Music, Musical",5.8,21661.0,1247.0,1760.0,85.0,321.0,3,1,7.0,9.983314852395683
Aetbaar,2004.0,152.0,"Action, Drama, Musical",4.6,1013.0,3035.0,206.0,969.0,541.0,3,1,0.0,6.921658184151129
Aflatoon,1997.0,153.0,"Action, Comedy, Crime",4.5,1261.0,865.0,145.0,2689.0,312.0,3,1,0.0,7.140453043101158
Africadalli Sheela,1986.0,134.0,"Adventure, Thriller",6.6,18.0,648.0,230.0,2124.0,461.0,3,1,1.0,2.9444389791664403
Afsana,1966.0,134.0,"Drama, Romance",6.5,12.0,546.0,376.0,1723.0,1754.0,3,1,7.0,2.5649493574615367
Afsana,1951.0,168.0,"Drama, Family",7.8,57.0,446.0,376.0,2730.0,1057.0,3,1,7.0,4.060443010546419
Afsana Dilwalon Ka,2001.0,195.0,"Drama, Romance",3.6,1025.0,1011.0,26.0,984.0,1961.0,3,1,7.0,6.933423025730715
Afsana Pyar Ka,1991.0,145.0,"Drama, Romance",5.9,783.0,1400.0,18.0,1547.0,668.0,3,1,7.0,6.664409020350408
Afsar,1950.0,121.0,"Comedy, Romance",7.1,19.0,591.0,616.0,2564.0,2221.0,3,1,4.0,2.995732273553991
After the Third Bell,2014.0,92.0,"Crime, Mystery",6.3,43.0,114.0,2380.0,100.0,2689.0,3,1,5.0,3.784189633918261
Agar Tum Na Hote,1983.0,161.0,"Drama, Family",6.4,152.0,1380.0,1702.0,2003.0,1965.0,3,1,7.0,5.030437921392435
Agar... If,1977.0,,Drama,6.4,27.0,759.0,213.0,2859.0,1110.0,3,0,7.0,3.332204510175204
Agathiyar,1972.0,153.0,"Adventure, Comedy, Drama",6.6,30.0,15.0,2316.0,897.0,687.0,3,1,1.0,3.4339872044851463
Agent Vinod,1977.0,139.0,"Action, Crime, Drama",5.7,84.0,646.0,1169.0,338.0,948.0,3,1,0.0,4.442651256490317
Agent Vinod,2012.0,157.0,"Action, Adventure, Thriller",5.2,7210.0,2719.0,1023.0,2126.0,1988.0,3,1,0.0,8.88336291691676
Aggar: Passion Betrayal Terror,2007.0,,"Romance, Thriller",4.0,281.0,239.0,2376.0,2672.0,2544.0,3,1,15.0,5.641907070938114
Aghaat,1985.0,138.0,"Drama, Crime",7.1,120.0,861.0,1494.0,450.0,1767.0,3,1,7.0,4.795790545596741
Agnee,1988.0,153.0,"Action, Drama, Romance",5.1,29.0,1011.0,1304.0,549.0,212.0,3,1,0.0,3.4011973816621555
Agnee Morcha,1997.0,142.0,Action,3.1,14.0,2118.0,310.0,472.0,703.0,3,0,0.0,2.70805020110221
Agneekaal,1990.0,161.0,"Action, Crime, Drama",5.6,26.0,38.0,1251.0,1345.0,2247.0,3,1,0.0,3.295836866004329
Agneepath,1990.0,174.0,"Action, Crime, Drama",7.7,8500.0,1606.0,206.0,1401.0,1325.0,3,1,0.0,9.04793908261736
Agneepath,2012.0,174.0,"Action, Crime, Drama",6.9,22895.0,1250.0,830.0,1785.0,2330.0,3,1,0.0,10.038717501796231
Agni IPS,1997.0,137.0,Action,7.8,33.0,229.0,1996.0,2127.0,2089.0,3,0,0.0,3.5263605246161616
Agni Pankh,2004.0,,"Action, Drama, Romance",4.5,108.0,2471.0,931.0,2158.0,1956.0,3,1,0.0,4.6913478822291435
Agni Pareeksha,1981.0,130.0,"Crime, Drama",6.0,22.0,1213.0,213.0,1668.0,2060.0,3,1,5.0,3.1354942159291497
Agni Rekha,1973.0,,Drama,7.3,9.0,1425.0,1980.0,2305.0,2276.0,3,0,7.0,2.302585092994046
Agni Sakshi,1996.0,142.0,"Drama, Musical, Romance",6.1,684.0,1804.0,870.0,1490.0,1393.0,3,1,7.0,6.529418838262226
Agnichakra,1997.0,123.0,Action,3.6,53.0,1277.0,204.0,1510.0,868.0,3,0,0.0,3.9889840465642745
Agniputra,2000.0,140.0,Action,4.6,24.0,3020.0,389.0,1401.0,1798.0,3,0,0.0,3.2188758248682006
Agnivarsha: The Fire and the Rain,2002.0,126.0,"Drama, Fantasy, Romance",4.6,361.0,326.0,870.0,1149.0,2107.0,3,1,7.0,5.8916442118257715
Agra Road,1957.0,,"Comedy, Romance, Thriller",4.8,5.0,2234.0,2049.0,2748.0,1607.0,3,1,4.0,1.791759469228055
Agreement,1980.0,124.0,"Musical, Comedy, Drama",6.2,19.0,254.0,1818.0,2700.0,2433.0,3,1,13.0,2.995732273553991
Agyaat,2009.0,130.0,"Drama, Horror, Mystery",2.9,620.0,2146.0,1475.0,1787.0,2102.0,3,1,7.0,6.431331081933479
Ahaan,2019.0,81.0,"Comedy, Drama",7.2,213.0,1713.0,320.0,1586.0,58.0,3,1,4.0,5.365976015021851
Ahankaar,1995.0,145.0,Drama,5.9,53.0,356.0,1304.0,1268.0,1872.0,3,0,7.0,3.9889840465642745
Ahinsa,1979.0,103.0,"Action, Drama",4.1,10.0,565.0,2262.0,2003.0,2081.0,3,1,0.0,2.3978952727983707
Ahista Ahista,1981.0,141.0,"Musical, Romance",7.0,45.0,759.0,1530.0,2570.0,371.0,3,1,13.0,3.828641396489095
Ahista Ahista,2006.0,122.0,"Drama, Romance",7.0,1491.0,2633.0,34.0,2446.0,2483.0,3,1,7.0,7.307872780763706
Ahsaas,1979.0,144.0,"Drama, Romance",5.7,38.0,2832.0,2082.0,2426.0,2038.0,3,1,7.0,3.6635616461296463
Airlift,2016.0,130.0,"Drama, History",8.0,53897.0,2031.0,145.0,1597.0,1258.0,3,1,7.0,10.894848650457261
Aisa Kyon Hota Hai?,2006.0,,"Action, Crime, Drama",3.9,21.0,116.0,1786.0,160.0,861.0,3,1,0.0,3.091042453358316
Aisa Pyar Kahan,1986.0,,"Drama, Romance",6.3,36.0,3022.0,919.0,934.0,1494.0,3,1,7.0,3.6109179126442243
Aisa Yeh Jahaan,2015.0,120.0,Drama,6.6,52.0,535.0,2529.0,876.0,2820.0,3,0,7.0,3.970291913552122
Aisaa Kyon,2003.0,,Thriller,3.7,7.0,440.0,1748.0,2548.0,442.0,3,0,18.0,2.0794415416798357
Aisha,2010.0,126.0,"Comedy, Drama, Romance",5.0,3953.0,2117.0,2188.0,30.0,211.0,3,1,4.0,8.282483003730562
Aisi Bhi Kya Jaldi Hai,1996.0,132.0,"Comedy, Romance",6.6,68.0,2368.0,1895.0,2108.0,3007.0,3,1,4.0,4.23410650459726
Aisi Deewangi,2009.0,125.0,"Action, Comedy, Drama",4.1,7.0,40.0,1999.0,1753.0,1765.0,3,1,0.0,2.0794415416798357
Aitbaar,1985.0,133.0,"Romance, Thriller",6.9,149.0,1606.0,1667.0,629.0,637.0,3,1,15.0,5.0106352940962555
Aitraaz,2004.0,160.0,"Drama, Romance, Thriller",6.6,9721.0,38.0,1251.0,114.0,1171.0,3,1,7.0,9.1821466376054
Aiyaary,2018.0,157.0,"Action, Drama, Thriller",5.3,4167.0,1696.0,2155.0,1305.0,2045.0,3,1,0.0,8.335191583433202
Aiyyaa,2012.0,152.0,"Comedy, Romance",4.4,1765.0,2366.0,1767.0,1770.0,1713.0,3,1,4.0,7.476472381163905
Ajab Gazabb Love,2012.0,116.0,"Comedy, Romance",4.2,520.0,2448.0,871.0,1584.0,643.0,3,1,4.0,6.255750041753367
Ajab Prem Ki Ghazab Kahani,2009.0,150.0,"Action, Comedy, Romance",6.4,13194.0,2109.0,1760.0,1073.0,643.0,3,1,0.0,9.487593248937424
Ajab Singh Ki Gajab Kahani,2017.0,115.0,Drama,5.8,52.0,2256.0,113.0,2767.0,2003.0,3,0,7.0,3.970291913552122
Ajanabee,1974.0,139.0,"Drama, Romance",6.5,174.0,2563.0,1702.0,2864.0,1872.0,3,1,7.0,5.1647859739235145
Ajay,1996.0,146.0,"Action, Drama, Romance",3.7,187.0,2789.0,2270.0,1065.0,2130.0,3,1,0.0,5.236441962829949
Ajeeb Daastaans,2021.0,142.0,"Drama, Romance",6.7,4133.0,1695.0,1040.0,2318.0,1974.0,3,1,7.0,8.327000740241713
Ajeeb Dastaan Hai Yeh,1992.0,,Drama,4.7,11.0,1011.0,2455.0,1549.0,2167.0,3,0,7.0,2.4849066497880004
Ajeeb Itefaq,1989.0,,"Crime, Mystery, Thriller",5.5,12.0,1137.0,1425.0,1409.0,2943.0,3,1,5.0,2.5649493574615367
Aji Bas Shukriya,1958.0,,"Comedy, Drama, Musical",6.1,11.0,1557.0,740.0,2568.0,1082.0,3,1,4.0,2.4849066497880004
Ajji,2017.0,104.0,Drama,6.9,973.0,675.0,2296.0,2438.0,2467.0,3,0,7.0,6.881411303642535
Ajnabee,2001.0,165.0,"Action, Crime, Drama",6.4,8164.0,38.0,1251.0,114.0,550.0,3,1,0.0,9.007612005404566
Ajnabi Saaya,1998.0,,Horror,2.7,9.0,1889.0,1066.0,2527.0,504.0,3,0,11.0,2.302585092994046
Ajooba,1991.0,178.0,"Action, Adventure, Comedy",5.3,1214.0,2595.0,748.0,173.0,722.0,3,1,0.0,7.102499355774649
Ajooba Kudrat Ka,1991.0,,"Action, Adventure, Fantasy",4.8,29.0,2665.0,2370.0,819.0,1397.0,3,1,0.0,3.4011973816621555
AK 47,2004.0,125.0,"Action, Thriller",5.0,39.0,1976.0,76.0,2334.0,1746.0,3,1,0.0,3.6888794541139363
AK vs AK,2020.0,108.0,"Action, Comedy, Crime",6.9,12429.0,3040.0,250.0,263.0,2628.0,3,1,0.0,9.427868184504756
Akaash Vani,2013.0,149.0,"Drama, Romance",6.3,1857.0,1388.0,1027.0,1626.0,2724.0,3,1,7.0,7.527255919373784
Akalmand,1984.0,,"Comedy, Romance, Thriller",5.7,40.0,1635.0,376.0,949.0,2650.0,3,1,4.0,3.713572066704308
Akalmand,1966.0,,Comedy,7.4,5.0,2537.0,836.0,1110.0,2631.0,3,0,4.0,1.791759469228055
Akarshan,1988.0,,Romance,4.8,26.0,2884.0,134.0,2479.0,850.0,3,0,15.0,3.295836866004329
Akashdeep,1965.0,136.0,Drama,6.6,32.0,1824.0,631.0,1375.0,409.0,3,0,7.0,3.4965075614664802
Akayla,1991.0,180.0,"Action, Drama, Thriller",5.0,421.0,2181.0,206.0,900.0,212.0,3,1,0.0,6.045005314036012
Akbar Saleem Anarkali,1979.0,139.0,"Drama, History, Musical",7.7,38.0,1636.0,1373.0,1494.0,2854.0,3,1,7.0,3.6635616461296463
Akela the Alone,2014.0,58.0,Thriller,5.5,10.0,73.0,66.0,2061.0,574.0,3,0,18.0,2.3978952727983707
Akele Hum Akele Tum,1995.0,160.0,Drama,7.0,4780.0,1501.0,18.0,1290.0,1425.0,3,0,7.0,8.472405008626103
Akeli,1999.0,165.0,Romance,5.6,11.0,3056.0,1542.0,1497.0,562.0,3,0,15.0,2.4849066497880004
Akeli Mat Jaiyo,1963.0,,"Comedy, Romance",6.3,21.0,1664.0,1273.0,1882.0,88.0,3,1,4.0,3.091042453358316
Akhiyon Se Goli Maare,2002.0,146.0,"Comedy, Romance",5.1,881.0,918.0,767.0,1980.0,1110.0,3,1,4.0,6.782192056006791
Akhri Muqabla,1989.0,132.0,"Action, Drama",5.3,13.0,2744.0,2082.0,1869.0,2742.0,3,1,0.0,2.6390573296152584
Aks,2001.0,184.0,"Action, Crime, Horror",5.8,1627.0,2140.0,206.0,1980.0,1407.0,3,1,0.0,7.395107546562485
Aksar,2006.0,135.0,"Drama, Romance, Thriller",4.8,1152.0,239.0,693.0,2672.0,729.0,3,1,7.0,7.050122520269059
Aksar 2,2017.0,127.0,"Crime, Drama, Mystery",3.6,417.0,239.0,2546.0,740.0,1303.0,3,1,5.0,6.035481432524756
Alaap,1977.0,160.0,"Drama, Musical",6.7,327.0,962.0,206.0,2003.0,606.0,3,1,7.0,5.793013608384144
Aladdin and the Wonderful Lamp,1952.0,144.0,"Adventure, Fantasy",5.9,15.0,955.0,1176.0,1355.0,2231.0,3,1,1.0,2.772588722239781
Aladin,2009.0,132.0,"Action, Adventure, Comedy",4.6,2839.0,2765.0,206.0,2195.0,2169.0,3,1,0.0,7.951559331155252
Alag Alag,1985.0,174.0,"Family, Musical, Romance",6.4,86.0,2563.0,1702.0,2321.0,2817.0,3,1,8.0,4.465908118654584
Alag: He Is Different.... He Is Alone...,2006.0,123.0,"Action, Drama, Fantasy",3.8,1172.0,390.0,144.0,617.0,3034.0,3,1,0.0,7.067319848653476
Alajh Palajh,2019.0,136.0,Comedy,6.9,7.0,2943.0,2456.0,2696.0,1536.0,3,0,4.0,2.0794415416798357
Alakh Niranjan,1975.0,,Fantasy,7.4,22.0,458.0,1373.0,2713.0,2053.0,3,0,9.0,3.1354942159291497
Alam Ara,1973.0,124.0,Drama,6.8,8.0,1665.0,1431.0,98.0,1758.0,3,0,7.0,2.1972245773362196
Alavuddinum Athbutha Vilakkum,1979.0,144.0,"Adventure, Drama, Fantasy",6.6,161.0,969.0,982.0,1897.0,1041.0,3,1,1.0,5.087596335232384
Albela,2001.0,145.0,"Comedy, Drama, Romance",3.7,737.0,656.0,767.0,85.0,988.0,3,1,4.0,6.6039438246004725
Albela,1951.0,158.0,"Comedy, Drama, Musical",7.0,82.0,1515.0,740.0,1335.0,473.0,3,1,4.0,4.418840607796598
Albela,1971.0,,Drama,6.0,6.0,6.0,1288.0,317.0,1998.0,3,0,7.0,1.9459101490553132
Albert Pinto Ko Gussa Kyon Ata Hai,1980.0,110.0,"Comedy, Drama, Romance",7.5,428.0,2376.0,1405.0,2263.0,2599.0,3,1,4.0,6.061456918928017
Albert Pinto Ko Gussa Kyun Aata Hai?,2019.0,100.0,Drama,5.5,349.0,2701.0,1192.0,1498.0,173.0,3,0,7.0,5.857933154483459
Alex's Strip,2019.0,109.0,Drama,5.9,37.0,993.0,104.0,79.0,2190.0,3,0,7.0,3.6375861597263857
Ali Baba and 40 Thieves,1966.0,154.0,"Adventure, Fantasy, Romance",6.4,14.0,955.0,1980.0,1164.0,650.0,3,1,1.0,2.70805020110221
Alibaba,1940.0,,Unknown,6.0,5.0,1529.0,2285.0,750.0,3015.0,3,0,19.0,1.791759469228055
Alibaba and 40 Thieves,1954.0,145.0,"Action, Adventure, Drama",6.2,46.0,955.0,2049.0,1251.0,460.0,3,1,0.0,3.8501476017100584
Alibaba Aur 40 Chor,2004.0,,"Action, Adventure, Drama",4.4,30.0,2794.0,423.0,489.0,739.0,3,1,0.0,3.4339872044851463
Alibaba Aur Chalis Chor,1932.0,,Unknown,3.4,5.0,1014.0,2385.0,2681.0,2853.0,0,0,19.0,1.791759469228055
Alibaba Marjinaa,1977.0,163.0,"Action, Adventure",6.7,27.0,1269.0,2389.0,472.0,992.0,3,1,0.0,3.332204510175204
Alif,2017.0,120.0,Drama,6.5,137.0,3131.0,1439.0,1687.0,512.0,3,0,7.0,4.927253685157205
Alif Laila,1933.0,,Fantasy,7.2,37.0,466.0,2065.0,438.0,3062.0,3,0,9.0,3.6375861597263857
Alif-Laila,1953.0,135.0,Fantasy,6.3,11.0,1142.0,1460.0,336.0,1845.0,3,0,9.0,2.4849066497880004
Aligarh,2015.0,114.0,"Biography, Drama",7.8,6402.0,900.0,1224.0,1905.0,405.0,3,1,3.0,8.764521909518802
All Is Well,2015.0,126.0,"Comedy, Drama, Romance",3.8,1513.0,2935.0,1835.0,42.0,424.0,3,1,4.0,7.322510433997394
All Ladies Do It,2020.0,97.0,Thriller,7.9,384.0,150.0,135.0,87.0,2952.0,3,0,18.0,5.953243334287785
All Rounder,1984.0,128.0,"Action, Drama",4.8,31.0,1565.0,1099.0,1975.0,2982.0,3,1,0.0,3.4657359027997265
All the Best: Fun Begins,2009.0,144.0,"Action, Comedy, Drama",6.2,5786.0,2281.0,1969.0,90.0,784.0,3,1,0.0,8.663369301573839
Allah Ke Banday,2010.0,123.0,"Action, Crime, Drama",6.1,303.0,776.0,2417.0,2801.0,2960.0,3,1,0.0,5.717027701406222
Allah Meharban To Gadha Pehalwan,1997.0,149.0,Comedy,4.3,7.0,2233.0,2541.0,2286.0,1110.0,3,0,4.0,2.0794415416798357
Allah-Rakha,1986.0,160.0,"Action, Drama",5.4,132.0,1278.0,870.0,2297.0,3014.0,3,1,0.0,4.890349128221754
Alone,2015.0,133.0,Horror,3.7,1622.0,516.0,498.0,1054.0,2690.0,3,0,11.0,7.392031567514591
Aloo Chaat,2009.0,,"Comedy, Drama, Romance",5.8,907.0,2267.0,86.0,12.0,1306.0,3,1,4.0,6.811244378601294
Always Kabhi Kabhi,2011.0,126.0,"Comedy, Crime, Drama",4.0,1295.0,2293.0,1136.0,2239.0,148.0,3,1,4.0,7.16703787691222
Amaanat,1977.0,,"Drama, Family",6.1,24.0,2600.0,1230.0,2112.0,481.0,3,1,7.0,3.2188758248682006
Amaanat,1994.0,140.0,"Action, Drama",4.7,552.0,2019.0,1969.0,114.0,918.0,3,1,0.0,6.315358001522335
Aman,1967.0,152.0,"Adventure, Drama, Romance",6.5,41.0,1565.0,1695.0,2129.0,481.0,3,1,1.0,3.7376696182833684
Aman Ke Farishtey,2016.0,137.0,Action,6.6,23.0,1196.0,2192.0,596.0,548.0,3,0,0.0,3.1780538303479458
Amanat,1955.0,,"Drama, Family",7.1,15.0,315.0,463.0,504.0,1624.0,3,1,7.0,2.772588722239781
Amanush,1975.0,153.0,"Drama, Family",7.0,232.0,2563.0,2399.0,2312.0,1876.0,3,1,7.0,5.4510384535657
Amar,1954.0,149.0,"Drama, Musical, Romance",6.8,162.0,1529.0,1165.0,1596.0,717.0,3,1,7.0,5.093750200806762
Amar Deep,1958.0,148.0,"Musical, Romance",6.6,38.0,2862.0,616.0,2824.0,1754.0,3,1,13.0,3.6635616461296463
Amar Deep,1979.0,,"Drama, Romance",6.9,66.0,1951.0,963.0,1889.0,2982.0,3,1,7.0,4.204692619390966
Amar Joshi Shahid Ho Gaya,2005.0,,Comedy,5.6,17.0,2114.0,2266.0,1910.0,2482.0,3,0,4.0,2.8903717578961645
Amar Jyoti,1936.0,166.0,Drama,6.1,17.0,2579.0,684.0,2299.0,2902.0,3,0,7.0,2.8903717578961645
Amar Prem,1948.0,,Drama,8.0,39.0,1633.0,1157.0,1853.0,1333.0,3,0,7.0,3.6888794541139363
Amar Prem,1960.0,,Unknown,7.2,6.0,2168.0,2105.0,1127.0,2396.0,3,0,19.0,1.9459101490553132
Amar Prem,1972.0,143.0,"Drama, Musical, Romance",8.2,1592.0,2563.0,1702.0,2312.0,2686.0,3,1,7.0,7.373374309910049
Amar Prem,2020.0,143.0,Drama,4.4,25.0,2880.0,534.0,1159.0,2678.0,3,0,7.0,3.258096538021482
Amar Rahe Ye Pyar,1961.0,121.0,Drama,6.5,14.0,1846.0,1695.0,1484.0,1607.0,3,0,7.0,2.70805020110221
Amar Shakti,1978.0,133.0,"Action, Adventure, Comedy",4.9,16.0,918.0,2082.0,2325.0,2692.0,3,1,0.0,2.833213344056216
"Amar, Akbar and Anthony",1977.0,184.0,"Action, Comedy, Drama",7.5,7336.0,1482.0,2487.0,2029.0,199.0,3,1,0.0,8.900685318713995
Amavas,2019.0,134.0,"Horror, Thriller",2.8,308.0,516.0,155.0,123.0,3001.0,3,1,11.0,5.733341276897746
Amavas Ki Raat,1990.0,,Horror,3.1,18.0,1560.0,1783.0,1918.0,2712.0,3,0,11.0,2.9444389791664403
Amba,1990.0,153.0,Family,4.2,41.0,1565.0,2030.0,207.0,1452.0,3,0,8.0,3.7376696182833684
Ambe Maa Jagdambe Maa,1980.0,,"Comedy, Drama, Family",5.3,6.0,2766.0,1121.0,2846.0,2746.0,3,1,4.0,1.9459101490553132
Amber,1952.0,141.0,"Action, Adventure, Drama",6.9,65.0,1071.0,1400.0,1853.0,88.0,3,1,0.0,4.189654742026425
Amber,1985.0,,Romance,5.8,11.0,1878.0,1563.0,261.0,2060.0,3,0,15.0,2.4849066497880004
Amdavad Junction,2013.0,95.0,Mystery,4.4,16.0,311.0,1853.0,891.0,881.0,3,0,14.0,2.833213344056216
Ameer Aadmi Gharib Aadmi,1985.0,,Drama,5.4,19.0,212.0,206.0,2864.0,1934.0,3,0,7.0,2.995732273553991
American Desi,2001.0,100.0,"Comedy, Drama, Romance",6.6,1585.0,1829.0,587.0,2067.0,1917.0,3,1,4.0,7.368970402194793
Amir Garib,1974.0,140.0,"Action, Thriller",6.6,90.0,1565.0,616.0,818.0,1874.0,3,1,0.0,4.51085950651685
Amir Salman Shahrukh,2016.0,,Comedy,5.5,12.0,685.0,1913.0,1915.0,2853.0,2,0,4.0,2.5649493574615367
Amiri Garibi,1990.0,155.0,Family,4.9,47.0,918.0,919.0,2003.0,2165.0,3,0,8.0,3.871201010907891
Amit Sahni Ki List,2014.0,110.0,"Comedy, Romance",5.4,347.0,109.0,2492.0,2736.0,255.0,3,1,4.0,5.8522024797744745
Amma,2002.0,,"Drama, Crime",6.2,6.0,3108.0,2055.0,484.0,447.0,3,1,7.0,1.9459101490553132
Amma,1986.0,135.0,Drama,6.2,11.0,1103.0,1735.0,1401.0,2742.0,3,0,7.0,2.4849066497880004
Amma Nagamma,2001.0,110.0,"Drama, Fantasy, Thriller",5.6,7.0,555.0,628.0,1147.0,1875.0,3,1,7.0,2.0794415416798357
Ammaa Ki Boli,2021.0,117.0,"Comedy, Drama",8.1,871.0,1666.0,1974.0,836.0,1426.0,3,1,4.0,6.77078942390898
Ammayi Kosam,2001.0,,Drama,5.6,45.0,1612.0,1272.0,2788.0,2595.0,3,0,7.0,3.828641396489095
Amrapali,1966.0,119.0,"Musical, Fantasy",6.6,194.0,1380.0,2510.0,2549.0,1874.0,3,1,13.0,5.272999558563747
Amrit,1986.0,137.0,"Drama, Family",7.0,169.0,1565.0,1702.0,2436.0,371.0,3,1,7.0,5.135798437050262
Amu,2005.0,102.0,Drama,7.3,856.0,2642.0,1074.0,2839.0,564.0,3,0,7.0,6.75343791859778
An Engineered Dream,2018.0,72.0,Documentary,8.4,11.0,933.0,2385.0,2681.0,2853.0,0,0,6.0,2.4849066497880004
An Evening in Paris,1967.0,168.0,"Musical, Romance, Thriller",6.9,328.0,2563.0,2058.0,2312.0,2360.0,3,1,13.0,5.796057750765372
An Indian Day,1968.0,57.0,Documentary,7.1,25.0,2317.0,2385.0,2681.0,2853.0,0,0,6.0,3.258096538021482
An Insignificant Man,2016.0,96.0,"Documentary, Thriller",8.7,1928.0,1290.0,2479.0,325.0,2389.0,3,1,6.0,7.564757012905729
Anaam,1992.0,,"Action, Drama, Mystery",6.1,29.0,2177.0,335.0,390.0,1209.0,3,1,0.0,3.4011973816621555
Anaarkali of Aarah,2017.0,113.0,Drama,5.9,1636.0,414.0,1516.0,2591.0,2333.0,3,0,7.0,7.400620577371135
Anamika,1973.0,125.0,"Mystery, Romance, Musical",7.1,278.0,1990.0,1980.0,933.0,948.0,3,1,14.0,5.631211781821365
Anamika: The Untold Story,2008.0,,"Drama, Romance, Thriller",3.4,251.0,239.0,665.0,1388.0,1227.0,3,1,7.0,5.529429087511423
Anand,1971.0,122.0,"Drama, Musical",8.3,31937.0,962.0,1702.0,173.0,2707.0,3,1,7.0,10.371551802400813
Anand Aur Anand,1984.0,,"Family, Drama, Romance",6.1,38.0,670.0,616.0,2544.0,1965.0,3,1,8.0,3.6635616461296463
Anand Math,1952.0,176.0,"Biography, Drama, History",7.6,85.0,941.0,1612.0,744.0,2079.0,3,1,3.0,4.454347296253507
Ananda Ashram,1977.0,127.0,"Drama, Family",7.1,140.0,2563.0,376.0,2701.0,2464.0,3,1,7.0,4.948759890378168
Anantyatra,1985.0,,Drama,7.0,19.0,1081.0,1376.0,2511.0,2189.0,3,0,7.0,2.995732273553991
Anari,1959.0,166.0,"Comedy, Drama, Musical",7.9,740.0,962.0,1670.0,1628.0,1286.0,3,1,4.0,6.608000625296087
Anari,1993.0,171.0,"Comedy, Drama, Romance",4.8,429.0,1152.0,1735.0,2737.0,1175.0,3,1,4.0,6.063785208687608
Anari,1975.0,144.0,"Drama, Romance",6.2,36.0,399.0,2082.0,2312.0,1544.0,3,1,7.0,3.6109179126442243
Anari No. 1,1999.0,169.0,Comedy,5.0,636.0,1338.0,767.0,1980.0,2588.0,3,0,4.0,6.456769655572163
Anarkali,1953.0,175.0,"History, Musical, Romance",7.2,72.0,1664.0,492.0,1723.0,1248.0,3,1,10.0,4.290459441148391
Anatomy of Violence,2016.0,93.0,"Crime, Drama",5.4,54.0,643.0,2414.0,2643.0,1012.0,3,1,5.0,4.007333185232471
Andaaz,2003.0,145.0,"Drama, Musical, Romance",5.3,2359.0,2009.0,145.0,1177.0,1899.0,3,1,7.0,7.7664168980196555
Andar Baahar,1984.0,,"Action, Thriller",5.4,146.0,2019.0,250.0,900.0,637.0,3,1,0.0,4.990432586778736
Andaz,1949.0,148.0,"Musical, Drama, Crime",7.2,498.0,1529.0,1400.0,622.0,2877.0,3,1,13.0,6.212606095751519
Andaz,1971.0,166.0,"Drama, Romance",6.7,275.0,2181.0,2058.0,1889.0,920.0,3,1,7.0,5.62040086571715
Andaz,1994.0,167.0,"Action, Comedy, Drama",4.4,402.0,629.0,250.0,982.0,1175.0,3,1,0.0,5.998936561946683
Andaz Apna Apna,1994.0,160.0,"Action, Comedy, Romance",8.1,50810.0,2109.0,18.0,2150.0,2107.0,3,1,0.0,10.835868145559232
Andha Bichar,1990.0,148.0,"Action, Drama",6.8,16.0,2563.0,1304.0,1273.0,2782.0,3,1,0.0,2.833213344056216
Andha Insaaf,1993.0,,"Action, Crime",6.2,9.0,739.0,2385.0,2681.0,2853.0,0,1,0.0,2.302585092994046
Andha Oru Nimidam,1985.0,144.0,"Action, Crime, Drama",6.8,53.0,1438.0,982.0,2691.0,3021.0,3,1,0.0,3.9889840465642745
Andhaa Kaanoon,1983.0,155.0,"Action, Drama",6.1,666.0,2160.0,206.0,1897.0,920.0,3,1,0.0,6.502790045915623
Andhaa Yudh,1987.0,,"Drama, Thriller",7.3,72.0,631.0,1667.0,2825.0,2882.0,3,1,7.0,4.290459441148391
Andhadhun,2018.0,139.0,"Crime, Drama, Music",8.2,77901.0,2719.0,421.0,2607.0,1943.0,3,1,5.0,11.26320690547022
Andher Gardi,1990.0,,"Action, Drama",6.0,8.0,385.0,1667.0,1096.0,2653.0,3,1,0.0,2.1972245773362196
Andhera,1975.0,110.0,"Crime, Drama, Thriller",5.1,30.0,2665.0,2370.0,2160.0,2892.0,3,1,5.0,3.4339872044851463
Andhera,1994.0,,"Drama, Horror, Romance",4.0,6.0,130.0,240.0,212.0,246.0,3,1,7.0,1.9459101490553132
Andheri Raat Mein Diya Tere Haath Mein,1986.0,129.0,"Comedy, Drama",6.8,56.0,615.0,565.0,2695.0,723.0,3,1,4.0,4.04305126783455
Andhi Gali,1984.0,152.0,"Drama, Thriller",5.5,13.0,549.0,612.0,1242.0,244.0,3,1,7.0,2.6390573296152584
Andolan,1995.0,165.0,"Action, Comedy, Drama",5.0,249.0,429.0,861.0,2454.0,740.0,3,1,0.0,5.521460917862246
Angaar,1992.0,176.0,"Action, Crime, Drama",6.4,297.0,2598.0,870.0,629.0,1606.0,3,1,0.0,5.697093486505405
Angaar: The Fire,2002.0,,Action,3.6,10.0,118.0,2473.0,1952.0,1987.0,3,0,0.0,2.3978952727983707
Angaara,1996.0,127.0,"Action, Crime",4.3,30.0,254.0,1901.0,2569.0,922.0,3,1,0.0,3.4339872044851463
Angaaray,1998.0,141.0,"Action, Crime, Drama",5.3,793.0,1422.0,145.0,1473.0,1805.0,3,1,0.0,6.677083461247136
Angaaray,1986.0,,"Adventure, Crime, Romance",5.8,39.0,2088.0,1702.0,2436.0,1965.0,3,1,1.0,3.6888794541139363
Angarey,1954.0,,Drama,7.2,6.0,1169.0,1406.0,1506.0,1106.0,3,0,7.0,1.9459101490553132
Angel,2011.0,114.0,"Action, Drama",6.3,84.0,807.0,2254.0,313.0,1931.0,3,1,0.0,4.442651256490317
Angoor,1982.0,131.0,Comedy,8.3,4924.0,869.0,1980.0,1436.0,692.0,3,0,4.0,8.502079553606189
Angoor,2005.0,106.0,Drama,6.1,53.0,1233.0,1985.0,1893.0,194.0,3,0,7.0,3.9889840465642745
Angrakshak,1995.0,116.0,"Action, Romance",4.4,167.0,2222.0,2270.0,1707.0,2061.0,3,1,0.0,5.123963979403259
Angrezi Medium,2020.0,145.0,"Comedy, Drama",7.3,11700.0,953.0,853.0,1828.0,1171.0,3,1,4.0,9.367429587218957
Angry Indian Goddesses,2015.0,121.0,"Comedy, Drama",7.0,2749.0,1780.0,1989.0,1913.0,2321.0,3,1,4.0,7.919356190660617
Angry Young Man,2014.0,,Action,5.2,9.0,2179.0,1364.0,163.0,406.0,3,0,0.0,2.302585092994046
Angulimaal,1960.0,153.0,"Action, Adventure, Drama",6.1,28.0,3005.0,1460.0,448.0,261.0,3,1,0.0,3.367295829986474
Anhonee,1952.0,155.0,"Drama, Romance, Thriller",7.2,77.0,1291.0,1400.0,1853.0,88.0,3,1,7.0,4.356708826689592
Anhonee,1973.0,127.0,"Drama, Romance, Thriller",7.1,40.0,2225.0,1980.0,1188.0,1753.0,3,1,7.0,3.713572066704308
Anita,1967.0,154.0,"Musical, Thriller, Mystery",6.4,120.0,2012.0,1902.0,1308.0,947.0,3,1,13.0,4.795790545596741
Anjaam,1968.0,,"Action, Adventure",5.9,7.0,2624.0,714.0,2278.0,1716.0,3,1,0.0,2.0794415416798357
Anjaam,1978.0,,"Action, Crime, Drama",5.8,10.0,1303.0,1993.0,1940.0,805.0,3,1,0.0,2.3978952727983707
Anjaam,1987.0,136.0,Thriller,5.3,12.0,2860.0,1682.0,1667.0,2472.0,3,0,18.0,2.5649493574615367
Anjaam,1994.0,170.0,"Drama, Thriller",6.9,6093.0,2005.0,1167.0,2270.0,2820.0,3,1,7.0,8.715059959545654
Anjaam,2007.0,,Thriller,6.1,63.0,239.0,693.0,2669.0,2853.0,2,0,18.0,4.1588830833596715
Anjaan,2005.0,,"Drama, Thriller",2.5,52.0,900.0,1168.0,2799.0,8.0,3,1,7.0,3.970291913552122
Anjaan Raahen,1974.0,,"Drama, Comedy",6.5,19.0,1563.0,714.0,337.0,126.0,3,1,7.0,2.995732273553991
Anjaana,1969.0,152.0,Romance,5.6,48.0,1565.0,1695.0,411.0,1845.0,3,0,15.0,3.8918202981106265
Anjaana Anjaani,2010.0,151.0,"Comedy, Drama, Musical",5.8,6416.0,2670.0,1622.0,379.0,2069.0,3,1,4.0,8.766705997750515
Anjaane,2000.0,,Drama,4.1,9.0,2220.0,1324.0,439.0,789.0,3,0,7.0,2.302585092994046
Anjaane: The Unkown,2005.0,110.0,Horror,3.9,71.0,921.0,1214.0,2196.0,919.0,3,0,11.0,4.276666119016055
Anjan Hai Koyee,1969.0,133.0,"Action, Comedy, Crime",5.8,12.0,458.0,714.0,1482.0,919.0,3,1,0.0,2.5649493574615367
Anjane Mein,1978.0,,"Drama, Family",6.9,40.0,2417.0,1835.0,1559.0,1715.0,3,1,7.0,3.713572066704308
Anjaneya,2003.0,168.0,"Action, Crime, Drama",3.4,363.0,1626.0,126.0,1363.0,1950.0,3,1,0.0,5.8971538676367405
Anjaneyulu,2009.0,143.0,"Action, Comedy, Crime",4.8,324.0,1796.0,1805.0,1538.0,1229.0,3,1,0.0,5.783825182329737
Ankahee,1985.0,135.0,Drama,7.1,109.0,214.0,213.0,593.0,696.0,3,0,7.0,4.700480365792417
Ankahee,2006.0,151.0,"Biography, Drama, Romance",4.1,366.0,3035.0,86.0,153.0,771.0,3,1,3.0,5.905361848054571
Ankh Micholi,1962.0,,"Crime, Drama, Mystery",5.2,5.0,2234.0,2091.0,1258.0,2228.0,3,1,5.0,1.791759469228055
Ankhen,1968.0,172.0,"Action, Adventure, Drama",7.2,325.0,2164.0,1181.0,607.0,1256.0,3,1,0.0,5.786897381366708
Ankhon Dekhi,2013.0,107.0,"Comedy, Drama",8.0,10673.0,2048.0,1974.0,2256.0,1988.0,3,1,4.0,9.27556615689389
Ankhon Mein Tum Ho,1997.0,151.0,Romance,5.5,46.0,356.0,297.0,1921.0,2386.0,3,0,15.0,3.8501476017100584
Ankur Arora Murder Case,2013.0,129.0,"Drama, Thriller",6.5,1823.0,2687.0,1039.0,2812.0,2821.0,3,1,7.0,7.508787170634276
Ankur: The Seedling,1974.0,131.0,Drama,8.0,1185.0,2661.0,2030.0,2115.0,233.0,3,0,7.0,7.078341579557671
Ankush,1986.0,149.0,"Action, Drama",7.5,398.0,1624.0,1389.0,1817.0,804.0,3,1,0.0,5.988961416889864
Anmol,1993.0,163.0,"Drama, Family, Romance",5.6,128.0,1278.0,1264.0,2507.0,246.0,3,1,7.0,4.859812404361672
Anmol Ghadi,1946.0,122.0,"Drama, Musical, Romance",7.3,63.0,1529.0,2285.0,2564.0,1735.0,3,1,7.0,4.1588830833596715
Anmol Moti,1969.0,,"Action, Romance",3.7,10.0,2323.0,919.0,411.0,371.0,3,1,0.0,2.3978952727983707
Anmol Sitaare,1982.0,153.0,Drama,7.0,5.0,827.0,1255.0,1918.0,2057.0,3,0,7.0,1.791759469228055
Anmol Tasveer,1978.0,77.0,"Drama, Family",7.9,9.0,2519.0,1594.0,243.0,544.0,3,1,7.0,2.302585092994046
Anna,2016.0,142.0,Biography,4.9,43.0,2592.0,2079.0,2619.0,867.0,3,0,3.0,3.784189633918261
"Anna, Kisan Baburao Hazare",2016.0,,Biography,6.0,14.0,2592.0,906.0,367.0,231.0,3,0,3.0,2.70805020110221
Annadata,1972.0,,"Drama, Family",6.7,40.0,399.0,902.0,205.0,1745.0,3,1,7.0,3.713572066704308
Annai Velankanni,1971.0,148.0,Drama,7.1,29.0,1165.0,903.0,748.0,1754.0,3,0,7.0,3.4011973816621555
Annamalai,1992.0,164.0,"Action, Drama",7.7,1765.0,2829.0,1711.0,2216.0,1270.0,3,1,0.0,7.476472381163905
Annarth,2002.0,,"Action, Crime, Drama",3.1,139.0,2213.0,1969.0,2552.0,418.0,3,1,0.0,4.941642422609304
Anokha,1975.0,132.0,"Action, Comedy, Crime",4.9,18.0,1132.0,2084.0,2859.0,1.0,3,1,0.0,2.9444389791664403
Anokha Andaaz,1995.0,,Romance,3.5,11.0,1373.0,389.0,192.0,538.0,3,0,15.0,2.4849066497880004
Anokha Aspatal,1989.0,91.0,Comedy,6.3,13.0,1602.0,272.0,88.0,1759.0,3,0,4.0,2.6390573296152584
Anokha Bandhan,1982.0,134.0,Drama,7.4,94.0,1535.0,2030.0,2258.0,371.0,3,0,7.0,4.553876891600541
Anokha Daan,1972.0,,Drama,7.0,9.0,399.0,248.0,2854.0,339.0,3,0,7.0,2.302585092994046
Anokha Milan,1972.0,125.0,Drama,6.3,19.0,1023.0,631.0,1734.0,555.0,3,0,7.0,2.995732273553991
Anokha Moti,2000.0,86.0,"Drama, Family",6.9,16.0,2885.0,325.0,1535.0,1944.0,3,1,7.0,2.833213344056216
Anokha Pyar,1948.0,,Romance,6.9,44.0,1394.0,657.0,1506.0,1600.0,3,0,15.0,3.8066624897703196
Anokha Rishta,1986.0,,Drama,7.3,47.0,969.0,1702.0,2436.0,2236.0,3,0,7.0,3.871201010907891
Anokhe Amar Shaheed Baba Deep Singh Ji,2006.0,154.0,History,6.6,9.0,1065.0,586.0,927.0,1179.0,3,0,10.0,2.302585092994046
Anokhi Ada,1948.0,141.0,"Drama, Musical, Romance",6.4,26.0,1529.0,1404.0,2567.0,1870.0,3,1,7.0,3.295836866004329
Anokhi Ada,1973.0,150.0,"Drama, Romance",4.5,44.0,1356.0,919.0,2003.0,2981.0,3,1,7.0,3.8066624897703196
Anokhi Pehchan,1972.0,,"Drama, Romance",5.9,8.0,2519.0,1972.0,1921.0,2586.0,3,1,7.0,2.1972245773362196
Anokhi Raat,1968.0,120.0,"Crime, Drama, Mystery",7.3,94.0,399.0,1980.0,2853.0,2802.0,3,1,5.0,4.553876891600541
Anpadh,1962.0,150.0,"Drama, Musical, Romance",6.6,105.0,1565.0,1181.0,428.0,703.0,3,1,7.0,4.663439094112067
Anpadh,1978.0,,Drama,6.5,15.0,2333.0,376.0,1668.0,3054.0,3,0,7.0,2.772588722239781
Ansh: The Deadly Part,2002.0,180.0,"Crime, Drama, Thriller",6.3,51.0,2038.0,1494.0,360.0,29.0,3,1,5.0,3.9512437185814275
Ansoo Ban Gaye Phool,1969.0,145.0,"Drama, Family",7.2,26.0,2519.0,376.0,573.0,155.0,3,1,7.0,3.295836866004329
Antardwand,2008.0,114.0,"Crime, Drama",7.3,656.0,2844.0,1674.0,1863.0,2766.0,3,1,5.0,6.48768401848461
Antarnaad,1991.0,160.0,Drama,5.5,109.0,2661.0,754.0,1137.0,2417.0,3,0,7.0,4.700480365792417
Antenna,2021.0,84.0,Drama,7.1,7.0,2639.0,842.0,857.0,455.0,3,0,7.0,2.0794415416798357
Anth,1994.0,136.0,Action,4.4,124.0,2456.0,2266.0,2454.0,1774.0,3,0,0.0,4.8283137373023015
Anthony Kaun Hai?,2006.0,127.0,"Mystery, Thriller",5.2,617.0,2011.0,1969.0,311.0,1484.0,3,1,14.0,6.42648845745769
Antim Nyay,1993.0,,Action,3.3,19.0,2768.0,870.0,1547.0,1246.0,3,0,0.0,2.995732273553991
Anubhav,1971.0,139.0,Drama,6.7,137.0,474.0,1980.0,2623.0,728.0,3,0,7.0,4.927253685157205
Anubhav,1986.0,,"Comedy, Drama, Romance",6.4,175.0,1259.0,2093.0,1647.0,1753.0,3,1,4.0,5.170483995038151
Anubhav: An Actor's Tale,2009.0,,"Drama, Romance",5.3,11.0,2863.0,870.0,2199.0,872.0,3,1,7.0,2.4849066497880004
Anubhav: An Experience,2003.0,90.0,Crime,3.4,11.0,2432.0,84.0,160.0,1652.0,3,0,5.0,2.4849066497880004
Anupama,1966.0,148.0,"Drama, Romance",7.4,416.0,962.0,631.0,2312.0,2478.0,3,1,7.0,6.0330862217988015
Anuraag,1972.0,125.0,Drama,6.6,115.0,2563.0,376.0,1628.0,2982.0,3,0,7.0,4.7535901911063645
Anuradha,1960.0,141.0,"Drama, Romance",6.6,196.0,962.0,442.0,1187.0,38.0,3,1,7.0,5.2832037287379885
Anuranan,2006.0,113.0,"Drama, Romance",6.7,376.0,268.0,1651.0,2042.0,1963.0,3,1,7.0,5.932245187448011
Anurodh,1977.0,147.0,"Drama, Family",6.8,160.0,2563.0,1702.0,358.0,2982.0,3,1,7.0,5.081404364984463
Anwar,2007.0,144.0,"Drama, Romance, Thriller",6.6,904.0,1467.0,1415.0,1655.0,1393.0,3,1,7.0,6.807934943699926
Any Body Can Dance 2,2015.0,154.0,"Biography, Drama, Music",5.4,5733.0,2244.0,1561.0,2719.0,2536.0,3,1,3.0,8.654168646443315
Anyay Abichar,1985.0,125.0,Action,7.4,5.0,2563.0,2385.0,2681.0,2853.0,0,0,0.0,1.791759469228055
Apaatkaal,1993.0,137.0,Action,5.7,6.0,2953.0,28.0,2101.0,2167.0,3,0,0.0,1.9459101490553132
Apaharan,2005.0,173.0,"Action, Crime, Drama",7.4,4384.0,1864.0,108.0,1490.0,541.0,3,1,0.0,8.385944904806284
Apartment: Rent at Your Own Risk,2010.0,97.0,"Drama, Mystery, Thriller",3.5,231.0,1020.0,1858.0,2624.0,1667.0,3,1,7.0,5.44673737166631
Apmaan,1982.0,,Drama,5.8,8.0,189.0,190.0,2570.0,1384.0,3,0,7.0,2.1972245773362196
Apmaan Ki Aag,1990.0,,"Action, Comedy, Crime",5.3,27.0,2494.0,67.0,1918.0,648.0,3,1,0.0,3.332204510175204
Apna Asmaan,2007.0,110.0,"Drama, Sci-Fi",6.2,164.0,1266.0,853.0,2374.0,709.0,3,1,7.0,5.10594547390058
Apna Bana Ke Dekho,2001.0,152.0,Drama,5.9,16.0,1164.0,1561.0,1105.0,2853.0,2,0,7.0,2.833213344056216
Apna Bana Lo,1982.0,,"Drama, Family",5.7,22.0,1011.0,919.0,2003.0,207.0,3,1,7.0,3.1354942159291497
Apna Banake Dekho,1962.0,,Romance,5.6,5.0,1032.0,368.0,1308.0,1503.0,3,0,15.0,1.791759469228055
Apna Desh,1972.0,,"Action, Comedy, Drama",6.3,108.0,1049.0,1702.0,1455.0,1745.0,3,1,0.0,4.6913478822291435
Apna Desh Praye Log,1989.0,,"Action, Drama, Family",3.8,9.0,1852.0,2252.0,2479.0,1538.0,3,1,0.0,2.302585092994046
Apna Ghar,1960.0,,"Drama, Family",4.6,5.0,2158.0,2142.0,1761.0,1607.0,3,1,7.0,1.791759469228055
Apna Haath Jagannath,1960.0,173.0,Comedy,6.8,25.0,1567.0,1067.0,2255.0,1624.0,3,0,4.0,3.258096538021482
Apna Khoon,1978.0,,"Action, Comedy, Crime",5.7,15.0,453.0,2082.0,818.0,409.0,3,1,0.0,2.772588722239781
Apna Sapna Money Money,2006.0,134.0,"Comedy, Musical, Romance",5.3,1921.0,2439.0,1841.0,2391.0,2179.0,3,1,4.0,7.561121589530238
Apnapan,1977.0,133.0,"Drama, Romance",6.5,75.0,1011.0,919.0,2202.0,2130.0,3,1,7.0,4.330733340286331
Apne,2007.0,173.0,"Drama, Sport",6.0,2868.0,264.0,631.0,2557.0,550.0,3,1,7.0,7.9617188159813645
Apne Apne,1987.0,,"Drama, Family",6.0,27.0,2174.0,919.0,2003.0,1166.0,3,1,7.0,3.332204510175204
Apne Dam Par,1996.0,155.0,"Action, Drama",5.6,43.0,334.0,1304.0,2358.0,969.0,3,1,0.0,3.784189633918261
Apne Dushman,1975.0,120.0,"Crime, Drama, Mystery",6.2,13.0,1198.0,631.0,2202.0,2039.0,3,1,5.0,2.6390573296152584
Apne Huye Paraye,1964.0,,"Drama, Family",6.1,20.0,131.0,1181.0,1308.0,2478.0,3,1,7.0,3.044522437723423
Apne Paraye,1980.0,123.0,"Drama, Family, Comedy",6.8,164.0,475.0,2030.0,175.0,850.0,3,1,7.0,5.10594547390058
Apne Rang Hazaar,1975.0,124.0,"Drama, Romance",6.1,14.0,2225.0,1980.0,1188.0,637.0,3,1,7.0,2.70805020110221
Apradh,1972.0,128.0,"Action, Thriller, Romance",6.8,71.0,783.0,714.0,1455.0,1872.0,3,1,0.0,4.276666119016055
Apradhi,1992.0,,"Action, Crime, Drama",4.7,45.0,1159.0,2455.0,274.0,366.0,3,1,0.0,3.828641396489095
Apradhi,1949.0,,"Crime, Drama, Thriller",6.3,7.0,3109.0,1165.0,1933.0,1298.0,3,1,5.0,2.0794415416798357
Apradhi,1974.0,122.0,Drama,7.3,6.0,1132.0,1055.0,2844.0,953.0,3,0,7.0,1.9459101490553132
Apradhi Kaun,2000.0,,Thriller,4.8,6.0,1560.0,1737.0,1372.0,1327.0,3,0,18.0,1.9459101490553132
Apradhi Kaun?,1957.0,131.0,Mystery,7.5,68.0,398.0,36.0,1258.0,805.0,3,0,14.0,4.23410650459726
Apradhi Kaun?,1982.0,,Thriller,6.0,13.0,1560.0,898.0,1908.0,359.0,3,0,18.0,2.6390573296152584
April Fool,1964.0,154.0,"Comedy, Romance, Thriller",6.1,32.0,2736.0,1926.0,474.0,1045.0,3,1,4.0,3.4965075614664802
AquaTales,2012.0,74.0,"Animation, Adventure",3.1,75.0,1007.0,764.0,2681.0,2853.0,1,1,2.0,4.330733340286331
Arabian Nights,1946.0,,"Adventure, Fantasy",3.6,7.0,1719.0,993.0,1532.0,1523.0,3,1,1.0,2.0794415416798357
Aradhana,1969.0,169.0,"Drama, Musical, Romance",7.6,1722.0,2563.0,1702.0,2312.0,2686.0,3,1,7.0,7.45182223652793
Aranyaka,1994.0,90.0,Drama,6.5,50.0,310.0,1314.0,2833.0,2328.0,3,0,7.0,3.9318256327243257
Arasatchi,2004.0,,"Action, Crime, Drama",5.9,50.0,1626.0,1120.0,1292.0,1950.0,3,1,0.0,3.9318256327243257
Archana,1974.0,,"Drama, Family",6.2,11.0,2513.0,1181.0,2202.0,2606.0,3,1,7.0,2.4849066497880004
Ardh Satya,1983.0,130.0,"Crime, Drama",8.2,1599.0,861.0,1494.0,2436.0,207.0,3,1,5.0,7.3777589082278725
Ardhangini,1959.0,,"Family, Romance",6.1,40.0,131.0,1273.0,1813.0,2556.0,3,1,8.0,3.713572066704308
Arjun,1985.0,154.0,"Action, Crime, Drama",7.2,866.0,2005.0,2270.0,629.0,1971.0,3,1,0.0,6.7650389767805414
Arjun Devaa,2001.0,133.0,"Action, Crime, Musical",3.6,21.0,972.0,1304.0,1805.0,2227.0,3,1,0.0,3.091042453358316
Arjun Pandit,1976.0,,"Drama, Family",7.5,62.0,962.0,1980.0,2492.0,409.0,3,1,7.0,4.143134726391533
Arjun Pandit,1999.0,150.0,"Action, Crime, Romance",5.2,797.0,2005.0,2270.0,982.0,2393.0,3,1,0.0,6.682108597449809
Arjun Patiala,2019.0,107.0,"Action, Comedy",4.3,1204.0,2275.0,660.0,1131.0,2899.0,3,1,0.0,7.094234845924755
Arjun: The Warrior Prince,2012.0,96.0,"Animation, Action, Adventure",6.8,1534.0,330.0,1535.0,999.0,3040.0,3,1,2.0,7.336285660021297
Armaan,1953.0,130.0,"Drama, Family",6.8,19.0,768.0,616.0,1230.0,2437.0,3,1,7.0,2.995732273553991
Armaan,2003.0,158.0,"Drama, Family, Romance",5.2,1096.0,956.0,206.0,207.0,1869.0,3,1,7.0,7.00033446027523
Armaan,1981.0,,History,4.6,25.0,232.0,1667.0,1964.0,2449.0,3,0,10.0,3.258096538021482
Army,1996.0,153.0,"Action, Drama",4.3,1614.0,1976.0,2215.0,2270.0,898.0,3,1,0.0,7.387090235656757
Arohan,2010.0,126.0,"Drama, Family, Music",5.3,9.0,1827.0,1842.0,2154.0,2642.0,3,1,7.0,2.302585092994046
Around the World,1967.0,178.0,"Comedy, Romance",6.3,97.0,1773.0,1670.0,1911.0,179.0,3,1,4.0,4.584967478670572
Arpan,1983.0,144.0,"Drama, Romance",6.2,74.0,1011.0,919.0,1998.0,1781.0,3,1,7.0,4.31748811353631
Arpan,1957.0,,"Drama, Thriller",6.9,9.0,591.0,1460.0,2343.0,2593.0,3,1,7.0,2.302585092994046
Arth,1982.0,138.0,"Drama, Romance",7.9,1308.0,1422.0,2030.0,1137.0,2599.0,3,1,7.0,7.1770187659099
Article 15,2019.0,130.0,"Crime, Drama, Mystery",8.2,25706.0,289.0,421.0,1513.0,1413.0,3,1,5.0,10.154518607337229
Arvind Desai Ki Ajeeb Dastaan,1978.0,118.0,Drama,6.9,137.0,2376.0,655.0,226.0,2542.0,3,0,7.0,4.927253685157205
Aryan,1988.0,181.0,"Action, Drama",7.0,283.0,1924.0,1316.0,1950.0,548.0,3,1,0.0,5.648974238161206
Aryan: Unbreakable,2006.0,135.0,"Action, Drama, Sport",4.4,307.0,66.0,2171.0,2441.0,956.0,3,1,0.0,5.730099782973574
Arzoo,1950.0,128.0,"Musical, Romance",7.0,49.0,2545.0,989.0,622.0,2478.0,3,1,13.0,3.912023005428146
Arzoo,1965.0,177.0,"Drama, Musical, Romance",7.1,243.0,2164.0,1695.0,2112.0,795.0,3,1,7.0,5.497168225293202
Asambhav,2004.0,139.0,"Action, Adventure, Drama",3.4,577.0,2102.0,331.0,1510.0,1899.0,3,1,0.0,6.359573868672378
Asambhava,1984.0,,Drama,6.4,12.0,1030.0,1256.0,2053.0,2253.0,3,0,7.0,2.5649493574615367
Asana Travelogue,2012.0,105.0,"Documentary, History",6.7,81.0,1053.0,430.0,1682.0,2649.0,3,1,6.0,4.406719247264253
Ascharyachakit!,2018.0,90.0,"Drama, Romance",4.9,542.0,2423.0,1621.0,2708.0,277.0,3,1,7.0,6.297109319933935
Aseema: Beyond Boundaries,2009.0,,"Drama, Romance",4.9,18.0,2680.0,769.0,374.0,1677.0,3,1,7.0,2.9444389791664403
Asha Jyoti,1984.0,142.0,"Drama, Family, Romance",6.3,44.0,1668.0,1702.0,1998.0,2136.0,3,1,7.0,3.8066624897703196
Ashaant,1993.0,141.0,"Action, Thriller",5.2,522.0,1276.0,145.0,2808.0,419.0,3,1,0.0,6.259581464064923
Ashanti,1982.0,,"Action, Adventure, Crime",5.8,107.0,2934.0,1702.0,2864.0,1781.0,3,1,0.0,4.68213122712422
Ashiana,1952.0,104.0,"Drama, Romance",7.6,49.0,437.0,1400.0,1853.0,2525.0,3,1,7.0,3.912023005428146
Ashirwad,1943.0,,Unknown,5.9,7.0,2171.0,928.0,1174.0,483.0,3,0,19.0,2.0794415416798357
Ashley,2017.0,103.0,Thriller,3.7,12.0,1283.0,1834.0,653.0,884.0,3,0,18.0,2.5649493574615367
Ashok Chakra: Tribute to Real Heroes,2010.0,86.0,Action,4.8,8.0,2338.0,1683.0,2503.0,366.0,3,0,0.0,2.1972245773362196
Ashok Vatika,2018.0,97.0,Drama,9.3,7.0,2003.0,1111.0,2193.0,1773.0,3,0,7.0,2.0794415416798357
Ashoka the Great,2001.0,180.0,"Action, Biography, Drama",6.5,13502.0,2488.0,2038.0,1059.0,637.0,3,1,0.0,9.510667161961042
Ashoka the Hero,2011.0,70.0,Animation,6.6,10.0,812.0,2385.0,2681.0,2853.0,0,0,2.0,2.3978952727983707
Ashwa: The Black Horse,1993.0,,Drama,6.5,6.0,2666.0,2531.0,2115.0,2245.0,3,0,7.0,1.9459101490553132
Ashwani,1991.0,,Drama,6.6,8.0,494.0,2081.0,917.0,2888.0,3,0,7.0,2.1972245773362196
Asli Naqli,1986.0,128.0,Drama,4.3,38.0,2741.0,2084.0,1897.0,264.0,3,0,7.0,3.6635616461296463
Asli-Naqli,1962.0,145.0,"Drama, Musical, Romance",7.5,257.0,962.0,616.0,2112.0,1624.0,3,1,7.0,5.552959584921617
Asmaan Se Ooncha,1989.0,,"Action, Drama, Family",4.8,55.0,1535.0,919.0,1852.0,264.0,3,1,0.0,4.02535169073515
Astitva,2000.0,109.0,Drama,7.3,645.0,1428.0,2319.0,2106.0,1520.0,3,0,7.0,6.470799503782602
Astounding Courage in Distress,2020.0,102.0,Family,7.3,33.0,1926.0,1233.0,870.0,1371.0,3,0,8.0,3.5263605246161616
Aswamedham,1992.0,,"Action, Drama",6.8,65.0,1156.0,1391.0,2444.0,207.0,3,1,0.0,4.189654742026425
At My Doorstep,2009.0,70.0,Documentary,7.0,12.0,1724.0,2385.0,2681.0,2853.0,0,0,6.0,2.5649493574615367
Ata Pata Lapatta,2012.0,120.0,"Comedy, Musical",5.4,86.0,2115.0,389.0,162.0,1288.0,3,1,4.0,4.465908118654584
Atal Faisla,2018.0,127.0,Drama,8.8,5.0,42.0,1916.0,831.0,168.0,3,0,7.0,1.791759469228055
Ateet,2020.0,120.0,Thriller,4.3,204.0,2877.0,1693.0,1782.0,2335.0,3,0,18.0,5.3230099791384085
Athbhutha Dweepu,2005.0,127.0,"Action, Adventure, Comedy",5.4,278.0,3045.0,115.0,1770.0,1365.0,3,1,0.0,5.631211781821365
Athidhi,2007.0,300.0,Action,5.6,1807.0,2821.0,1171.0,181.0,101.0,3,0,0.0,7.4999765409521215
Atishbaz,1990.0,165.0,"Crime, Drama",2.9,36.0,1603.0,2084.0,219.0,78.0,3,1,5.0,3.6109179126442243
Atithee,1978.0,138.0,"Drama, Romance",6.0,20.0,315.0,2082.0,2263.0,2480.0,3,1,7.0,3.044522437723423
Atithi Kab Aoge Shhamshan,2020.0,135.0,Comedy,5.9,7.0,3061.0,1225.0,2798.0,441.0,3,0,4.0,2.0794415416798357
Atithi Tum Kab Jaoge?,2010.0,155.0,Comedy,6.4,5383.0,393.0,108.0,1115.0,1774.0,3,0,4.0,8.591186871324563
Atkan Chatkan,2020.0,126.0,"Drama, Musical",8.2,1763.0,2623.0,1147.0,2105.0,2776.0,3,1,7.0,7.475339236566737
Atmaram,1979.0,,Family,5.0,6.0,2690.0,1575.0,174.0,2982.0,3,0,8.0,1.9459101490553132
Attahaasa,2013.0,171.0,"Biography, Crime, Thriller",6.9,138.0,12.0,1068.0,301.0,1929.0,3,1,3.0,4.9344739331306915
Attilokasundari,1990.0,,Unknown,3.7,9.0,2707.0,2385.0,2681.0,2853.0,0,0,19.0,2.302585092994046
August 2,2012.0,,Thriller,4.2,9.0,1334.0,946.0,399.0,2135.0,3,0,18.0,2.302585092994046
Aulad,1987.0,,Drama,5.9,117.0,3022.0,919.0,934.0,2650.0,3,0,7.0,4.770684624465665
Aulad,1968.0,142.0,"Comedy, Drama",5.3,25.0,1356.0,919.0,411.0,1469.0,3,1,4.0,3.258096538021482
Aulad Ke Dushman,1993.0,152.0,Drama,3.8,36.0,2107.0,2455.0,794.0,1965.0,3,0,7.0,3.6109179126442243
Aunty No. 1,1998.0,160.0,"Comedy, Drama, Romance",4.3,583.0,1298.0,767.0,1980.0,898.0,3,1,4.0,6.369900982828227
Aur Ek Dharmatma,1991.0,,Action,6.5,6.0,1317.0,1378.0,895.0,598.0,3,0,0.0,1.9459101490553132
Aur Ek Prem Kahani,1996.0,,Romance,7.0,32.0,464.0,2237.0,2580.0,134.0,3,0,15.0,3.4965075614664802
Aur Kaun?,1979.0,136.0,"Horror, Mystery, Thriller",6.0,24.0,2665.0,2370.0,2108.0,2028.0,3,1,11.0,3.2188758248682006
Aur Pappu Pass Ho Gaya,2007.0,142.0,Comedy,4.2,36.0,2316.0,1080.0,1072.0,988.0,3,0,4.0,3.6109179126442243
Aurangzeb,2013.0,137.0,"Action, Drama, Thriller",6.5,3985.0,410.0,327.0,2227.0,1886.0,3,1,0.0,8.29054350077274
Aurat,1940.0,154.0,Drama,7.2,30.0,1529.0,2285.0,2218.0,1281.0,3,0,7.0,3.4339872044851463
Aurat,1953.0,,"Action, Adventure, Drama",4.9,14.0,488.0,492.0,1761.0,1915.0,3,1,0.0,2.70805020110221
Aurat,1967.0,149.0,"Comedy, Drama",7.4,59.0,2342.0,1883.0,1645.0,1845.0,3,1,4.0,4.0943445622221
Aurat Aurat Aurat,1996.0,,"Crime, Drama",5.5,10.0,1168.0,1901.0,621.0,371.0,3,1,5.0,2.3978952727983707
Aurat Ka Inteqam,1984.0,,"Action, Drama",4.6,7.0,447.0,2238.0,1352.0,2982.0,3,1,0.0,2.0794415416798357
Aurat Teri Yehi Kahani,1988.0,149.0,Drama,4.2,16.0,1573.0,2112.0,2765.0,1965.0,3,0,7.0,2.833213344056216
Auto Driver,1998.0,119.0,Romance,4.8,44.0,2829.0,1378.0,1239.0,468.0,3,0,15.0,3.8066624897703196
Autohead,2016.0,97.0,"Crime, Drama",5.9,355.0,2279.0,60.0,2556.0,2202.0,3,1,5.0,5.87493073085203
Autumn,2010.0,96.0,Drama,6.4,223.0,22.0,1306.0,2279.0,2445.0,3,0,7.0,5.4116460518550396
Auzaar,1997.0,127.0,"Action, Drama, Musical",4.5,976.0,2686.0,1939.0,2196.0,2511.0,3,1,0.0,6.884486652042782
Avalude Ravukal,1978.0,144.0,Drama,6.5,64.0,969.0,2021.0,423.0,2811.0,3,0,7.0,4.174387269895637
Avam,1987.0,156.0,"Adventure, Mystery, Thriller",5.7,58.0,446.0,1702.0,358.0,2599.0,3,1,1.0,4.07753744390572
Avant Garde Pythagoras Sharma,2011.0,,Drama,6.2,8.0,127.0,552.0,976.0,491.0,3,0,7.0,2.1972245773362196
Avgat,2001.0,,"Action, Crime, Drama",4.1,9.0,1568.0,117.0,1577.0,2397.0,3,1,0.0,2.302585092994046
Avinash,1986.0,171.0,"Action, Crime, Drama",6.0,44.0,2934.0,1304.0,1714.0,537.0,3,1,0.0,3.8066624897703196
Avsar,2017.0,70.0,"Drama, Romance",6.0,27.0,1578.0,289.0,2779.0,334.0,3,1,7.0,3.332204510175204
Avtaar,1983.0,150.0,Drama,7.2,571.0,1565.0,1702.0,2263.0,2686.0,3,0,7.0,6.349138991379798
Awaara,1951.0,193.0,"Drama, Musical, Romance",7.9,3813.0,2010.0,1670.0,1506.0,1885.0,3,1,7.0,8.246433786160365
Awaargi,1990.0,149.0,Drama,5.9,150.0,1422.0,250.0,1357.0,868.0,3,0,7.0,5.017279836814924
Awaaz,1984.0,150.0,"Action, Drama, Romance",6.2,46.0,2563.0,1702.0,934.0,2040.0,3,1,0.0,3.8501476017100584
Awara Baap,1985.0,,"Drama, Family",4.9,76.0,2690.0,1702.0,1357.0,1981.0,3,1,7.0,4.343805421853684
Awara Badal,1964.0,134.0,"Action, Adventure, Drama",5.1,17.0,447.0,1647.0,96.0,959.0,3,1,0.0,2.8903717578961645
Awara Paagal Deewana,2002.0,158.0,"Action, Comedy, Crime",6.2,7775.0,3035.0,145.0,2552.0,87.0,3,1,0.0,8.958797346140274
Awaragardi,1990.0,,Action,4.9,9.0,2857.0,79.0,1096.0,2264.0,3,0,0.0,2.302585092994046
Awarapan,2007.0,126.0,"Action, Crime, Drama",7.3,6737.0,1581.0,693.0,1438.0,405.0,3,1,0.0,8.815518423966498
Awasaan,2020.0,101.0,Drama,8.7,21.0,2049.0,324.0,2664.0,2364.0,3,0,7.0,3.091042453358316
Awesome Mausam,2016.0,131.0,Romance,3.6,5.0,3113.0,2404.0,2545.0,2684.0,3,0,15.0,1.791759469228055
Axone,2019.0,104.0,"Comedy, Drama",7.0,1979.0,1706.0,2020.0,1196.0,1074.0,3,1,4.0,7.590852123688581
Aya Sawan Jhoom Ke,1969.0,173.0,"Drama, Romance",6.2,104.0,1990.0,368.0,607.0,2121.0,3,1,7.0,4.653960350157523
Ayaash,1982.0,131.0,Romance,5.1,34.0,2563.0,1980.0,1975.0,369.0,3,0,15.0,3.5553480614894135
Ayee Milan Ki Bela,1964.0,146.0,"Drama, Romance",6.4,116.0,1565.0,1695.0,2129.0,703.0,3,1,7.0,4.762173934797756
Ayee Milan Ki Raat,1991.0,152.0,Romance,6.2,40.0,1154.0,410.0,2274.0,312.0,3,0,15.0,3.713572066704308
Ayudha Pooja,2000.0,137.0,"Action, Crime, Drama",5.5,27.0,2632.0,1379.0,2060.0,355.0,3,1,0.0,3.332204510175204
Ayurveda: Art of Being,2001.0,102.0,Documentary,7.6,432.0,1780.0,1450.0,2709.0,557.0,3,0,6.0,6.07073772800249
Ayyappa Swamy Mahatyam,1991.0,,Drama,6.9,13.0,2937.0,2385.0,2681.0,2853.0,0,0,7.0,2.6390573296152584
Azaad,1955.0,163.0,"Action, Adventure, Comedy",7.2,136.0,2721.0,657.0,1355.0,1845.0,3,1,0.0,4.919980925828125
Azaad,1978.0,154.0,"Action, Comedy, Drama",7.2,82.0,1872.0,631.0,818.0,1872.0,3,1,0.0,4.418840607796598
Azaad Desh Ke Gulam,1990.0,153.0,"Action, Drama",5.0,52.0,2321.0,1818.0,2029.0,988.0,3,1,0.0,3.970291913552122
Azad,1940.0,140.0,Drama,7.1,11.0,1634.0,1127.0,358.0,893.0,3,0,7.0,2.4849066497880004
Azad Mohabbat,1974.0,,"Drama, Romance",5.0,6.0,1264.0,2530.0,847.0,992.0,3,1,7.0,1.9459101490553132
Azhar,2016.0,130.0,"Biography, Drama, Sport",5.7,5328.0,286.0,693.0,1508.0,1827.0,3,1,3.0,8.580918882296782
B for Bundelkhand,2017.0,117.0,Drama,8.8,5.0,3074.0,464.0,1575.0,1542.0,3,0,7.0,1.791759469228055
B.A. Pass,2012.0,95.0,"Crime, Drama, Thriller",6.4,3702.0,108.0,2033.0,2359.0,713.0,3,1,5.0,8.216898580913613
B.A. Pass 2,2017.0,125.0,Drama,2.1,419.0,2542.0,2034.0,1133.0,2371.0,3,0,7.0,6.040254711277414
B.A. Pass 3,2021.0,136.0,"Drama, Romance",8.3,1877.0,1672.0,2276.0,302.0,280.0,3,1,7.0,7.537962659768208
Baa Baaa Black Sheep,2018.0,103.0,"Action, Comedy, Crime",6.4,446.0,3084.0,296.0,240.0,1389.0,3,1,0.0,6.102558594613569
Baabarr,2009.0,180.0,"Action, Crime, Drama",5.1,302.0,390.0,1304.0,1632.0,2612.0,3,1,0.0,5.713732805509369
Baabul,2006.0,169.0,"Drama, Family, Romance",5.4,3157.0,2212.0,206.0,2150.0,920.0,3,1,7.0,8.057694194815587
Baadal,1985.0,,"Drama, Family",5.7,23.0,232.0,2058.0,1401.0,1816.0,3,1,7.0,3.1780538303479458
Baadbaan,1954.0,,"Drama, Family",6.8,20.0,1824.0,616.0,1355.0,409.0,3,1,7.0,3.044522437723423
Baadshah,1999.0,175.0,"Action, Comedy, Crime",6.9,17279.0,38.0,1251.0,2270.0,2839.0,3,1,0.0,9.757305042358047
Baadshaho,2017.0,136.0,"Action, Adventure, Thriller",4.9,4454.0,1541.0,108.0,851.0,766.0,3,1,0.0,8.40178233990491
Baaghi,2000.0,156.0,"Action, Crime, Drama",4.2,208.0,2084.0,1969.0,1290.0,78.0,3,1,0.0,5.342334251964811
Baaghi,2016.0,133.0,"Action, Romance, Thriller",5.2,7912.0,2359.0,2114.0,2644.0,2672.0,3,1,0.0,8.976262255609193
Baaghi 2,2018.0,137.0,"Action, Thriller",4.8,9625.0,103.0,2352.0,640.0,1407.0,3,1,0.0,9.172223049863055
Baaghi 3,2020.0,143.0,"Action, Comedy, Musical",2.1,10309.0,103.0,2352.0,2035.0,2536.0,3,1,0.0,9.240869577011006
Baaghi Sultana,1993.0,,"Action, Thriller",3.3,7.0,1956.0,1064.0,2757.0,2921.0,3,1,0.0,2.0794415416798357
Baaghi: A Rebel for Love,1990.0,157.0,"Action, Drama, Romance",5.7,1390.0,655.0,1939.0,1475.0,2438.0,3,1,0.0,7.237778191923443
Baaja,2001.0,79.0,Family,6.1,10.0,310.0,1738.0,2224.0,2200.0,3,0,8.0,2.3978952727983707
Baaki Itihaas,2017.0,127.0,Drama,7.3,16.0,1711.0,2544.0,183.0,2111.0,3,0,7.0,2.833213344056216
Baal Ki Khaal,2019.0,65.0,Comedy,7.0,20.0,1800.0,1945.0,2028.0,1702.0,3,0,4.0,3.044522437723423
Baal Mahabharat,1973.0,,Drama,5.8,11.0,1222.0,263.0,614.0,895.0,3,0,7.0,2.4849066497880004
Baali Umar Ko Salaam,1994.0,,"Action, Comedy, Drama",4.2,26.0,2977.0,986.0,2655.0,2670.0,3,1,0.0,3.295836866004329
Baankey Ki Crazy Baraat,2015.0,138.0,Comedy,6.2,356.0,105.0,1722.0,2642.0,2038.0,3,0,4.0,5.877735781779639
Baap Beti,1954.0,,Drama,6.8,14.0,525.0,2257.0,651.0,1624.0,3,0,7.0,2.70805020110221
Baap Ka Baap,2003.0,,Thriller,5.0,8.0,803.0,1126.0,1886.0,3011.0,3,0,18.0,2.1972245773362196
Baap Numbri Beta Dus Numbri,1990.0,152.0,"Action, Comedy, Crime",6.0,303.0,429.0,389.0,772.0,1006.0,3,1,0.0,5.717027701406222
Baap Re Baap,1955.0,130.0,"Comedy, Drama, Family",6.4,28.0,41.0,1067.0,504.0,2601.0,3,1,4.0,3.367295829986474
Baar Baar Dekho,2016.0,141.0,"Action, Comedy, Drama",5.3,6423.0,1734.0,2155.0,1073.0,2401.0,3,1,0.0,8.767796255626598
Baaraat Company,2017.0,124.0,"Comedy, Romance",6.2,179.0,2858.0,1959.0,287.0,320.0,3,1,4.0,5.19295685089021
Baarish,1957.0,133.0,"Crime, Drama, Romance",7.2,37.0,2572.0,616.0,1628.0,324.0,3,1,5.0,3.6375861597263857
Baarish,1993.0,,Drama,6.4,8.0,1671.0,1901.0,1416.0,2038.0,3,0,7.0,2.1972245773362196
Baarish Aur Chowmein,2018.0,48.0,Drama,6.1,271.0,2908.0,203.0,2605.0,2799.0,3,0,7.0,5.605802066295998
Baarood (The Fire) - A Love Story,2012.0,135.0,"Action, Crime, Drama",3.2,13.0,1033.0,2266.0,2358.0,1538.0,3,1,0.0,2.6390573296152584
Baat Ban Jaye,1986.0,148.0,Comedy,6.4,165.0,500.0,2549.0,175.0,2871.0,3,0,4.0,5.111987788356544
Baat Bann Gayi,2013.0,108.0,"Comedy, Romance",5.1,69.0,2658.0,258.0,124.0,877.0,3,1,4.0,4.248495242049359
Baat Ek Raat Ki,1962.0,145.0,"Mystery, Romance, Thriller",6.8,116.0,2572.0,616.0,2827.0,593.0,3,1,14.0,4.762173934797756
Baawri,1982.0,,Family,4.0,6.0,9.0,1734.0,934.0,3035.0,3,0,8.0,1.9459101490553132
Baaz,1953.0,140.0,"Action, Adventure, Musical",7.3,93.0,879.0,780.0,744.0,1106.0,3,1,0.0,4.543294782270004
Baaz,1992.0,,"Action, Mystery, Thriller",5.7,49.0,2329.0,767.0,2465.0,44.0,3,1,0.0,3.912023005428146
Baaz: A Bird in Danger,2003.0,180.0,"Mystery, Thriller",3.2,344.0,2911.0,870.0,2552.0,1175.0,3,1,14.0,5.84354441703136
Baazaar,2018.0,137.0,"Crime, Drama, Thriller",6.6,4831.0,817.0,1639.0,2126.0,611.0,3,1,5.0,8.48301573961465
Baazi,1951.0,143.0,"Crime, Drama, Musical",7.3,343.0,879.0,616.0,744.0,1123.0,3,1,5.0,5.840641657373398
Baazi,1968.0,141.0,"Crime, Musical, Mystery",6.4,60.0,1586.0,2511.0,607.0,1082.0,3,1,5.0,4.110873864173311
Baazi,1984.0,125.0,Action,6.3,65.0,2019.0,631.0,2003.0,1494.0,3,0,0.0,4.189654742026425
Baazi,1995.0,183.0,"Action, Thriller, Crime",6.5,2248.0,391.0,18.0,1268.0,1774.0,3,1,0.0,7.718240951959316
Baazigar,1993.0,175.0,"Crime, Drama, Musical",7.7,26583.0,38.0,1251.0,2270.0,1114.0,3,1,5.0,10.18806481003443
Baazigar,1972.0,133.0,"Adventure, Comedy, Crime",7.5,6.0,1257.0,2451.0,2070.0,538.0,3,1,1.0,1.9459101490553132
Baba Sathya Sai,2017.0,,Biography,4.2,8.0,1310.0,2212.0,934.0,2356.0,3,0,3.0,2.1972245773362196
Babar,1960.0,,"Drama, Family",6.8,16.0,941.0,723.0,404.0,2694.0,3,1,7.0,2.833213344056216
Babla,1951.0,,Drama,7.4,11.0,99.0,1521.0,1503.0,1683.0,3,0,7.0,2.4849066497880004
Babloo Happy Hai,2014.0,113.0,"Comedy, Drama, Romance",6.7,83.0,1716.0,1917.0,675.0,1784.0,3,1,4.0,4.430816798843313
Babu,1985.0,148.0,"Drama, Family",7.1,64.0,9.0,1702.0,818.0,1359.0,3,1,7.0,4.174387269895637
Babul,1950.0,142.0,Drama,7.3,72.0,2348.0,1400.0,622.0,171.0,3,0,7.0,4.290459441148391
Babul,1986.0,162.0,Drama,4.8,9.0,860.0,781.0,2682.0,1142.0,3,0,7.0,2.302585092994046
Babul Ki Galiyan,1972.0,,"Drama, Romance",5.9,9.0,2323.0,1972.0,818.0,2480.0,3,1,7.0,2.302585092994046
Babula,1985.0,129.0,"Drama, Sci-Fi",5.9,10.0,2375.0,585.0,215.0,800.0,3,1,7.0,2.3978952727983707
Babumoshai Bandookbaaz,2017.0,122.0,"Action, Crime, Thriller",6.9,1974.0,1361.0,1428.0,461.0,1024.0,3,1,0.0,7.5883236773352225
Baby,2015.0,159.0,"Action, Thriller",8.0,53997.0,1696.0,145.0,562.0,2066.0,3,1,0.0,10.896702287823487
Bach ke Zara,2008.0,99.0,"Comedy, Horror, Musical",2.7,71.0,2400.0,192.0,2242.0,1050.0,3,1,4.0,4.276666119016055
Bachao - Inside Bhoot Hai...,2010.0,,Horror,5.4,10.0,2665.0,256.0,2111.0,257.0,3,0,11.0,2.3978952727983707
Bachelor Party,2009.0,,"Comedy, Drama",4.9,34.0,999.0,931.0,284.0,1632.0,3,1,4.0,3.5553480614894135
Bachke Rehna Re Baba,2005.0,130.0,"Comedy, Drama, Romance",2.7,202.0,858.0,1818.0,1265.0,1774.0,3,1,4.0,5.313205979041787
Bachna Ae Haseeno,2008.0,152.0,"Comedy, Drama, Romance",6.1,10674.0,2670.0,1760.0,591.0,541.0,3,1,4.0,9.275659838096825
Bachpan,1970.0,133.0,"Action, Comedy, Crime",6.3,31.0,1311.0,2246.0,1747.0,471.0,3,1,0.0,3.4657359027997265
Bachpan,1963.0,,Drama,5.2,5.0,1691.0,479.0,566.0,628.0,3,0,7.0,1.791759469228055
Back to Dad,2017.0,120.0,Drama,8.2,9.0,1843.0,2301.0,1015.0,2308.0,3,0,7.0,2.302585092994046
Bad Aur Badnaam,1984.0,135.0,"Family, Thriller",6.2,12.0,782.0,1980.0,1677.0,2480.0,3,1,8.0,2.5649493574615367
Bad Boys,2003.0,118.0,Thriller,3.3,6.0,2997.0,1731.0,2570.0,442.0,3,0,18.0,1.9459101490553132
Bad Luck Govind,2009.0,120.0,"Comedy, Crime, Drama",3.5,17.0,2973.0,733.0,836.0,867.0,3,1,4.0,2.8903717578961645
Bada Aadmi,1961.0,,Action,6.2,5.0,2011.0,1125.0,2759.0,1045.0,3,0,0.0,1.791759469228055
Bada Bhai,1957.0,,"Drama, Family",5.1,8.0,1142.0,118.0,1026.0,232.0,3,1,7.0,2.1972245773362196
Bada Din,1998.0,,"Drama, Romance",6.2,45.0,274.0,2030.0,1326.0,2790.0,3,1,7.0,3.828641396489095
Bada Kabutar,1973.0,144.0,"Action, Comedy, Crime",5.0,22.0,677.0,376.0,599.0,1696.0,3,1,0.0,3.1354942159291497
Badal,1951.0,146.0,"Action, Romance",6.7,34.0,211.0,1165.0,1761.0,1915.0,3,1,0.0,3.5553480614894135
Badal,1966.0,150.0,"Action, Adventure, Musical",7.0,10.0,401.0,2090.0,1164.0,2339.0,3,1,0.0,2.3978952727983707
Badal,2000.0,166.0,"Action, Crime, Drama",4.9,1281.0,2009.0,508.0,1958.0,418.0,3,1,0.0,7.156176637480615
Badaltey Rishtey,1978.0,136.0,"Drama, Romance",6.7,62.0,1990.0,919.0,2029.0,2130.0,3,1,7.0,4.143134726391533
Bade Dil Wala,1983.0,146.0,"Drama, Action, Crime",6.3,118.0,496.0,1835.0,2648.0,2358.0,3,1,7.0,4.77912349311153
Bade Dilwala,1999.0,146.0,"Comedy, Drama, Romance",3.6,1289.0,2558.0,2266.0,1776.0,1774.0,3,1,4.0,7.162397497355718
Bade Ghar Ki Beti,1989.0,138.0,Drama,6.0,66.0,1206.0,2058.0,2029.0,1452.0,3,0,7.0,4.204692619390966
Bade Miyan Chote Miyan,1998.0,140.0,"Action, Comedy, Musical",5.8,2787.0,629.0,206.0,763.0,2107.0,3,1,0.0,7.933079771880415
Badhaai Ho,2018.0,124.0,"Comedy, Drama",8.0,29518.0,202.0,421.0,1551.0,807.0,3,1,4.0,10.292789402801873
Badhaai Ho Badhaai,2002.0,155.0,"Comedy, Drama, Musical",4.5,673.0,2508.0,250.0,1952.0,230.0,3,1,4.0,6.513230110912307
Badhti Ka Naam Dadhi,1974.0,,Drama,6.7,37.0,1304.0,1067.0,845.0,2490.0,3,0,7.0,3.6375861597263857
Badhu Nirupama,1987.0,146.0,Drama,6.9,7.0,1130.0,856.0,575.0,297.0,3,0,7.0,2.0794415416798357
Badi Bahen,1993.0,130.0,"Drama, Family",5.4,14.0,1206.0,389.0,1852.0,593.0,3,1,7.0,2.70805020110221
Badi Didi,1969.0,156.0,"Comedy, Drama, Romance",4.4,11.0,1673.0,1390.0,949.0,1745.0,3,1,4.0,2.4849066497880004
Badi Maa,1945.0,122.0,"Drama, War",5.4,9.0,1516.0,2163.0,754.0,980.0,3,1,7.0,2.302585092994046
Badkaar,1986.0,129.0,Drama,6.7,7.0,2624.0,1980.0,277.0,2249.0,3,0,7.0,2.0794415416798357
Badla,1974.0,112.0,Thriller,6.2,13.0,3002.0,2084.0,1436.0,1082.0,3,0,18.0,2.6390573296152584
Badla,2019.0,118.0,"Crime, Drama, Mystery",7.8,23890.0,2765.0,206.0,2605.0,212.0,3,1,5.0,10.08125709796202
Badla Aur Balidan,1980.0,134.0,"Action, Drama",7.6,11.0,1268.0,1695.0,2793.0,391.0,3,1,0.0,2.4849066497880004
Badlapur,2015.0,134.0,"Action, Crime, Drama",7.4,22324.0,2719.0,2419.0,1534.0,3022.0,3,1,0.0,10.0134624057447
Badlapur Boys,2014.0,123.0,Drama,4.7,123.0,2556.0,281.0,256.0,2354.0,3,0,7.0,4.820281565605037
Badle Ki Aag,1982.0,158.0,"Action, Drama",4.8,59.0,2107.0,2262.0,607.0,1055.0,3,1,0.0,4.0943445622221
Badmaa$h Company,2010.0,142.0,"Comedy, Crime, Drama",6.0,6466.0,1802.0,2042.0,269.0,1473.0,3,1,4.0,8.774467601446593
Badmaash,1998.0,119.0,Action,2.5,25.0,856.0,870.0,2358.0,1774.0,3,0,0.0,3.258096538021482
Badmaash No.1,2002.0,,Action,4.4,9.0,2949.0,1170.0,317.0,1209.0,3,0,0.0,2.302585092994046
Badman,2016.0,83.0,"Comedy, Drama",4.3,30.0,2700.0,774.0,2029.0,781.0,3,1,4.0,3.4339872044851463
Badmashiyaan,2015.0,128.0,"Comedy, Romance",4.6,133.0,197.0,2151.0,2585.0,880.0,3,1,4.0,4.897839799950911
Badnaam,2020.0,,Romance,6.9,7.0,1322.0,1323.0,1781.0,485.0,3,0,15.0,2.0794415416798357
Badnaam Gali,2019.0,95.0,Comedy,7.1,805.0,394.0,1534.0,649.0,749.0,3,0,4.0,6.692083742506628
Badnaam Rishte,1991.0,,"Action, Drama, Thriller",5.5,6.0,1284.0,1586.0,2716.0,2849.0,3,1,0.0,1.9459101490553132
Badnam Basti,1971.0,100.0,Drama,6.6,10.0,1909.0,1481.0,1499.0,1613.0,3,0,7.0,2.3978952727983707
Badnam Farishte,1971.0,,"Crime, Drama",5.9,19.0,1945.0,1702.0,2312.0,2618.0,3,1,5.0,2.995732273553991
Badrinath Ki Dulhania,2017.0,139.0,"Comedy, Drama, Romance",6.1,10865.0,2590.0,2419.0,130.0,2263.0,3,1,4.0,9.293393927111468
Badshah,1954.0,,"Action, Drama, Adventure",6.4,16.0,211.0,1563.0,1258.0,2865.0,3,1,0.0,2.833213344056216
Baga Beach,2013.0,103.0,Drama,5.9,14.0,1377.0,1517.0,947.0,575.0,3,0,7.0,2.70805020110221
Bagh Bahadur,1989.0,91.0,Drama,7.7,72.0,549.0,1538.0,1211.0,339.0,3,0,7.0,4.290459441148391
Baghavat,1982.0,144.0,"Action, Romance",6.4,66.0,2164.0,631.0,818.0,2130.0,3,1,0.0,4.204692619390966
Baghban,1938.0,159.0,Drama,7.2,8.0,41.0,490.0,405.0,2594.0,3,0,7.0,2.1972245773362196
Baghban,2003.0,181.0,"Drama, Romance",7.4,15518.0,2212.0,206.0,818.0,2288.0,3,1,7.0,9.649820358671624
Baghdad,1952.0,,"Adventure, Fantasy",6.5,11.0,1658.0,1256.0,454.0,324.0,3,1,1.0,2.4849066497880004
Baghdad Ka Jadu,1956.0,,"Action, Adventure, Fantasy",4.7,9.0,1116.0,711.0,970.0,1239.0,3,1,0.0,2.302585092994046
Bagpat Ka Dulha,2019.0,137.0,Drama,5.5,6.0,1249.0,1809.0,1801.0,1283.0,3,0,7.0,1.9459101490553132
Bagula Bhagat,1979.0,,"Action, Thriller",6.5,11.0,918.0,376.0,2325.0,2417.0,3,1,0.0,2.4849066497880004
Bahaar Aane Tak,1990.0,145.0,Family,4.7,63.0,2892.0,1864.0,1931.0,1635.0,3,0,8.0,4.1588830833596715
Bahar,1951.0,170.0,Drama,5.7,18.0,1403.0,1013.0,2824.0,1845.0,3,0,7.0,2.9444389791664403
Baharen Phir Bhi Aayengi,1966.0,139.0,"Drama, Romance",7.1,93.0,2545.0,1181.0,607.0,2782.0,3,1,7.0,4.543294782270004
Baharon Ke Sapne,1967.0,171.0,"Drama, Romance",7.6,77.0,1680.0,1702.0,337.0,324.0,3,1,7.0,4.356708826689592
Baharon Ki Manzil,1968.0,160.0,Mystery,7.1,54.0,3105.0,1273.0,607.0,2134.0,3,0,14.0,4.007333185232471
Bahattar Hoorain,2019.0,120.0,Comedy,8.8,23.0,2461.0,1402.0,9.0,1790.0,3,0,4.0,3.1780538303479458
Bahen,1941.0,156.0,Drama,6.0,10.0,1529.0,2090.0,1484.0,898.0,3,0,7.0,2.3978952727983707
Bahu,1955.0,,"Drama, Family",6.9,10.0,2563.0,523.0,1048.0,2865.0,3,1,7.0,2.3978952727983707
Bahu Begum,1967.0,167.0,"Comedy, Drama, Romance",6.5,69.0,1391.0,376.0,1723.0,1448.0,3,1,4.0,4.248495242049359
Bahu Beti,1965.0,132.0,"Drama, Family",6.5,17.0,2862.0,376.0,1258.0,1086.0,3,1,7.0,2.8903717578961645
Bahu Ki Awaaz,1985.0,147.0,Drama,6.3,16.0,2598.0,2455.0,448.0,458.0,3,0,7.0,2.833213344056216
Bahurani,1964.0,133.0,Drama,6.8,42.0,2862.0,780.0,706.0,1624.0,3,0,7.0,3.7612001156935624
Bahurani,1989.0,,"Comedy, Drama, Family",6.3,81.0,1458.0,1818.0,1918.0,2859.0,3,1,4.0,4.406719247264253
Bahut Din Huwe...,1954.0,168.0,"Adventure, Drama, Fantasy",6.7,24.0,2347.0,1165.0,1974.0,88.0,3,1,1.0,3.2188758248682006
Bahut Hua Sammaan,2020.0,125.0,"Comedy, Crime, Drama",7.3,3036.0,367.0,1974.0,1929.0,1946.0,3,1,4.0,8.01862546504575
Baiju Bawra,1952.0,165.0,"Drama, Musical, Romance",7.4,343.0,3005.0,1273.0,448.0,2735.0,3,1,7.0,5.840641657373398
Baikunth,2021.0,72.0,Family,9.3,29.0,3081.0,2504.0,2185.0,2934.0,3,0,8.0,3.4011973816621555
Bairaag,1976.0,,"Drama, Thriller",6.5,104.0,399.0,657.0,2129.0,1299.0,3,1,7.0,4.653960350157523
Bajatey Raho,2013.0,110.0,"Comedy, Drama, Thriller",5.3,729.0,2594.0,2376.0,2785.0,2091.0,3,1,4.0,6.593044534142437
Bajirao Mastani,2015.0,158.0,"Action, Drama, History",7.2,32073.0,2457.0,1777.0,591.0,1899.0,3,1,0.0,10.375801012068754
Bajrang Bali,1956.0,,Fantasy,6.6,7.0,1457.0,1176.0,514.0,2822.0,3,0,9.0,2.0794415416798357
Bajrangbali,1976.0,176.0,Fantasy,7.7,85.0,578.0,575.0,474.0,1544.0,3,0,9.0,4.454347296253507
Bajrangi Bhaijaan,2015.0,163.0,"Action, Adventure, Comedy",8.0,78448.0,1192.0,1939.0,807.0,1643.0,3,1,0.0,11.27020401110734
Bal Bramhachari,1996.0,163.0,"Action, Drama",2.7,113.0,1867.0,496.0,1805.0,1175.0,3,1,0.0,4.736198448394496
Bal Ganesh 2,2009.0,74.0,Animation,6.5,46.0,1789.0,2385.0,2681.0,2853.0,0,0,2.0,3.8501476017100584
Bal Ganesh 3,2015.0,68.0,Animation,4.2,13.0,3021.0,2435.0,1670.0,2340.0,3,0,2.0,2.6390573296152584
Bal Ganesh and the PomZom Planet,2017.0,81.0,Animation,2.3,9.0,3021.0,2435.0,1670.0,2340.0,3,0,2.0,2.302585092994046
Bal Ramayan,1956.0,132.0,Unknown,6.1,7.0,3005.0,1599.0,2281.0,2528.0,3,0,19.0,2.0794415416798357
Bal Shivaji,1982.0,,Drama,5.9,8.0,1839.0,1161.0,193.0,1010.0,3,0,7.0,2.1972245773362196
Bala,2019.0,133.0,Comedy,7.3,12370.0,182.0,421.0,460.0,3022.0,3,0,4.0,9.423110302862831
Balak Aur Janwar,1975.0,,Adventure,5.4,7.0,1658.0,441.0,2698.0,2072.0,3,0,1.0,2.0794415416798357
Balidaan,1985.0,137.0,"Action, Thriller",5.6,54.0,2321.0,495.0,259.0,2926.0,3,1,0.0,4.007333185232471
Balidaan,1971.0,137.0,Drama,6.8,16.0,2225.0,1230.0,2129.0,685.0,3,0,7.0,2.833213344056216
Balika Badhu,1976.0,111.0,"Comedy, Drama, Romance",6.9,229.0,2896.0,1898.0,1908.0,427.0,3,1,4.0,5.438079308923196
Ballad of Rustom,2012.0,117.0,Drama,8.1,24.0,138.0,383.0,2164.0,2805.0,3,0,7.0,3.2188758248682006
Ballavpur Ki Roopkatha,2017.0,120.0,Comedy,7.5,17.0,151.0,245.0,27.0,281.0,3,0,4.0,2.8903717578961645
Balmaa,1993.0,,Romance,5.7,21.0,1373.0,410.0,390.0,2253.0,3,0,15.0,3.091042453358316
Balram Shri Krishna,1968.0,176.0,Fantasy,5.6,8.0,578.0,575.0,2251.0,1051.0,3,0,9.0,2.1972245773362196
Balwaan,1992.0,142.0,"Action, Adventure",4.3,179.0,645.0,2266.0,642.0,637.0,3,1,0.0,5.19295685089021
Balwinder Singh Famous Ho Gaya,2014.0,136.0,Comedy,3.6,50.0,2794.0,389.0,714.0,1480.0,3,0,4.0,3.9318256327243257
Bambai Ka Babu,1996.0,,"Action, Thriller",4.9,193.0,3035.0,1925.0,376.0,1114.0,3,1,0.0,5.267858159063328
Bambai Ka Maharaja,1980.0,,"Action, Crime, Drama",4.0,7.0,2616.0,211.0,1137.0,2920.0,3,1,0.0,2.0794415416798357
Bambai Raat Ki Bahon Mein,1968.0,136.0,"Crime, Drama, Romance",6.0,13.0,1291.0,2284.0,1221.0,650.0,3,1,5.0,2.6390573296152584
Bamfaad,2020.0,102.0,Romance,7.2,1533.0,2196.0,80.0,2292.0,2935.0,3,0,15.0,7.335633981927201
Banaras,2006.0,122.0,"Musical, Drama",6.1,315.0,1785.0,2390.0,349.0,722.0,3,1,13.0,5.755742213586912
Banaras,2009.0,128.0,Drama,3.2,24.0,1703.0,797.0,242.0,688.0,3,0,7.0,3.2188758248682006
Banarasi Babu,1997.0,126.0,Comedy,4.2,231.0,629.0,767.0,1950.0,1110.0,3,0,4.0,5.44673737166631
Banarasi Babu,1973.0,141.0,"Drama, Thriller",6.7,73.0,2572.0,616.0,1921.0,3035.0,3,1,7.0,4.30406509320417
Banarasi Thug,1962.0,145.0,Drama,6.1,21.0,1381.0,1230.0,2759.0,947.0,3,0,7.0,3.091042453358316
Band Baaja Baaraat,2010.0,139.0,"Comedy, Drama, Romance",7.2,15583.0,1450.0,1777.0,269.0,2084.0,3,1,4.0,9.654000025882317
Bandh Darwaza,1990.0,145.0,"Action, Drama, Horror",5.1,298.0,2665.0,2370.0,809.0,1397.0,3,1,0.0,5.700443573390687
Bandhan,1956.0,,Drama,6.0,6.0,940.0,1273.0,1723.0,1540.0,3,0,7.0,1.9459101490553132
Bandhan,1998.0,154.0,"Action, Drama, Romance",4.8,1852.0,1152.0,1704.0,900.0,2288.0,3,1,0.0,7.52456122628536
Bandhan,1969.0,159.0,"Drama, Family, Musical",7.2,85.0,1670.0,1702.0,1455.0,275.0,3,1,7.0,4.454347296253507
Bandhan Anjana,1985.0,,"Drama, Romance",6.1,13.0,1844.0,533.0,2700.0,1446.0,3,1,7.0,2.6390573296152584
Bandhan Kuchchey Dhaagon Ka,1983.0,124.0,"Drama, Family",7.1,36.0,264.0,2082.0,2864.0,2041.0,3,1,7.0,3.6109179126442243
Bandhe Haath,1973.0,139.0,"Action, Thriller",5.8,100.0,1741.0,1357.0,173.0,111.0,3,1,0.0,4.61512051684126
Bandhu,1992.0,126.0,Family,7.9,7.0,2927.0,44.0,562.0,853.0,3,0,8.0,2.0794415416798357
Bandi,1957.0,135.0,"Drama, Family",6.2,27.0,2519.0,376.0,2411.0,1219.0,3,1,7.0,3.332204510175204
Bandie,1978.0,,"Action, Drama, Romance",4.5,26.0,175.0,2399.0,2528.0,2871.0,3,1,0.0,3.295836866004329
Bandini,1963.0,157.0,"Drama, Musical, Romance",7.7,756.0,525.0,376.0,1628.0,703.0,3,1,7.0,6.6293632534374485
Bandish,1996.0,,"Romance, Thriller",4.3,66.0,1864.0,870.0,982.0,1774.0,3,1,15.0,4.204692619390966
Bandish,1955.0,129.0,"Comedy, Drama, Musical",7.1,17.0,2519.0,376.0,1355.0,628.0,3,1,4.0,2.8903717578961645
Bandish,1980.0,152.0,"Action, Crime, Drama",6.1,47.0,1146.0,1702.0,818.0,637.0,3,1,0.0,3.871201010907891
Bandit Queen,1994.0,119.0,"Biography, Crime, Drama",7.6,4518.0,2607.0,2024.0,1600.0,2011.0,3,1,3.0,8.41604600941128
Bandook,2013.0,132.0,"Crime, Thriller",5.9,140.0,89.0,1213.0,310.0,400.0,3,1,5.0,4.948759890378168
Bang Bang,2014.0,153.0,"Action, Adventure, Comedy",5.6,22436.0,2670.0,830.0,1073.0,1790.0,3,1,0.0,10.018466660859778
Bangistan,2015.0,135.0,"Comedy, Drama",4.5,1168.0,1242.0,872.0,1379.0,2169.0,3,1,4.0,7.063903961472068
Banjaran,1991.0,145.0,"Drama, Romance",5.1,100.0,918.0,1835.0,2488.0,1246.0,3,1,7.0,4.61512051684126
Banjo,2016.0,137.0,"Action, Drama, Music",4.9,1105.0,2215.0,1841.0,1508.0,76.0,3,1,0.0,7.00850518208228
Bank Chor,2017.0,120.0,"Action, Comedy, Crime",5.9,2603.0,551.0,1841.0,2819.0,2143.0,3,1,0.0,7.86480400332846
Banphool,1971.0,,"Drama, Romance",6.0,27.0,3005.0,919.0,411.0,2480.0,3,1,7.0,3.332204510175204
Bansi Birju,1972.0,,"Drama, Romance",5.4,48.0,1871.0,206.0,933.0,323.0,3,1,7.0,3.8918202981106265
Bansuri: The Flute,2021.0,108.0,Drama,3.7,7.0,907.0,302.0,2042.0,2857.0,3,0,7.0,2.0794415416798357
Banwra,1950.0,148.0,Drama,6.0,6.0,790.0,1670.0,1174.0,1705.0,3,0,7.0,1.9459101490553132
Baraat,1960.0,,Drama,6.0,8.0,1142.0,118.0,2283.0,555.0,3,0,7.0,2.1972245773362196
Bara-Dari,1955.0,129.0,"Musical, Romance",6.2,18.0,1142.0,740.0,96.0,1845.0,3,1,13.0,2.9444389791664403
Barah Aana,2009.0,97.0,"Comedy, Crime, Drama",6.8,1166.0,2031.0,1405.0,2756.0,352.0,3,1,4.0,7.062191632286556
Barbed Wired,2005.0,119.0,"Drama, Romance",5.6,36.0,470.0,2213.0,2514.0,2219.0,3,1,7.0,3.6109179126442243
Bardaasht,2004.0,155.0,"Action, Drama, Thriller",5.9,661.0,752.0,508.0,1177.0,1956.0,3,1,0.0,6.495265555937008
Barefoot to Goa,2015.0,80.0,"Adventure, Drama, Family",5.6,149.0,1900.0,2195.0,89.0,791.0,3,1,1.0,5.0106352940962555
Barfi!,2012.0,151.0,"Comedy, Drama, Romance",8.1,77377.0,297.0,1760.0,1785.0,951.0,3,1,4.0,11.256457781448521
Bari Behen,1949.0,,"Drama, Family",6.1,18.0,611.0,2280.0,2002.0,2847.0,3,1,7.0,2.9444389791664403
Barkha,1959.0,169.0,Romance,4.9,9.0,1952.0,1877.0,907.0,1607.0,3,0,15.0,2.302585092994046
Barkha Bahar,1973.0,,Romance,5.9,8.0,183.0,1425.0,2003.0,1942.0,3,0,15.0,2.1972245773362196
Barkhaa,2015.0,127.0,"Drama, Romance",5.1,315.0,2540.0,1988.0,1793.0,1573.0,3,1,7.0,5.755742213586912
Barood,1976.0,140.0,"Action, Crime, Drama",6.0,84.0,1872.0,1835.0,2378.0,2130.0,3,1,0.0,4.442651256490317
Barood,1998.0,159.0,"Action, Crime, Drama",4.7,626.0,1872.0,1735.0,114.0,2107.0,3,1,0.0,6.440946540632921
Barot House,2019.0,89.0,"Mystery, Thriller",7.3,1135.0,550.0,203.0,1293.0,23.0,3,1,14.0,7.035268599281097
Barsaat,1949.0,171.0,"Drama, Romance, Musical",7.7,596.0,2010.0,1400.0,1853.0,1874.0,3,1,7.0,6.391917113392602
Barsaat,1995.0,166.0,"Action, Romance",5.4,1193.0,2109.0,508.0,2670.0,1965.0,3,1,0.0,7.085064293952548
Barsaat Ki Ek Raat,1981.0,142.0,"Romance, Thriller",6.3,312.0,2563.0,206.0,1921.0,203.0,3,1,15.0,5.746203190540153
Barsaat Ki Raat,1960.0,142.0,"Drama, Musical, Romance",6.9,117.0,1767.0,1165.0,448.0,2566.0,3,1,7.0,4.770684624465665
Barsaat Ki Raat,1998.0,151.0,Musical,3.7,12.0,499.0,631.0,632.0,2423.0,3,0,13.0,2.5649493574615367
Bas Ek Pal,2006.0,150.0,"Drama, Romance, Thriller",5.9,503.0,1747.0,951.0,2689.0,1073.0,3,1,7.0,6.222576268071369
Bas Itna Sa Khwaab Hai...,2001.0,169.0,"Drama, Romance, Thriller",3.7,586.0,846.0,1767.0,42.0,2756.0,3,1,7.0,6.375024819828097
Bas Yaari Rakho,2000.0,,"Comedy, Drama, Family",6.5,21.0,849.0,1494.0,1704.0,2224.0,3,1,4.0,3.091042453358316
Bas Yun Hi,2003.0,,"Comedy, Musical, Romance",5.6,54.0,2031.0,1628.0,1498.0,2016.0,3,1,4.0,4.007333185232471
Basant,1942.0,146.0,"Drama, Musical",6.8,21.0,211.0,1360.0,2673.0,1568.0,3,1,7.0,3.091042453358316
Basant,1960.0,165.0,"Comedy, Drama, Romance",6.5,33.0,517.0,1490.0,2297.0,1486.0,3,1,4.0,3.5263605246161616
Basant Bahar,1956.0,150.0,"Drama, Musical, Romance",7.1,32.0,2032.0,463.0,1596.0,1256.0,3,1,7.0,3.4965075614664802
Basanti Tangewali,1992.0,,"Action, Thriller",4.3,9.0,1233.0,861.0,2111.0,442.0,3,1,0.0,2.302585092994046
Baseraa,1981.0,139.0,"Drama, Family",6.8,133.0,2182.0,2082.0,1921.0,2136.0,3,1,7.0,4.897839799950911
Basti,2003.0,,"Action, Crime, Drama",7.0,27.0,2372.0,1141.0,487.0,1996.0,3,1,0.0,3.332204510175204
Batla House,2019.0,146.0,"Action, Crime, Drama",7.2,10092.0,1715.0,937.0,1623.0,1549.0,3,1,0.0,9.219597393238859
Baton Baton Mein,1979.0,112.0,"Comedy, Romance",7.5,1118.0,475.0,213.0,2648.0,427.0,3,1,4.0,7.020190708311925
Battalion 609,2019.0,131.0,War,2.8,101.0,547.0,2431.0,1146.0,1172.0,3,0,20.0,4.624972813284271
Batti Gul Meter Chalu,2018.0,161.0,Drama,6.0,4685.0,2647.0,2042.0,2382.0,747.0,3,0,7.0,8.452334619067742
Batwara,1989.0,201.0,"Action, Drama",6.3,206.0,1017.0,631.0,2791.0,722.0,3,1,0.0,5.332718793265369
Batwara,1961.0,,"Drama, Family",6.2,12.0,1257.0,1563.0,1603.0,2134.0,3,1,7.0,2.5649493574615367
Bawandar,2000.0,125.0,Drama,7.0,288.0,1020.0,1393.0,1836.0,675.0,3,0,7.0,5.666426688112432
Bawarchi,1972.0,130.0,"Comedy, Musical, Drama",8.0,3793.0,962.0,1702.0,933.0,2865.0,3,1,4.0,8.24117615049496
Bawre Nain,1950.0,138.0,"Drama, Romance",6.9,36.0,1292.0,1670.0,744.0,2940.0,3,1,7.0,3.6109179126442243
Bawri Chhori,2021.0,,Drama,5.2,79.0,151.0,1911.0,156.0,335.0,3,0,7.0,4.382026634673881
Bayen Hath Ka Khel,1985.0,,"Adventure, Comedy, Musical",7.0,11.0,3010.0,1702.0,2648.0,1845.0,3,1,1.0,2.4849066497880004
Bazaar,1949.0,148.0,"Drama, Family",6.8,6.0,1142.0,1452.0,2409.0,860.0,3,1,7.0,1.9459101490553132
Bazaar,1982.0,120.0,"Drama, Family",7.3,481.0,2380.0,707.0,2436.0,1623.0,3,1,7.0,6.1779441140506
Bazaar E Husn,2014.0,125.0,Drama,4.8,15.0,122.0,94.0,1632.0,1053.0,3,0,7.0,2.772588722239781
"Bazaar: Market of Love, Lust and Desire",2004.0,,Drama,5.9,15.0,2071.0,198.0,2823.0,2438.0,3,0,7.0,2.772588722239781
Bazooband,1954.0,,Unknown,6.4,5.0,2164.0,442.0,2529.0,2210.0,3,0,19.0,1.791759469228055
Be Aabroo,1983.0,,Action,4.9,7.0,2624.0,444.0,1859.0,331.0,3,0,0.0,2.0794415416798357
Beautiful,2020.0,123.0,Drama,8.5,13.0,97.0,1382.0,1672.0,2853.0,2,0,7.0,2.6390573296152584
Bebus,1979.0,,Drama,6.6,7.0,1670.0,1702.0,2854.0,392.0,3,0,7.0,2.0794415416798357
Be-Careful,2011.0,93.0,"Comedy, Crime, Drama",3.1,88.0,582.0,389.0,126.0,551.0,3,1,4.0,4.48863636973214
Bechain,1993.0,135.0,"Action, Drama, Romance",4.8,8.0,1268.0,2153.0,1267.0,2123.0,3,1,0.0,2.1972245773362196
Bedaag,1965.0,,"Drama, Family",5.4,16.0,1949.0,1390.0,1308.0,2478.0,3,1,7.0,2.833213344056216
Bedard Zamana Kya Jane,1959.0,,"Crime, Drama, Family",6.1,7.0,458.0,376.0,1603.0,1845.0,3,1,5.0,2.0794415416798357
Bedardi,1993.0,146.0,"Action, Crime",3.9,148.0,1333.0,108.0,2689.0,2130.0,3,1,0.0,5.003946305945459
Bedhab,2019.0,,Mystery,5.8,37.0,143.0,1971.0,1063.0,25.0,3,0,14.0,3.6375861597263857
Beehad - The Ravine,2013.0,125.0,Drama,5.6,10.0,1327.0,1539.0,2240.0,2953.0,3,0,7.0,2.3978952727983707
Bees Saal Baad,1962.0,158.0,"Thriller, Musical, Mystery",7.1,341.0,532.0,503.0,2827.0,1405.0,3,1,18.0,5.834810737062605
Bees Saal Baad,1989.0,141.0,"Horror, Mystery",5.1,156.0,2107.0,1304.0,629.0,1452.0,3,1,11.0,5.056245805348308
Bees Saal Pehle,1972.0,,Horror,5.3,10.0,1927.0,908.0,258.0,789.0,3,0,11.0,2.3978952727983707
Befikre,2016.0,130.0,"Comedy, Drama, Romance",3.9,7185.0,84.0,1777.0,2705.0,356.0,3,1,4.0,8.879889967673464
Begaana,1963.0,,"Drama, Family",6.4,24.0,2373.0,631.0,2562.0,2272.0,3,1,7.0,3.2188758248682006
Begum Jaan,2017.0,128.0,"Action, Drama, History",5.6,2626.0,2712.0,206.0,1651.0,1623.0,3,1,0.0,7.87359778968554
Begunaah,1991.0,,"Action, Crime, Drama",5.4,17.0,266.0,1702.0,358.0,785.0,3,1,0.0,2.8903717578961645
Behen Hogi Teri,2017.0,128.0,Comedy,5.6,1873.0,125.0,354.0,1905.0,2552.0,3,0,4.0,7.535830462798367
Behind the Mirror,2005.0,88.0,Drama,5.9,14.0,2105.0,2244.0,1636.0,1614.0,3,0,7.0,2.70805020110221
Behram Khan,1946.0,,Unknown,6.4,8.0,802.0,723.0,1377.0,2737.0,3,0,19.0,2.1972245773362196
Behroopia,1971.0,,Fantasy,4.0,5.0,2081.0,636.0,2443.0,1470.0,3,0,9.0,1.791759469228055
Beiimaan Love,2016.0,120.0,"Drama, Romance, Thriller",2.8,439.0,2056.0,2274.0,1909.0,635.0,3,1,7.0,6.0867747269123065
Be-Imaan,1972.0,133.0,"Drama, Family",6.9,75.0,2690.0,1230.0,1921.0,1647.0,3,1,7.0,4.330733340286331
Bekaraar,1983.0,121.0,"Drama, Romance",3.7,27.0,2065.0,1969.0,1647.0,409.0,3,1,7.0,3.332204510175204
Bekhudi,1992.0,140.0,"Action, Crime, Drama",4.6,192.0,2005.0,986.0,1011.0,108.0,3,1,0.0,5.262690188904886
Be-Lagaam,2002.0,,"Crime, Thriller",2.9,16.0,2152.0,1574.0,2625.0,1994.0,3,1,5.0,2.833213344056216
Belly of the Tantra,2012.0,90.0,"Documentary, Adventure, Crime",7.6,11.0,1787.0,1515.0,2681.0,2853.0,1,1,6.0,2.4849066497880004
Bemisal,1982.0,142.0,"Drama, Family",7.0,386.0,962.0,206.0,1921.0,2982.0,3,1,7.0,5.958424693029782
Benaam,1974.0,117.0,"Drama, Mystery, Thriller",6.8,251.0,1670.0,206.0,1436.0,2386.0,3,1,7.0,5.529429087511423
Benaam,1999.0,126.0,"Drama, Action, Horror",4.4,32.0,2864.0,1304.0,63.0,1792.0,3,1,7.0,3.4965075614664802
Benaam Badsha,1991.0,,"Action, Crime, Drama",5.0,252.0,1159.0,1731.0,982.0,2411.0,3,1,0.0,5.53338948872752
Benazir,1964.0,158.0,"Drama, Romance",7.3,39.0,2309.0,1273.0,358.0,2472.0,3,1,7.0,3.6888794541139363
Bengal Tiger,2001.0,121.0,"Action, Crime",5.3,29.0,78.0,1956.0,1401.0,2212.0,3,1,0.0,3.4011973816621555
Bengaloored,2010.0,,"Drama, Romance",7.7,30.0,2856.0,796.0,1368.0,2652.0,3,1,7.0,3.4339872044851463
Benny and Babloo,2010.0,123.0,"Comedy, Drama",6.1,349.0,3122.0,1039.0,1910.0,27.0,3,1,4.0,5.857933154483459
Bepanaah,1985.0,156.0,"Drama, Family",6.2,42.0,1035.0,2082.0,1401.0,1816.0,3,1,7.0,3.7612001156935624
Beqabu,1996.0,,"Action, Drama, Family",4.1,59.0,1624.0,1971.0,1268.0,207.0,3,1,0.0,4.0943445622221
Beqasoor,1950.0,,Drama,6.7,17.0,1142.0,1165.0,96.0,1841.0,3,0,7.0,2.8903717578961645
Beqasoor,1980.0,,"Action, Crime, Drama",4.6,11.0,445.0,2455.0,2749.0,1429.0,3,1,0.0,2.4849066497880004
Be-Reham,1980.0,147.0,"Action, Crime, Thriller",6.8,32.0,1990.0,1980.0,1258.0,2480.0,3,1,0.0,3.4965075614664802
Be-Shaque,1981.0,121.0,"Adventure, Crime, Drama",6.3,30.0,1259.0,1304.0,177.0,2631.0,3,1,1.0,3.4339872044851463
Besharam,1978.0,139.0,"Action, Drama",5.4,114.0,677.0,2077.0,173.0,538.0,3,1,0.0,4.74493212836325
Besharam,2013.0,143.0,"Action, Comedy, Romance",3.6,5355.0,52.0,1760.0,1651.0,2165.0,3,1,0.0,8.585972706811063
Beta,1992.0,171.0,"Drama, Romance",6.3,1956.0,980.0,250.0,1234.0,371.0,3,1,7.0,7.579167967396076
Beta Ho To Aisa,1994.0,,Drama,3.8,45.0,558.0,1793.0,2765.0,315.0,3,0,7.0,3.828641396489095
Betaab,1983.0,162.0,"Family, Romance",6.6,532.0,2005.0,2058.0,1603.0,1872.0,3,1,8.0,6.278521424165844
Betaabi,1997.0,188.0,"Drama, Romance",4.4,104.0,2084.0,532.0,311.0,265.0,3,1,7.0,4.653960350157523
Betaaj Badshah,1994.0,166.0,"Action, Drama",4.8,44.0,990.0,1635.0,2325.0,1035.0,3,1,0.0,3.8066624897703196
Beti,1969.0,135.0,Drama,5.8,10.0,918.0,1390.0,2197.0,1221.0,3,0,7.0,2.3978952727983707
Beti Bete,1964.0,145.0,"Comedy, Drama, Family",6.8,31.0,1362.0,2262.0,2225.0,1006.0,3,1,4.0,3.4657359027997265
Beti No. 1,2000.0,,"Comedy, Drama, Family",3.7,241.0,2160.0,1731.0,1183.0,544.0,3,1,4.0,5.488937726156687
Between The Lines,2014.0,78.0,Drama,7.2,40.0,2260.0,1393.0,2495.0,2853.0,2,0,7.0,3.713572066704308
Bewafa,1952.0,112.0,"Drama, Romance",7.6,80.0,1397.0,1400.0,358.0,1970.0,3,1,7.0,4.394449154672439
Bewafa Sanam,1995.0,144.0,"Drama, Romance",5.1,104.0,868.0,1077.0,2358.0,2255.0,3,1,7.0,4.653960350157523
Bewafaa,2005.0,151.0,"Drama, Romance",4.4,2393.0,693.0,250.0,114.0,1171.0,3,1,7.0,7.780720886117918
Bewafai,1985.0,145.0,"Drama, Romance",5.6,58.0,1957.0,1702.0,1897.0,1756.0,3,1,7.0,4.07753744390572
Bewaffa Se Waffa,1992.0,172.0,Romance,4.9,75.0,2356.0,2507.0,982.0,1592.0,3,0,15.0,4.330733340286331
Bewajah,2017.0,127.0,Thriller,6.3,30.0,1024.0,284.0,2809.0,707.0,3,0,18.0,3.4339872044851463
Bewakoofiyaan,2014.0,119.0,"Comedy, Drama, Romance",5.5,3938.0,1738.0,421.0,2468.0,2165.0,3,1,4.0,8.278682162970906
Bewaqoof,1960.0,160.0,Musical,5.2,35.0,968.0,1067.0,1258.0,947.0,3,0,13.0,3.58351893845611
Beyond All Boundaries,2013.0,97.0,"Documentary, Biography, Sport",8.0,158.0,2848.0,1110.0,2681.0,2853.0,1,1,6.0,5.0689042022202315
Beyond Blue: An Unnerving Tale of a Demented Mind,2015.0,99.0,"Crime, Fantasy, Mystery",6.7,7.0,3133.0,2374.0,887.0,735.0,3,1,5.0,2.0794415416798357
Beyond Bollywood,2013.0,64.0,"Documentary, Biography, Drama",6.1,58.0,76.0,1872.0,1712.0,904.0,3,1,6.0,4.07753744390572
Beyond the Clouds,2017.0,120.0,"Drama, Family",7.0,2148.0,1437.0,858.0,1260.0,864.0,3,1,7.0,7.67275789664251
Bezubaan,1982.0,137.0,"Drama, Romance",7.3,70.0,472.0,2130.0,2321.0,2130.0,3,1,7.0,4.2626798770413155
Bezubaan Ishq,2015.0,128.0,"Musical, Romance",4.0,68.0,1063.0,1343.0,2441.0,1723.0,3,1,13.0,4.23410650459726
Bhaag Johnny,2015.0,118.0,"Action, Fantasy, Thriller",5.2,963.0,2633.0,1108.0,2869.0,1377.0,3,1,0.0,6.871091294610546
Bhaag Milkha Bhaag,2013.0,186.0,"Biography, Drama, Sport",8.2,62636.0,2140.0,703.0,2468.0,1790.0,3,1,3.0,11.045111436797486
Bhaagte Raho,2018.0,115.0,Comedy,3.6,18.0,1858.0,1844.0,1446.0,726.0,3,0,4.0,2.9444389791664403
Bhaangarh,2014.0,,Horror,6.7,32.0,721.0,63.0,2587.0,656.0,3,0,11.0,3.4965075614664802
Bhabhi,1991.0,145.0,"Comedy, Drama, Family",4.1,131.0,1307.0,461.0,763.0,1090.0,3,1,4.0,4.882801922586371
Bhabhi,1957.0,165.0,Drama,6.7,47.0,1952.0,1877.0,428.0,1764.0,3,0,7.0,3.871201010907891
Bhabhi Ki Chudiyan,1961.0,168.0,"Drama, Family",5.4,30.0,2373.0,442.0,1355.0,2272.0,3,1,7.0,3.4339872044851463
Bhabhipedia,2018.0,107.0,"Comedy, Romance",8.3,84.0,2520.0,901.0,836.0,2021.0,3,1,4.0,4.442651256490317
Bhabi,1938.0,,"Drama, Family",6.3,9.0,787.0,1820.0,1649.0,1456.0,3,1,7.0,2.302585092994046
Bhadaas,2013.0,89.0,Thriller,2.5,26.0,128.0,1279.0,333.0,417.0,3,0,18.0,3.295836866004329
Bhagam Bhag,1956.0,101.0,"Action, Comedy, Crime",6.0,21.0,1515.0,1067.0,2323.0,2601.0,3,1,0.0,3.091042453358316
Bhagam Bhag,2006.0,157.0,"Comedy, Drama, Thriller",6.5,11651.0,1924.0,145.0,763.0,1774.0,3,1,4.0,9.363233118079325
Bhagat Gora Kumbhar,1978.0,,"Drama, History",6.8,8.0,727.0,1719.0,1942.0,2547.0,3,1,7.0,2.1972245773362196
Bhagat Singh,2002.0,,Drama,3.2,6.0,232.0,600.0,1148.0,1564.0,3,0,7.0,1.9459101490553132
Bhagawat Ek Jung,2001.0,113.0,Action,4.6,18.0,652.0,1304.0,1325.0,1505.0,3,0,0.0,2.9444389791664403
Bhageeratha,2005.0,158.0,"Action, Drama",5.6,227.0,2205.0,1805.0,2393.0,558.0,3,1,0.0,5.429345628954441
Bhagmati,2005.0,160.0,"Animation, Drama, History",6.1,57.0,377.0,2319.0,1386.0,985.0,3,1,2.0,4.060443010546419
Bhago Bhoot Aayaa,1985.0,,"Comedy, Horror, Thriller",5.9,43.0,1328.0,376.0,599.0,1107.0,3,1,4.0,3.784189633918261
Bhago Boot,2001.0,81.0,Family,6.5,14.0,2384.0,2475.0,1544.0,2853.0,2,0,8.0,2.70805020110221
Bhagwaan Dada,1986.0,147.0,"Drama, Thriller",4.3,169.0,1011.0,1711.0,1920.0,2650.0,3,1,7.0,5.135798437050262
Bhagwan Parshuram,1970.0,136.0,Drama,8.7,10.0,458.0,1461.0,2288.0,2830.0,3,0,7.0,2.3978952727983707
Bhagwan Shri Krishna,1985.0,138.0,"Action, Adventure, Fantasy",6.0,10.0,2186.0,120.0,1152.0,1383.0,3,1,0.0,2.3978952727983707
Bhagyawan,1994.0,136.0,Drama,4.4,68.0,2329.0,767.0,982.0,1845.0,3,0,7.0,4.23410650459726
Bhai,1997.0,147.0,"Action, Drama",5.1,353.0,655.0,2266.0,1704.0,2625.0,3,1,0.0,5.869296913133774
Bhai Bahen,1969.0,151.0,"Drama, Family",4.9,24.0,0.0,376.0,2549.0,1738.0,3,1,7.0,3.2188758248682006
Bhai Bhai,1970.0,,"Action, Drama, Family",5.7,18.0,2032.0,2262.0,337.0,1567.0,3,1,0.0,2.9444389791664403
Bhai Bhai,1997.0,172.0,Action,3.8,24.0,2676.0,1199.0,2171.0,1460.0,3,0,0.0,3.2188758248682006
Bhai Ho To Aisa,1972.0,131.0,"Action, Comedy, Drama",5.7,37.0,1482.0,919.0,818.0,2480.0,3,1,0.0,3.6375861597263857
Bhai Thakur,2000.0,118.0,"Action, Drama",3.2,9.0,3098.0,1678.0,2830.0,703.0,3,1,0.0,2.302585092994046
Bhai-Bahen,1959.0,136.0,"Drama, Family",6.0,5.0,795.0,567.0,1867.0,1181.0,3,1,7.0,1.791759469228055
Bhai-Bhai,1956.0,164.0,Drama,5.8,15.0,1403.0,376.0,1110.0,1705.0,3,0,7.0,2.772588722239781
Bhairav,2001.0,133.0,Action,4.6,29.0,2864.0,810.0,1401.0,987.0,3,0,0.0,3.4011973816621555
Bhairava Dweepam,1994.0,162.0,"Action, Adventure, Comedy",7.8,533.0,2679.0,1391.0,2060.0,2384.0,3,1,0.0,6.280395838960195
Bhairavi,1996.0,145.0,"Drama, Musical, Romance",5.3,35.0,344.0,385.0,2489.0,1406.0,3,1,7.0,3.58351893845611
Bhaiyya,1961.0,,"Drama, Family",7.4,7.0,1824.0,2344.0,2759.0,856.0,3,1,7.0,2.0794415416798357
Bhakta Dhruva,1947.0,,"Adventure, Drama, Fantasy",5.3,7.0,2580.0,920.0,2228.0,1296.0,3,1,1.0,2.0794415416798357
Bhakta Prahlad,1932.0,,Drama,5.5,6.0,1227.0,1436.0,844.0,1253.0,3,0,7.0,1.9459101490553132
Bhakta Siriyala,1980.0,154.0,"Biography, Drama, Musical",7.1,19.0,963.0,315.0,1001.0,2458.0,3,1,3.0,2.995732273553991
Bhakti Mein Shakti,1979.0,140.0,"Adventure, Drama, History",7.5,13.0,624.0,575.0,2232.0,501.0,3,1,1.0,2.6390573296152584
Bhala Manus,1976.0,138.0,"Drama, Romance",4.6,11.0,3082.0,1763.0,1559.0,371.0,3,1,7.0,2.4849066497880004
Bhale Donga,1989.0,,"Action, Comedy, Drama",3.3,108.0,1309.0,1391.0,1406.0,558.0,3,1,0.0,4.6913478822291435
Bhalevadivi Basu,2001.0,156.0,"Family, Comedy",4.6,35.0,1763.0,1391.0,221.0,2511.0,3,1,8.0,3.58351893845611
Bhamashah,2017.0,83.0,Drama,6.2,11.0,3037.0,633.0,572.0,1414.0,3,0,7.0,2.4849066497880004
Bhangarh: The Last Episode,2017.0,84.0,Horror,5.5,15.0,247.0,1578.0,588.0,2222.0,3,0,11.0,2.772588722239781
Bhangover,2017.0,115.0,Comedy,5.1,34.0,1416.0,1605.0,283.0,285.0,3,0,4.0,3.5553480614894135
Bhangra Paa Le,2020.0,131.0,"Comedy, Drama, Music",6.0,287.0,2684.0,2273.0,2082.0,2550.0,3,1,4.0,5.662960480135946
Bhanwar,1976.0,135.0,"Drama, Romance",6.2,24.0,496.0,376.0,1955.0,1781.0,3,1,7.0,3.2188758248682006
Bhanwarey,2017.0,120.0,Comedy,6.8,58.0,2602.0,2085.0,1061.0,1016.0,3,0,4.0,4.07753744390572
Bharat,2019.0,150.0,"Action, Comedy, Drama",4.9,22598.0,172.0,1939.0,1073.0,2714.0,3,1,0.0,10.025660936493804
Bharat Bhagya Vidhata,2002.0,160.0,"Action, Adventure, Thriller",5.7,13.0,385.0,532.0,708.0,2480.0,3,1,0.0,2.6390573296152584
Bharat Milap,1942.0,170.0,"Adventure, Drama, History",6.6,9.0,3005.0,1599.0,996.0,2852.0,3,1,1.0,2.302585092994046
Bharati Mata,1932.0,,Unknown,6.1,12.0,1823.0,786.0,915.0,1071.0,3,0,19.0,2.5649493574615367
Bharosa,1963.0,,"Comedy, Drama, Romance",6.1,24.0,1160.0,780.0,337.0,1469.0,3,1,4.0,3.2188758248682006
Bharosa,1981.0,,"Adventure, Mystery",6.0,5.0,1537.0,1702.0,2854.0,2686.0,3,1,1.0,1.791759469228055
Bhasmasur,2017.0,74.0,Drama,6.8,132.0,1723.0,843.0,1402.0,2831.0,3,0,7.0,4.890349128221754
Bhavani Junction,1985.0,128.0,"Action, Crime, Thriller",5.8,48.0,885.0,2082.0,2325.0,3058.0,3,1,0.0,3.8918202981106265
Bhavesh Joshi Superhero,2018.0,154.0,"Action, Crime, Drama",7.6,7479.0,3040.0,803.0,1794.0,404.0,3,1,0.0,8.919988070968524
Bhavna,1984.0,,Drama,6.9,35.0,1903.0,2030.0,1327.0,2253.0,3,0,7.0,3.58351893845611
Bhavnao Ko Samjho,2010.0,114.0,"Action, Comedy, Drama",4.3,76.0,2801.0,1160.0,1612.0,725.0,3,1,0.0,4.343805421853684
Bhavni Bhavai,1981.0,135.0,"Comedy, Drama",6.6,114.0,1279.0,2165.0,1510.0,1504.0,3,1,4.0,4.74493212836325
Bhawani Mandi Tesan,2018.0,,Comedy,6.4,5.0,2527.0,1146.0,1738.0,1000.0,3,0,4.0,1.791759469228055
Bhayaanak,1998.0,105.0,Horror,4.3,6.0,1954.0,248.0,2650.0,504.0,3,0,11.0,1.9459101490553132
Bhayaanak Mahal,1988.0,113.0,Horror,3.4,8.0,459.0,433.0,1981.0,1040.0,3,0,11.0,2.1972245773362196
Bhayaanak Panjaa,2003.0,95.0,Horror,4.9,24.0,1954.0,500.0,2282.0,246.0,3,0,11.0,3.2188758248682006
Bhayanak Maut,2000.0,,Horror,6.5,8.0,510.0,1985.0,911.0,194.0,3,0,11.0,2.1972245773362196
Bheegi Palkein,1982.0,142.0,Romance,6.4,18.0,2680.0,1667.0,2436.0,723.0,3,0,15.0,2.9444389791664403
Bheegi Raat,1965.0,157.0,"Comedy, Drama, Romance",6.2,40.0,1203.0,376.0,1355.0,1831.0,3,1,4.0,3.713572066704308
Bheema Mera Haathi,1973.0,,Drama,4.4,8.0,830.0,555.0,2488.0,2939.0,3,0,7.0,2.1972245773362196
Bheja Fry,2007.0,95.0,"Comedy, Drama",7.6,11444.0,2378.0,2476.0,1873.0,2358.0,3,1,4.0,9.345308232386667
Bheja Fry 2,2011.0,129.0,"Comedy, Drama",4.7,1302.0,2378.0,2476.0,1082.0,1484.0,3,1,4.0,7.172424577124845
Bheja Fry 3,2017.0,,Comedy,6.8,15.0,2378.0,2476.0,1873.0,2853.0,2,0,4.0,2.772588722239781
Bhikharan,1935.0,143.0,Drama,6.2,9.0,1916.0,1789.0,1343.0,946.0,3,0,7.0,2.302585092994046
Bhindi Baazaar,2011.0,157.0,"Crime, Drama, Thriller",6.1,673.0,277.0,1039.0,1738.0,1790.0,3,1,5.0,6.513230110912307
Bhishma,1996.0,,"Action, Thriller",4.2,32.0,1029.0,1304.0,797.0,267.0,3,1,0.0,3.4965075614664802
BHK Bhalla@Halla.Kom,2016.0,122.0,Comedy,5.9,74.0,2127.0,2382.0,872.0,1413.0,3,0,4.0,4.31748811353631
Bhobhar - The Live Ash,2012.0,100.0,"Drama, Family, Romance",4.9,9.0,805.0,2485.0,2723.0,2993.0,3,1,7.0,2.302585092994046
Bhola Bhala,1978.0,,"Action, Crime, Drama",6.3,28.0,2513.0,1702.0,2003.0,1544.0,3,1,0.0,3.367295829986474
Bhola in Bollywood,2004.0,,Comedy,6.3,19.0,2776.0,155.0,1852.0,2739.0,3,0,4.0,2.995732273553991
Bhonsle,2018.0,128.0,Drama,7.0,1257.0,675.0,1224.0,2207.0,964.0,3,0,7.0,7.1372784372603855
Bhooka Sher,1984.0,165.0,Action,4.8,12.0,969.0,6.0,1897.0,2408.0,3,0,0.0,2.5649493574615367
Bhooka Sher,2001.0,109.0,Action,5.0,23.0,932.0,631.0,2286.0,2584.0,3,0,0.0,3.1780538303479458
Bhookailas,1958.0,174.0,"Drama, Musical",7.1,143.0,1160.0,1373.0,109.0,1006.0,3,1,7.0,4.969813299576001
Bhookamp,1993.0,,"Action, Drama, Thriller",5.0,23.0,819.0,716.0,794.0,691.0,3,1,0.0,3.1780538303479458
Bhookh,1978.0,,"Action, Crime, Drama",6.6,5.0,885.0,1750.0,2325.0,2130.0,3,1,0.0,1.791759469228055
Bhool,1984.0,,Drama,6.2,5.0,2900.0,215.0,2613.0,2798.0,3,0,7.0,1.791759469228055
Bhool Bhulaiyaa,2007.0,159.0,"Comedy, Horror, Mystery",7.3,22777.0,1924.0,145.0,2745.0,2514.0,3,1,4.0,10.033550436834297
Bhool Bhulaiyan,1933.0,,Comedy,6.0,6.0,1071.0,749.0,650.0,1134.0,3,0,4.0,1.9459101490553132
Bhoomi,2017.0,136.0,"Action, Crime, Drama",5.3,1755.0,1746.0,2066.0,2559.0,70.0,3,1,0.0,7.470793774195062
Bhoot,2003.0,113.0,"Horror, Mystery, Thriller",6.5,3476.0,2146.0,108.0,2689.0,1606.0,3,1,11.0,8.153925132007862
Bhoot and Friends,2010.0,133.0,"Animation, Action, Adventure",5.8,96.0,1254.0,1470.0,345.0,779.0,3,1,2.0,4.574710978503383
Bhoot Bhungla,1997.0,,Comedy,3.8,13.0,429.0,767.0,2286.0,1110.0,3,0,4.0,2.6390573296152584
Bhoot Bungla,1965.0,145.0,"Comedy, Horror, Mystery",6.5,106.0,1531.0,1288.0,2623.0,1624.0,3,1,4.0,4.672828834461906
Bhoot Ka Darr,1999.0,85.0,Horror,4.0,9.0,2307.0,1985.0,985.0,1099.0,3,0,11.0,2.302585092994046
Bhoot Ke Peeche Bhoot,2003.0,,Horror,3.4,8.0,1300.0,810.0,1697.0,1505.0,3,0,11.0,2.1972245773362196
Bhoot Raaj,2000.0,,Horror,3.2,8.0,1835.0,1611.0,2236.0,2438.0,3,0,11.0,2.1972245773362196
Bhoot Returns,2012.0,85.0,"Horror, Mystery, Thriller",2.5,513.0,2146.0,867.0,1229.0,144.0,3,1,11.0,6.2422232654551655
Bhoot: Part One - The Haunted Ship,2020.0,114.0,"Horror, Mystery, Thriller",5.4,4236.0,493.0,2433.0,360.0,1468.0,3,1,11.0,8.351610750626559
Bhoothnath Returns,2014.0,155.0,"Comedy, Drama, Fantasy",6.6,5030.0,1725.0,206.0,481.0,1779.0,3,1,4.0,8.523374050491318
Bhootnath,2008.0,150.0,"Comedy, Drama, Family",6.3,8460.0,3091.0,206.0,982.0,2377.0,3,1,4.0,9.0432226489245
Bhootnath,1963.0,129.0,Adventure,6.5,60.0,1658.0,1313.0,2759.0,1980.0,3,0,1.0,4.110873864173311
Bhootni,2000.0,,Horror,2.4,5.0,1005.0,1055.0,973.0,2123.0,3,0,11.0,1.791759469228055
Bhopal Express,1999.0,100.0,Drama,7.1,367.0,1429.0,1039.0,1577.0,3058.0,3,0,7.0,5.908082938168931
Bhopal: A Prayer for Rain,2014.0,96.0,Drama,7.2,1968.0,2219.0,1244.0,1394.0,1116.0,3,0,7.0,7.585281078639126
Bhopali,2011.0,89.0,"Documentary, History, News",8.0,58.0,2967.0,1924.0,2141.0,2099.0,3,1,6.0,4.07753744390572
Bhor: Dawn,2018.0,93.0,Drama,7.8,147.0,1207.0,625.0,2250.0,1601.0,3,0,7.0,4.997212273764115
Bhouri,2016.0,140.0,Drama,6.7,403.0,1058.0,1645.0,1331.0,1267.0,3,0,7.0,6.0014148779611505
Bhram: An Illusion,2008.0,,"Drama, Mystery, Romance",4.0,113.0,1814.0,665.0,1386.0,2491.0,3,1,7.0,4.736198448394496
Bhrashtachar,1989.0,153.0,"Action, Crime, Drama",4.6,119.0,2181.0,1818.0,1401.0,312.0,3,1,0.0,4.787491742782046
Bhuddah Hoga Tera Baap,2011.0,114.0,"Action, Comedy, Crime",5.6,2782.0,1938.0,206.0,818.0,2637.0,3,1,0.0,7.931284761525891
Bhumika,1977.0,142.0,Drama,7.4,585.0,2661.0,2165.0,196.0,1623.0,3,0,7.0,6.373319789577012
Bhuvan Shome,1969.0,96.0,"Comedy, Drama",7.5,400.0,1594.0,2396.0,2517.0,2501.0,3,1,4.0,5.993961427306569
Bichhoo,2000.0,160.0,"Action, Crime, Drama",5.0,2807.0,865.0,508.0,1958.0,405.0,3,1,0.0,7.940227765145702
Bidaai,1974.0,144.0,"Drama, Musical, Romance",6.5,54.0,1362.0,919.0,1188.0,754.0,3,1,7.0,4.007333185232471
Bidyapati,1937.0,141.0,Drama,7.0,23.0,636.0,1508.0,660.0,606.0,3,0,7.0,3.1780538303479458
Big Brother,2007.0,128.0,"Action, Crime, Drama",3.8,781.0,865.0,2270.0,1785.0,2947.0,3,1,0.0,6.661854740545311
Bihari Gunda,1987.0,,Action,5.0,6.0,2339.0,1644.0,1897.0,2205.0,3,0,0.0,1.9459101490553132
Bijuka,2012.0,74.0,Drama,6.4,22.0,389.0,342.0,170.0,1007.0,3,0,7.0,3.1354942159291497
Bikhare Moti,1971.0,,"Action, Drama, Romance",3.6,13.0,2886.0,919.0,411.0,2686.0,3,1,0.0,2.6390573296152584
Bilal,2008.0,92.0,Documentary,7.1,36.0,2705.0,2385.0,2681.0,2853.0,0,0,6.0,3.6109179126442243
Billa,1989.0,,"Action, Comedy, Crime",6.6,19.0,2027.0,878.0,760.0,1001.0,3,1,0.0,2.995732273553991
Billa No. 786,2000.0,140.0,Action,4.4,34.0,971.0,1304.0,722.0,2577.0,3,0,0.0,3.5553480614894135
Billa Ranga,1982.0,113.0,"Action, Crime, Family",7.5,53.0,1188.0,550.0,1406.0,1945.0,3,1,0.0,3.9889840465642745
Billoo Baadshah,1989.0,148.0,"Action, Crime, Drama",4.5,41.0,2680.0,2084.0,219.0,868.0,3,1,0.0,3.7376696182833684
Billu,2009.0,137.0,"Comedy, Drama",6.2,11078.0,1924.0,853.0,1177.0,1746.0,3,1,4.0,9.312806703520673
Billu Ustaad,2018.0,138.0,Drama,6.9,26.0,2850.0,1434.0,2440.0,50.0,3,0,7.0,3.295836866004329
Bin Badal Barsaat,1963.0,154.0,"Drama, Musical, Mystery",5.7,31.0,1138.0,368.0,474.0,1724.0,3,1,7.0,3.4657359027997265
Bin Bulaye Baraati,2011.0,133.0,"Action, Comedy, Crime",3.8,255.0,582.0,1416.0,1975.0,2561.0,3,1,0.0,5.545177444479562
Bin Maa Ke Bachche,1980.0,131.0,Drama,6.0,17.0,2519.0,495.0,1184.0,2035.0,3,0,7.0,2.8903717578961645
Bin Phere Free Me Tere,2013.0,131.0,Comedy,4.5,22.0,1495.0,380.0,309.0,1411.0,3,0,4.0,3.1354942159291497
Bin Phere Hum Tere,1979.0,,"Drama, Family",6.7,25.0,2051.0,368.0,2793.0,2358.0,3,1,7.0,3.258096538021482
Bindhaast,1999.0,,"Adventure, Mystery, Thriller",7.0,148.0,581.0,736.0,2315.0,2127.0,3,1,1.0,5.003946305945459
Bindiya Aur Bandook,1972.0,,Action,2.8,10.0,2616.0,1055.0,338.0,1292.0,3,0,0.0,2.3978952727983707
Bindiya Chamkegi,1984.0,139.0,"Comedy, Family",5.1,18.0,2894.0,1818.0,2793.0,1082.0,3,1,4.0,2.9444389791664403
Bindiya Mange Bandook,2001.0,115.0,Action,3.9,8.0,2481.0,936.0,1697.0,1505.0,3,0,0.0,2.1972245773362196
Bindya,1960.0,,Drama,5.7,12.0,1952.0,1877.0,1645.0,481.0,3,0,7.0,2.5649493574615367
Bioscopewala,2017.0,91.0,Drama,7.6,882.0,634.0,574.0,746.0,67.0,3,0,7.0,6.78332520060396
Biradari,1966.0,139.0,Drama,5.9,33.0,2149.0,2082.0,697.0,1845.0,3,0,7.0,3.5263605246161616
Biraj Bahu,1954.0,145.0,Drama,6.2,51.0,525.0,989.0,32.0,2440.0,3,0,7.0,3.9512437185814275
Bird Idol,2010.0,100.0,Animation,4.3,7.0,1139.0,2385.0,2681.0,2853.0,0,0,2.0,2.0794415416798357
Birha Ki Raat,1950.0,,"Drama, Romance",7.1,15.0,802.0,616.0,1506.0,2853.0,2,1,7.0,2.772588722239781
Bismillah Ki Barkat,1983.0,,Drama,5.8,5.0,1140.0,2342.0,2456.0,1450.0,3,0,7.0,1.791759469228055
Bitch,2017.0,82.0,"Adventure, Comedy, Drama",5.5,11.0,606.0,176.0,1179.0,237.0,3,1,1.0,2.4849066497880004
Bitter Chestnut,2019.0,100.0,Drama,7.1,27.0,881.0,457.0,1957.0,862.0,3,0,7.0,3.332204510175204
Bittoo Boss,2012.0,116.0,Romance,4.1,365.0,2816.0,1625.0,1885.0,2846.0,3,0,15.0,5.902633333401366
Biwi Aur Makan,1966.0,126.0,Comedy,6.9,45.0,962.0,503.0,1375.0,2420.0,3,0,4.0,3.828641396489095
Biwi Ho To Aisi,1988.0,149.0,"Comedy, Drama",5.8,857.0,1015.0,1818.0,696.0,538.0,3,1,4.0,6.754604099487962
Biwi No. 1,1999.0,159.0,"Comedy, Drama, Romance",5.7,5464.0,629.0,1025.0,2150.0,249.0,3,1,4.0,8.60611940061064
Biwi No. 2,2000.0,,Romance,5.7,63.0,2518.0,1378.0,2607.0,918.0,3,0,15.0,4.1588830833596715
Biwi-O-Biwi,1981.0,156.0,"Comedy, Romance",7.0,206.0,2005.0,1980.0,1955.0,1816.0,3,1,4.0,5.332718793265369
Black,2005.0,122.0,Drama,8.2,33782.0,2457.0,206.0,1958.0,2505.0,3,0,7.0,10.427712996365136
Black & White,2008.0,134.0,"Crime, Drama, Thriller",6.2,570.0,2730.0,250.0,264.0,2493.0,3,1,5.0,6.3473892096560105
Black Cat,1959.0,154.0,"Action, Thriller, Mystery",6.7,25.0,1720.0,442.0,1391.0,1082.0,3,1,0.0,3.258096538021482
Black Cobra,1981.0,,"Action, Adventure, Crime",4.9,26.0,1188.0,1037.0,1642.0,1764.0,3,1,0.0,3.295836866004329
Black Friday,2004.0,143.0,"Action, Crime, Drama",8.5,19493.0,299.0,1039.0,1686.0,82.0,3,1,0.0,9.877862004897155
Black Home,2015.0,105.0,"Drama, Thriller",7.4,23.0,362.0,382.0,545.0,1574.0,3,1,7.0,3.1780538303479458
Black Mountain,1971.0,83.0,"Drama, Family, Fantasy",6.6,24.0,1402.0,150.0,2010.0,1881.0,3,1,7.0,3.2188758248682006
Black Rose,2021.0,,Thriller,5.0,46.0,936.0,1945.0,37.0,2329.0,3,0,18.0,3.8501476017100584
Black Rose,2020.0,120.0,Thriller,8.6,38.0,936.0,1945.0,1845.0,41.0,3,0,18.0,3.6635616461296463
Blackboard vs Whiteboard,2019.0,152.0,"Action, Family",5.4,43.0,2898.0,631.0,133.0,1766.0,3,1,0.0,3.784189633918261
Blackmail,1973.0,145.0,"Drama, Musical, Romance",6.7,199.0,3003.0,631.0,1921.0,2480.0,3,1,7.0,5.298317366548036
Blackmail,2005.0,126.0,"Action, Drama, Thriller",4.1,618.0,251.0,108.0,2552.0,1899.0,3,1,0.0,6.428105272684596
Blackmail,2018.0,138.0,"Comedy, Thriller",7.1,9671.0,55.0,853.0,1104.0,2861.0,3,1,4.0,9.176990392294629
Blank,2019.0,107.0,"Action, Thriller",6.2,933.0,482.0,2270.0,1050.0,1170.0,3,1,0.0,6.839476438228843
Blood Money,2012.0,109.0,"Action, Crime, Drama",5.0,981.0,3072.0,1208.0,1157.0,211.0,3,1,0.0,6.889591308354466
Blood Relation,2015.0,,Drama,6.3,6.0,2469.0,2278.0,2681.0,2853.0,1,0,7.0,1.9459101490553132
Bloody Isshq,2013.0,,"Drama, Romance",7.2,35.0,346.0,131.0,2355.0,1168.0,3,1,7.0,3.58351893845611
Blue,2009.0,119.0,"Action, Adventure, Mystery",3.7,4674.0,286.0,145.0,2195.0,1289.0,3,1,0.0,8.449984441722787
Blue Mountains,2017.0,134.0,"Drama, Family, Musical",5.7,51.0,2773.0,1984.0,1614.0,187.0,3,1,7.0,3.9512437185814275
Blue Oranges,2009.0,114.0,Mystery,6.5,201.0,2073.0,1712.0,75.0,1809.0,3,0,14.0,5.308267697401205
"Blue Skies, Green Waters, Red Earth",2013.0,137.0,"Adventure, Drama, Romance",7.7,3446.0,2415.0,682.0,2560.0,478.0,3,1,1.0,8.145259566516865
Bluff Master,1963.0,135.0,Romance,6.5,112.0,1482.0,2058.0,2129.0,1709.0,3,0,15.0,4.727387818712341
Bluffmaster,2005.0,137.0,"Comedy, Crime, Drama",6.6,5950.0,2270.0,45.0,1785.0,2169.0,3,1,4.0,8.691314551644853
Bobby,1973.0,168.0,"Comedy, Musical, Romance",7.1,1776.0,2010.0,662.0,2029.0,1845.0,3,1,4.0,7.482681828154651
Bobby Jasoos,2014.0,121.0,"Comedy, Drama, Thriller",5.5,2189.0,2403.0,2436.0,124.0,1352.0,3,1,4.0,7.691656822810547
Bobby: Love and Lust,2005.0,125.0,Romance,4.8,37.0,2133.0,2392.0,1423.0,945.0,3,0,15.0,3.6375861597263857
Bodyguard,2011.0,130.0,"Action, Comedy, Drama",4.7,23602.0,2673.0,1939.0,1059.0,1965.0,3,1,0.0,10.069129101578879
Bohlol Dana - A Sage of Baghdad,2010.0,117.0,History,8.2,6.0,40.0,2385.0,2681.0,2853.0,0,0,10.0,1.9459101490553132
Boichek,2017.0,85.0,"Drama, Thriller",6.3,24.0,2488.0,531.0,2515.0,563.0,3,1,7.0,3.2188758248682006
Bol Bachchan,2012.0,155.0,"Action, Comedy",5.5,8367.0,2281.0,206.0,42.0,104.0,3,1,0.0,9.032170186304704
Bol Radha Bol,1992.0,164.0,"Action, Comedy, Crime",6.1,760.0,629.0,1835.0,982.0,1110.0,3,1,0.0,6.634633357861686
Bold,2006.0,,Crime,4.7,28.0,1171.0,2338.0,1759.0,2438.0,3,0,5.0,3.367295829986474
Bole India Jai Bhim,2016.0,150.0,Biography,7.9,20.0,2737.0,2140.0,2157.0,1056.0,3,0,3.0,3.044522437723423
Bollywood Diaries,2016.0,125.0,Drama,6.0,257.0,1173.0,1664.0,2146.0,405.0,3,0,7.0,5.552959584921617
Bollywood Villa,2014.0,124.0,Thriller,4.8,12.0,572.0,343.0,1700.0,659.0,3,0,18.0,2.5649493574615367
Bollywood: The Greatest Love Story Ever Told,2011.0,81.0,Documentary,6.1,115.0,2140.0,921.0,173.0,100.0,3,0,6.0,4.7535901911063645
Bolo Raam,2009.0,103.0,"Action, Crime, Drama",5.2,85.0,2127.0,1834.0,639.0,1756.0,3,1,0.0,4.454347296253507
Bom,2011.0,117.0,"Documentary, History",8.2,70.0,213.0,2385.0,2681.0,2853.0,0,1,6.0,4.2626798770413155
Bomb Blast,1993.0,153.0,"Action, Thriller",6.4,25.0,648.0,1862.0,63.0,1224.0,3,1,0.0,3.258096538021482
Bombai Ka Babu,1960.0,154.0,"Drama, Musical, Romance",7.0,154.0,2012.0,616.0,2501.0,1057.0,3,1,7.0,5.043425116919247
Bombairiya,2019.0,104.0,"Comedy, Crime, Drama",4.5,381.0,1825.0,1639.0,115.0,2572.0,3,1,4.0,5.945420608606575
Bombay 405 Miles,1980.0,164.0,"Comedy, Action",6.9,83.0,546.0,2549.0,2791.0,2480.0,3,1,4.0,4.430816798843313
Bombay Boys,1998.0,105.0,"Comedy, Crime, Drama",6.5,557.0,1200.0,1419.0,1843.0,146.0,3,1,4.0,6.324358962381311
Bombay Express,1981.0,,Action,5.6,5.0,1211.0,1159.0,2588.0,2853.0,2,0,0.0,1.791759469228055
Bombay Ka Chor,1962.0,,"Crime, Mystery",7.0,16.0,2323.0,1067.0,1258.0,171.0,3,1,5.0,2.833213344056216
Bombay Police,1992.0,,Action,5.4,9.0,1669.0,1378.0,895.0,1826.0,3,0,0.0,2.302585092994046
Bombay Rose,2019.0,97.0,"Animation, Drama, Romance",6.0,480.0,841.0,563.0,164.0,810.0,3,1,2.0,6.175867270105761
Bombay Talkies,2013.0,127.0,Drama,6.7,5124.0,3137.0,650.0,1049.0,319.0,3,0,7.0,8.54188580400661
Bombay to Bangkok,2008.0,120.0,"Comedy, Crime, Romance",4.6,417.0,1650.0,2121.0,1193.0,2931.0,3,1,4.0,6.035481432524756
Bombay to Goa,1972.0,132.0,"Action, Adventure, Comedy",6.8,1106.0,1531.0,1878.0,1375.0,371.0,3,1,0.0,7.009408932708637
Bombay Velvet,2015.0,149.0,"Action, Crime, Drama",5.6,5685.0,299.0,1760.0,269.0,1162.0,3,1,0.0,8.645762292210945
Bond 303,1985.0,,"Action, Adventure, Crime",4.9,27.0,2225.0,919.0,1677.0,2824.0,3,1,0.0,3.332204510175204
Bond of Love,2001.0,174.0,"Drama, Family",5.1,1584.0,2789.0,206.0,1921.0,136.0,3,1,7.0,7.368339686311381
Boom,2003.0,100.0,"Crime, Thriller",2.3,1361.0,1200.0,206.0,900.0,877.0,3,1,5.0,7.216709486709457
Boond,2001.0,137.0,"Action, Crime, Drama",4.2,10.0,976.0,1424.0,1653.0,544.0,3,1,0.0,2.3978952727983707
Boond Jo Ban Gayee Moti,1967.0,,"Crime, Drama, Romance",6.8,31.0,2579.0,919.0,1455.0,125.0,3,1,5.0,3.4657359027997265
Boot Polish,1954.0,90.0,"Comedy, Drama, Family",8.0,780.0,1863.0,1101.0,1974.0,650.0,3,1,4.0,6.660575149839686
Border,1997.0,176.0,"Action, Drama, History",7.9,14399.0,1017.0,2270.0,2552.0,138.0,3,1,0.0,9.574983485564092
Border Hindustan Ka,2003.0,,"Action, Romance",5.1,83.0,3113.0,696.0,1872.0,78.0,3,1,0.0,4.430816798843313
Border Kashmir,2002.0,107.0,Action,2.9,7.0,2899.0,631.0,632.0,269.0,3,0,0.0,2.0794415416798357
Borderlands,2021.0,,Documentary,9.0,7.0,2407.0,2385.0,2681.0,2853.0,0,0,6.0,2.0794415416798357
Boss,2013.0,143.0,"Action, Comedy, Crime",5.1,10583.0,286.0,145.0,2362.0,1494.0,3,1,0.0,9.267098705794792
Boxed,2021.0,115.0,Adventure,6.4,10.0,1574.0,1235.0,908.0,1509.0,3,0,1.0,2.3978952727983707
Boxer,1965.0,136.0,Drama,7.5,13.0,1981.0,575.0,1455.0,452.0,3,0,7.0,2.6390573296152584
Boxer,1984.0,,"Action, Drama, Sport",6.2,126.0,2019.0,2332.0,1401.0,2104.0,3,1,0.0,4.844187086458591
Boy Friend,1961.0,137.0,"Drama, Romance",7.6,60.0,1677.0,2058.0,1230.0,1724.0,3,1,7.0,4.110873864173311
Boy Friend,1993.0,,Romance,4.4,8.0,2183.0,2087.0,1983.0,1209.0,3,0,15.0,2.1972245773362196
Boys Who Like Girls,2018.0,68.0,Documentary,6.9,19.0,987.0,388.0,2728.0,902.0,3,0,6.0,2.995732273553991
Boyss Toh Boyss Hain,2013.0,,Comedy,5.5,43.0,207.0,774.0,1905.0,292.0,3,0,4.0,3.784189633918261
Brahma,1994.0,,"Crime, Drama, Mystery",5.1,38.0,1164.0,767.0,1223.0,447.0,3,1,5.0,3.6635616461296463
Brahmachari,1968.0,157.0,"Comedy, Drama, Musical",6.9,366.0,496.0,2058.0,1911.0,1845.0,3,1,4.0,5.905361848054571
Brahmarshi Vishwamitra,1991.0,,"Drama, Musical",7.3,50.0,1636.0,1373.0,1494.0,500.0,3,1,7.0,3.9318256327243257
Break Ke Baad,2010.0,118.0,"Comedy, Drama, Romance",5.2,4033.0,620.0,608.0,2271.0,2464.0,3,1,4.0,8.302513718514158
Breakaway,2011.0,101.0,"Comedy, Drama, Sport",5.7,2237.0,2268.0,2481.0,496.0,2226.0,3,1,4.0,7.71333788887187
Breaking Free,2015.0,82.0,"Documentary, Crime, History",6.3,33.0,2709.0,2506.0,1303.0,225.0,3,1,6.0,3.5263605246161616
Breed,2020.0,,Drama,9.6,48.0,538.0,510.0,340.0,792.0,3,0,7.0,3.8918202981106265
Bride & Prejudice,2004.0,122.0,"Comedy, Drama, Musical",6.2,20125.0,875.0,1243.0,85.0,1587.0,3,1,4.0,9.909767790493278
Brina,2016.0,,Drama,7.5,8.0,1820.0,1194.0,1888.0,2333.0,3,0,7.0,2.1972245773362196
"Brother, Superhit!",2018.0,139.0,"Action, Comedy, Drama",3.9,554.0,1697.0,2270.0,1758.0,360.0,3,1,0.0,6.318968113746434
Brothers,2015.0,156.0,"Action, Drama, Sport",6.5,12018.0,1250.0,145.0,2422.0,988.0,3,1,0.0,9.39424400995279
Bub (Father),2001.0,114.0,Drama,7.6,17.0,1137.0,966.0,1136.0,2989.0,3,0,7.0,2.8903717578961645
Bubble Gum,2011.0,116.0,Drama,7.3,456.0,2478.0,313.0,2626.0,681.0,3,0,7.0,6.124683390894205
Buchcha,2017.0,89.0,"Adventure, Drama, Family",7.2,6.0,1784.0,2029.0,608.0,1804.0,3,1,1.0,1.9459101490553132
Buddha in a Traffic Jam,2016.0,114.0,"Crime, Thriller",6.7,2346.0,3087.0,19.0,1248.0,1761.0,3,1,5.0,7.760893195851024
Buddha Mar Gaya,2007.0,93.0,Comedy,2.6,356.0,2005.0,1326.0,962.0,544.0,3,0,4.0,5.877735781779639
Buddha Mil Gaya,1971.0,138.0,"Musical, Mystery, Drama",7.0,244.0,962.0,1425.0,1631.0,339.0,3,1,13.0,5.501258210544727
Buddha.mov,2017.0,70.0,Unknown,6.7,33.0,1193.0,2385.0,2681.0,2853.0,0,0,19.0,3.5263605246161616
Budhia Singh: Born to Run,2016.0,112.0,"Biography, Drama, Sport",7.6,1393.0,2699.0,1224.0,1349.0,807.0,3,1,3.0,7.2399325913204695
Budtameez,1966.0,145.0,"Comedy, Drama, Romance",7.4,78.0,1482.0,2058.0,2112.0,1292.0,3,1,4.0,4.3694478524670215
Bulandi,2000.0,175.0,"Action, Drama",5.4,633.0,2160.0,250.0,2003.0,2107.0,3,1,0.0,6.452048954437226
Bulbbul,2020.0,94.0,"Drama, Horror, Mystery",6.6,10143.0,303.0,2365.0,385.0,1955.0,3,1,7.0,9.224637676677007
Bulbul Can Sing,2018.0,95.0,Drama,6.8,323.0,2254.0,1511.0,307.0,1372.0,3,0,7.0,5.780743515792329
Bulbule,2014.0,119.0,Comedy,7.8,25.0,1024.0,1271.0,146.0,301.0,3,0,4.0,3.258096538021482
Bull BulBul Bandook,2013.0,,"Action, Romance, Western",4.8,17.0,1244.0,637.0,1082.0,2551.0,3,1,0.0,2.8903717578961645
Bullet,1976.0,124.0,"Action, Crime, Thriller",6.9,75.0,3003.0,616.0,1677.0,2040.0,3,1,0.0,4.330733340286331
Bullet: Ek Dhamaka,2005.0,137.0,"Action, Drama",3.6,49.0,995.0,1888.0,1517.0,965.0,3,1,0.0,3.912023005428146
Bullett Raja,2013.0,138.0,"Action, Crime, Drama",5.0,3787.0,2908.0,1925.0,2457.0,2922.0,3,1,0.0,8.239593454305968
Bulund,1993.0,,Action,5.7,138.0,1400.0,2180.0,1416.0,1293.0,3,0,0.0,4.9344739331306915
Bulundi,1981.0,,"Action, Crime, Drama",6.6,106.0,759.0,806.0,337.0,1930.0,3,1,0.0,4.672828834461906
Bumboo,2012.0,126.0,Comedy,6.0,982.0,1034.0,1034.0,2306.0,2333.0,3,0,4.0,6.890609120147166
Bumm Bumm Bole,2010.0,124.0,"Drama, Family, Thriller",6.1,616.0,1924.0,396.0,2042.0,646.0,3,1,7.0,6.424869023905388
Bumper Draw,2015.0,130.0,Comedy,4.8,41.0,997.0,1722.0,1634.0,2663.0,3,0,4.0,3.7376696182833684
Bundal Baaz,1976.0,,"Comedy, Fantasy, Romance",6.6,56.0,2569.0,1702.0,2297.0,2692.0,3,1,4.0,4.04305126783455
Buniyaad,1972.0,,"Drama, Family",5.7,6.0,3067.0,1734.0,2325.0,3035.0,3,1,7.0,1.9459101490553132
Bunker,2020.0,98.0,"Drama, War",6.8,82.0,1133.0,39.0,294.0,820.0,3,1,7.0,4.418840607796598
Bunty Aur Babli,2005.0,170.0,"Comedy, Crime, Drama",6.2,6550.0,2538.0,45.0,1958.0,199.0,3,1,4.0,8.787372988731876
Burmah Road,1962.0,,Romance,6.1,8.0,2887.0,376.0,2341.0,1256.0,3,0,15.0,2.1972245773362196
Buzdil,1951.0,,"Drama, Family",6.4,8.0,2545.0,1603.0,1596.0,1221.0,3,1,7.0,2.1972245773362196
Bye Bye Miss Goodnight,2005.0,78.0,"Comedy, Drama",6.1,16.0,1248.0,1446.0,2852.0,2030.0,3,1,4.0,2.833213344056216
Bye2,2020.0,48.0,"Drama, Romance",8.1,29.0,2880.0,1010.0,2390.0,2853.0,2,1,7.0,3.4011973816621555
Bypass Road,2019.0,137.0,"Drama, Mystery, Thriller",5.4,890.0,1656.0,1449.0,50.0,872.0,3,1,7.0,6.792344427470809
C Kkompany,2008.0,127.0,"Comedy, Drama, Thriller",5.4,1037.0,2369.0,2376.0,255.0,2030.0,3,1,4.0,6.945051063725834
C U at 9,2005.0,95.0,"Drama, Horror, Mystery",4.1,66.0,1509.0,855.0,1261.0,1148.0,3,1,7.0,4.204692619390966
C.I.D.,1956.0,146.0,"Action, Crime, Musical",7.3,647.0,2012.0,616.0,2283.0,1082.0,3,1,0.0,6.473890696352274
C.I.D.,1990.0,,"Action, Drama",4.7,65.0,113.0,2487.0,182.0,2742.0,3,1,0.0,4.189654742026425
C.I.D. 909,1967.0,123.0,"Action, Crime, Drama",5.8,17.0,1557.0,714.0,1455.0,919.0,3,1,0.0,2.8903717578961645
Cabaret,2019.0,95.0,"Drama, Musical, Thriller",3.4,175.0,1267.0,142.0,2014.0,876.0,3,1,7.0,5.170483995038151
Calapor,2013.0,120.0,Drama,4.5,6.0,725.0,811.0,2042.0,124.0,3,0,7.0,1.9459101490553132
Calcutta Mail,2003.0,128.0,"Action, Drama, Mystery",5.7,480.0,2753.0,250.0,1958.0,1393.0,3,1,0.0,6.175867270105761
Calendar Girls,2015.0,131.0,Drama,4.2,862.0,1412.0,130.0,381.0,1273.0,3,0,7.0,6.760414691083428
Call,2000.0,176.0,"Action, Drama, Romance",6.8,2236.0,2109.0,250.0,1234.0,1605.0,3,1,0.0,7.71289096149013
Call for Fun,2017.0,126.0,Comedy,5.6,36.0,1054.0,1620.0,523.0,3024.0,3,0,4.0,3.6109179126442243
Call Girl,1974.0,,"Drama, Family, Romance",6.6,24.0,3009.0,2540.0,2775.0,948.0,3,1,7.0,3.2188758248682006
Cape Karma,2007.0,90.0,"Drama, Mystery, Thriller",4.2,141.0,1781.0,1652.0,380.0,877.0,3,1,7.0,4.955827057601261
Captain Barry,1984.0,,Action,3.2,5.0,2834.0,2261.0,2675.0,491.0,3,0,0.0,1.791759469228055
Captain Nagarjuna,1986.0,134.0,"Drama, Romance",6.5,13.0,2065.0,1378.0,1162.0,752.0,3,1,7.0,2.6390573296152584
Captain Prabhakaran,1991.0,150.0,"Action, Thriller",7.0,212.0,1965.0,1234.0,2217.0,2065.0,3,1,0.0,5.3612921657094255
Captain Vidyut,2020.0,77.0,"Animation, Action, Comedy",7.7,11.0,404.0,1388.0,2662.0,2741.0,3,1,2.0,2.4849066497880004
Car Thief,1986.0,150.0,Action,7.0,13.0,2411.0,2258.0,2761.0,1193.0,3,0,0.0,2.6390573296152584
Caravan,1971.0,161.0,"Action, Comedy, Musical",6.8,260.0,1680.0,368.0,949.0,371.0,3,1,0.0,5.564520407322694
Care of Footpath,2009.0,110.0,"Drama, Family",7.2,42.0,1301.0,1065.0,942.0,988.0,3,1,7.0,3.7612001156935624
Cargo,2019.0,119.0,"Drama, Fantasy, Sci-Fi",5.7,2589.0,314.0,2467.0,2407.0,1614.0,3,1,7.0,7.859413154693583
Cartography of Loneliness,2011.0,69.0,"Documentary, Biography",6.2,5.0,1736.0,2385.0,2681.0,2853.0,0,1,6.0,1.791759469228055
Cash,2007.0,137.0,"Action, Crime, Thriller",3.4,1859.0,289.0,108.0,2552.0,3056.0,3,1,0.0,7.528331766707247
CC2C,2009.0,154.0,"Action, Adventure, Comedy",4.1,8102.0,1715.0,145.0,591.0,607.0,3,1,0.0,8.999989642460726
Cecilia,2015.0,83.0,Documentary,7.9,31.0,1782.0,521.0,1656.0,2164.0,3,0,6.0,3.4657359027997265
Celluloid Man,2012.0,164.0,Documentary,7.8,162.0,2635.0,2377.0,712.0,487.0,3,0,6.0,5.093750200806762
Censor,2001.0,165.0,Drama,3.5,122.0,670.0,616.0,818.0,2449.0,3,0,7.0,4.812184355372417
Cha Cha Cha,1964.0,,"Musical, Romance",5.2,21.0,584.0,533.0,815.0,1745.0,3,1,13.0,3.091042453358316
Chaahat,1996.0,151.0,"Drama, Romance",5.5,2676.0,1422.0,1405.0,2270.0,1805.0,3,1,7.0,7.892452043520352
Chaahat Ek Nasha...,2005.0,140.0,"Drama, Romance, Thriller",3.9,74.0,2836.0,914.0,332.0,1393.0,3,1,7.0,4.31748811353631
Chaalbaaz,1989.0,155.0,"Action, Comedy, Drama",6.8,1489.0,1785.0,2215.0,2557.0,2014.0,3,1,0.0,7.306531398939505
Chaalbaaz,2003.0,117.0,Action,5.8,17.0,824.0,1687.0,1401.0,726.0,3,0,0.0,2.8903717578961645
Chaalis Chauraasi,2012.0,120.0,"Comedy, Crime",6.1,474.0,960.0,1405.0,1082.0,431.0,3,1,4.0,6.163314804034641
Chaalu Mera Naam,1977.0,,"Action, Crime",5.8,5.0,1328.0,2489.0,2747.0,1342.0,3,1,0.0,1.791759469228055
Chaalu Pe Chaalu,1989.0,,Unknown,4.3,11.0,1324.0,905.0,2488.0,2853.0,2,0,19.0,2.4849066497880004
Chaand Kaa Tukdaa,1994.0,155.0,"Action, Comedy, Crime",4.0,603.0,2356.0,2215.0,2150.0,312.0,3,1,0.0,6.403574197934815
Chaani,1977.0,136.0,Drama,7.7,26.0,2579.0,1769.0,2415.0,3033.0,3,0,7.0,3.295836866004329
Chaar Din Ki Chandni,2012.0,131.0,"Comedy, Romance",4.1,393.0,2419.0,2376.0,1142.0,312.0,3,1,4.0,5.976350909297934
Chaar Maharathi,1985.0,137.0,Action,4.5,8.0,2319.0,2354.0,1336.0,1494.0,3,0,0.0,2.1972245773362196
Chaar Sahibzaade 2: Rise of Banda Singh Bahadur,2016.0,134.0,Animation,8.6,656.0,920.0,799.0,1685.0,1746.0,3,0,2.0,6.48768401848461
Chaarfutiya Chhokare,2014.0,119.0,"Drama, Thriller",5.9,38.0,1466.0,2170.0,2857.0,2410.0,3,1,7.0,3.6635616461296463
Chacha Bhatija,1977.0,161.0,"Action, Comedy, Drama",5.8,213.0,1482.0,631.0,818.0,2074.0,3,1,0.0,5.365976015021851
Chacha Zindabad,1959.0,,Comedy,7.2,12.0,1011.0,1067.0,216.0,1429.0,3,0,4.0,2.5649493574615367
Chachi 420,1997.0,155.0,"Comedy, Drama, Family",7.4,12575.0,1211.0,982.0,177.0,1746.0,3,1,4.0,9.439545514668987
Chahat,1971.0,,"Drama, Romance",5.8,10.0,1586.0,503.0,1258.0,1055.0,3,1,7.0,2.3978952727983707
Chahoonga Main Tujhe,1993.0,,"Drama, Romance",6.3,12.0,1208.0,983.0,2267.0,969.0,3,1,7.0,2.5649493574615367
Chai Coffee,2019.0,49.0,"Drama, Romance",7.9,11.0,422.0,420.0,1317.0,1463.0,3,1,7.0,2.4849066497880004
Chai Pani Etc.,2004.0,92.0,Comedy,4.7,24.0,1503.0,1074.0,2852.0,822.0,3,0,4.0,3.2188758248682006
Chain Kulii Ki Main Kulii,2007.0,118.0,"Comedy, Drama, Family",5.6,1214.0,1254.0,2542.0,1843.0,1155.0,3,1,4.0,7.102499355774649
Chaitali,1975.0,,Drama,6.0,39.0,962.0,631.0,2129.0,538.0,3,0,7.0,3.6888794541139363
Chak De! India,2007.0,153.0,"Drama, Family, Sport",8.2,75790.0,2620.0,2038.0,2746.0,2259.0,3,1,7.0,11.235734831071847
Chakachak,2005.0,,Drama,3.9,7.0,2384.0,389.0,2732.0,1029.0,3,0,7.0,2.0794415416798357
Chakkar Pe Chakkar,1977.0,138.0,"Action, Comedy, Crime",5.6,27.0,384.0,2082.0,2003.0,1845.0,3,1,0.0,3.332204510175204
Chakra,1981.0,140.0,Action,6.8,141.0,1978.0,2018.0,314.0,2738.0,3,0,0.0,4.955827057601261
Chakra the Invincible,2013.0,,Action,6.4,19.0,3040.0,2385.0,2681.0,2853.0,0,0,0.0,2.995732273553991
Chakradhaar,2012.0,120.0,Action,4.2,28.0,689.0,2052.0,48.0,3049.0,3,0,0.0,3.367295829986474
Chakravyuh,2012.0,152.0,"Action, Drama, Thriller",6.8,3089.0,1864.0,331.0,30.0,1407.0,3,1,0.0,8.035926369891792
Chakravyuha,1978.0,130.0,"Action, Mystery, Thriller",6.4,40.0,475.0,1702.0,1559.0,2982.0,3,1,0.0,3.713572066704308
Chal Baaz,1958.0,,Action,6.0,8.0,1658.0,1463.0,1649.0,1724.0,3,0,0.0,2.1972245773362196
Chal Bhaag,2014.0,111.0,Comedy,3.8,101.0,1869.0,599.0,2631.0,1189.0,3,0,4.0,4.624972813284271
Chal Chala Chal,2009.0,138.0,"Action, Comedy, Crime",4.6,292.0,2059.0,389.0,369.0,1125.0,3,1,0.0,5.680172609017068
Chal Chalein,2009.0,,Drama,6.3,26.0,2929.0,896.0,191.0,83.0,3,0,7.0,3.295836866004329
Chal Guru Ho Jaa Shuru,2015.0,127.0,Comedy,4.9,45.0,1495.0,1537.0,2823.0,563.0,3,0,4.0,3.828641396489095
Chal Mere Bhai,2000.0,136.0,"Comedy, Romance",4.7,3128.0,629.0,1969.0,2150.0,1175.0,3,1,4.0,8.048468743668883
Chal Pichchur Banate Hain,2012.0,115.0,"Comedy, Drama",6.1,47.0,1922.0,2187.0,2118.0,1558.0,3,1,4.0,3.871201010907891
Chala Murari Hero Banne,1977.0,128.0,"Comedy, Musical, Romance",7.0,66.0,402.0,389.0,468.0,2386.0,3,1,4.0,4.204692619390966
Chala Mussaddi - Office Office,2011.0,60.0,"Comedy, Drama",6.1,346.0,2101.0,624.0,1255.0,2971.0,3,1,4.0,5.849324779946859
Chalaak,1973.0,,"Action, Crime, Drama",5.6,7.0,1962.0,2313.0,1099.0,155.0,3,1,0.0,2.0794415416798357
Chalbaaz,1969.0,,Action,5.6,5.0,1608.0,784.0,2410.0,2930.0,3,0,0.0,1.791759469228055
Chale Chalo: The Lunacy of Film Making,2003.0,150.0,Documentary,8.6,336.0,2516.0,381.0,11.0,869.0,3,0,6.0,5.820082930352362
Chalk N Duster,2016.0,130.0,Drama,6.5,676.0,1072.0,1824.0,2263.0,380.0,3,0,7.0,6.517671272912275
Challo Driver,2012.0,95.0,Comedy,5.9,185.0,2993.0,2430.0,1008.0,1872.0,3,0,4.0,5.225746673713202
Chalo Dilli,2011.0,155.0,"Comedy, Drama",6.8,3081.0,2594.0,2476.0,1177.0,3023.0,3,1,4.0,8.033334015880062
Chalo Ishq Ladaaye,2002.0,140.0,"Action, Comedy, Romance",4.4,522.0,429.0,767.0,1005.0,2076.0,3,1,0.0,6.259581464064923
Chaloo Movie,2011.0,,Comedy,4.1,44.0,3056.0,1722.0,2347.0,2398.0,3,0,4.0,3.8066624897703196
Chalta Hai Yaar,2005.0,,Comedy,6.3,7.0,1432.0,1645.0,826.0,2334.0,3,0,4.0,2.0794415416798357
Chalta Purza,1977.0,150.0,"Action, Thriller",6.0,39.0,496.0,1702.0,1677.0,2040.0,3,1,0.0,3.6888794541139363
Chalte Chalte,2003.0,167.0,"Drama, Romance",6.6,14779.0,427.0,2038.0,1958.0,1015.0,3,1,7.0,9.601030194502194
Chalte Chalte,1976.0,100.0,"Romance, Thriller",5.7,54.0,2787.0,2159.0,458.0,1650.0,3,1,15.0,4.007333185232471
Chalti Duniya,1940.0,,Unknown,7.1,8.0,871.0,426.0,1831.0,2853.0,2,0,19.0,2.1972245773362196
Chalti Ka Naam Gaadi,1958.0,173.0,"Comedy, Musical, Romance",8.0,1514.0,2519.0,376.0,1230.0,289.0,3,1,4.0,7.323170717943469
Chalti Ka Naam Zindagi,1982.0,,Drama,6.3,11.0,1304.0,1840.0,1335.0,897.0,3,0,7.0,2.4849066497880004
Chaman Bahaar,2020.0,111.0,"Comedy, Drama",7.0,5866.0,313.0,933.0,2037.0,522.0,3,1,4.0,8.67709870892586
Chamatkar,1992.0,171.0,"Comedy, Drama, Fantasy",6.6,5846.0,2101.0,1405.0,2270.0,2861.0,3,1,4.0,8.67368398817567
Chambal Ke Daku,1982.0,,"Action, Thriller",5.8,5.0,531.0,1749.0,930.0,1331.0,3,1,0.0,1.791759469228055
Chambal Ki Kasam,1980.0,,"Action, Crime",5.3,24.0,2154.0,1563.0,1813.0,2480.0,3,1,0.0,3.2188758248682006
Chambal Ki Rani,1979.0,,"Action, Crime",8.6,5.0,1981.0,1169.0,469.0,639.0,3,1,0.0,1.791759469228055
Chameli,2003.0,108.0,Drama,7.0,2108.0,2753.0,1023.0,1843.0,2157.0,3,0,7.0,7.653969180478774
Chameli Ki Shaadi,1986.0,136.0,"Comedy, Drama, Romance",7.5,1580.0,475.0,250.0,182.0,1745.0,3,1,4.0,7.365812837209472
Chamku,2008.0,105.0,"Action, Crime, Thriller",4.0,529.0,1191.0,508.0,1785.0,970.0,3,1,0.0,6.272877006546167
Champakali,1957.0,,"Drama, Fantasy",5.5,8.0,1664.0,463.0,2501.0,1845.0,3,1,7.0,2.1972245773362196
Champakali,2000.0,,Action,3.6,7.0,2112.0,869.0,2286.0,2124.0,3,0,0.0,2.0794415416798357
Champion,2000.0,140.0,"Action, Comedy, Drama",4.3,519.0,1774.0,885.0,2557.0,1850.0,3,1,0.0,6.253828811575473
Chanakya,2019.0,147.0,"Action, Adventure, Thriller",5.5,521.0,2904.0,1289.0,1513.0,3053.0,3,1,0.0,6.257667587882639
Chanakya the Warrior,2005.0,,"Action, Comedy, Crime",4.7,10.0,8.0,2482.0,2147.0,618.0,3,1,0.0,2.3978952727983707
Chance Pe Dance,2010.0,122.0,"Comedy, Drama, Music",4.7,2805.0,1271.0,2042.0,749.0,1520.0,3,1,4.0,7.939515260662406
Chanchal,2008.0,,"Drama, Musical",4.0,24.0,985.0,510.0,303.0,869.0,3,1,7.0,3.2188758248682006
Chand,1959.0,149.0,Drama,6.8,13.0,1381.0,442.0,1308.0,1448.0,3,0,7.0,2.6390573296152584
Chand Aur Suraj,1965.0,154.0,"Crime, Drama, Mystery",6.4,24.0,744.0,376.0,607.0,1715.0,3,1,5.0,3.2188758248682006
Chand Bujh Gaya,2005.0,116.0,"Drama, Thriller",6.8,52.0,2589.0,1345.0,892.0,154.0,3,1,7.0,3.970291913552122
Chand Ke Paar Chalo,2006.0,169.0,Romance,6.7,35.0,1620.0,2179.0,2275.0,1151.0,3,0,15.0,3.58351893845611
Chand Par Chadayee,1967.0,150.0,"Adventure, Comedy, Drama",5.0,20.0,2867.0,575.0,273.0,1429.0,3,1,1.0,3.044522437723423
Chand Sa Roshan Chehra,2005.0,120.0,Romance,4.7,54.0,2544.0,1947.0,2612.0,2777.0,3,0,15.0,4.007333185232471
Chanda Aur Bijli,1969.0,137.0,Drama,4.8,16.0,406.0,1980.0,1645.0,1057.0,3,0,7.0,2.833213344056216
Chandaal,1998.0,,"Action, Drama",5.7,42.0,2864.0,1030.0,176.0,427.0,3,1,0.0,3.7612001156935624
Chandaal Atma,1999.0,129.0,Horror,4.6,9.0,2340.0,311.0,1918.0,2674.0,3,0,11.0,2.302585092994046
Chandan Ka Palna,1967.0,166.0,Drama,6.7,43.0,1002.0,1273.0,607.0,1469.0,3,0,7.0,3.784189633918261
Chandanachi Choli Anga Anga Jali,1975.0,140.0,Unknown,6.3,10.0,2579.0,1749.0,445.0,866.0,3,0,19.0,2.3978952727983707
Chandi Sona,1977.0,,"Action, Thriller",5.8,42.0,2454.0,1972.0,1677.0,1874.0,3,1,0.0,3.7612001156935624
Chandidas,1934.0,128.0,Unknown,6.6,5.0,1726.0,967.0,2676.0,1757.0,3,0,19.0,1.791759469228055
Chandni,1989.0,186.0,"Drama, Musical, Romance",6.8,1657.0,3106.0,2215.0,2029.0,2981.0,3,1,7.0,7.4133673356952405
Chandni Bar,2001.0,150.0,"Crime, Drama",7.6,2486.0,1412.0,2319.0,378.0,2030.0,3,1,5.0,7.818832443803404
Chandni Chowk,1954.0,,"Drama, Family",5.6,9.0,446.0,1273.0,2344.0,1057.0,3,1,7.0,2.302585092994046
Chandra,1948.0,207.0,Drama,6.9,39.0,2347.0,1717.0,1206.0,2078.0,3,0,7.0,3.6888794541139363
Chandra Mukhi,1993.0,152.0,"Comedy, Fantasy, Romance",4.0,676.0,637.0,1264.0,2654.0,1520.0,3,1,4.0,6.517671272912275
Chandrahas,2007.0,136.0,"Action, Adventure, Drama",4.3,26.0,2628.0,31.0,41.0,2459.0,3,1,0.0,3.295836866004329
Chandrasena,1935.0,136.0,Adventure,4.1,11.0,2579.0,1385.0,2572.0,1983.0,3,0,1.0,2.4849066497880004
Chandrashekhar,1947.0,,Drama,5.4,17.0,636.0,544.0,454.0,1139.0,3,0,7.0,2.8903717578961645
Chandrawal,1984.0,109.0,Drama,8.3,39.0,1074.0,2394.0,906.0,2036.0,3,0,7.0,3.6888794541139363
Chandu,2002.0,136.0,Romance,6.9,70.0,1763.0,2230.0,2470.0,2651.0,3,0,15.0,4.2626798770413155
Changez Khan,1957.0,135.0,"Action, Adventure, History",7.1,20.0,1269.0,1603.0,466.0,2496.0,3,1,0.0,3.044522437723423
Chann Pardesee,1980.0,147.0,Drama,8.1,60.0,600.0,1667.0,1934.0,1246.0,3,0,7.0,4.110873864173311
Chapekar Brothers,2016.0,,History,6.6,17.0,678.0,996.0,35.0,1409.0,3,0,10.0,2.8903717578961645
Char Dervesh,1964.0,,"Adventure, Fantasy",6.6,21.0,955.0,714.0,2255.0,1561.0,3,1,1.0,3.091042453358316
Char Diwari,1961.0,136.0,"Drama, Romance",6.7,24.0,1319.0,2082.0,1493.0,1405.0,3,1,7.0,3.2188758248682006
Char Paise,1955.0,118.0,"Action, Crime, Drama",5.6,11.0,1632.0,2142.0,1110.0,88.0,3,1,0.0,2.4849066497880004
Charandas,1977.0,,"Drama, Family",5.2,28.0,450.0,2466.0,1631.0,1277.0,3,1,7.0,3.367295829986474
Charandas Chor,1975.0,156.0,Drama,8.0,44.0,2661.0,1119.0,1217.0,467.0,3,0,7.0,3.8066624897703196
Charanon Ki Saugandh,1988.0,,"Action, Drama, Family",5.6,47.0,1146.0,389.0,1401.0,1872.0,3,1,0.0,3.871201010907891
Charas,1976.0,159.0,"Action, Drama, Romance",6.5,176.0,2164.0,631.0,818.0,111.0,3,1,0.0,5.176149732573829
Charas: A Joint Effort,2004.0,140.0,"Action, Crime, Thriller",5.3,336.0,2908.0,931.0,2671.0,970.0,3,1,0.0,5.820082930352362
Chargesheet,2011.0,,"Drama, Thriller",6.3,97.0,670.0,616.0,2204.0,741.0,3,1,7.0,4.584967478670572
Charitra,1973.0,,Drama,6.5,11.0,447.0,1530.0,2145.0,828.0,3,0,7.0,2.4849066497880004
Charitraheen,1974.0,100.0,"Drama, Family",7.1,58.0,2563.0,2077.0,2202.0,3035.0,3,1,7.0,4.07753744390572
Charlie Kay Chakkar Mein,2015.0,102.0,Thriller,4.5,159.0,1474.0,1405.0,1607.0,736.0,3,0,18.0,5.075173815233827
Chase,2010.0,103.0,"Action, Crime, Drama",4.9,87.0,1020.0,291.0,2672.0,2797.0,3,1,0.0,4.477336814478207
Chashme Baddoor,2013.0,121.0,"Comedy, Drama",5.4,4981.0,629.0,158.0,2415.0,747.0,3,1,4.0,8.513586695822125
Chashme Buddoor,1981.0,145.0,"Comedy, Family, Romance",8.0,2328.0,2384.0,707.0,593.0,2253.0,3,1,4.0,7.753194269884341
Chatpati,1983.0,130.0,Comedy,5.9,7.0,2952.0,2165.0,1854.0,2127.0,3,0,4.0,2.0794415416798357
Chatran,1988.0,,Adventure,6.2,10.0,869.0,2385.0,2681.0,2853.0,0,0,1.0,2.3978952727983707
Chatrapati Shivaji Maharaj,1961.0,,"Biography, History",6.7,15.0,2156.0,2385.0,2681.0,2853.0,0,1,3.0,2.772588722239781
Chattan Singh,1974.0,,"Action, Crime",6.6,5.0,1269.0,2489.0,1761.0,3035.0,3,1,0.0,1.791759469228055
Chatur Singh Two Star,2011.0,150.0,"Action, Adventure, Comedy",1.7,624.0,110.0,1969.0,153.0,312.0,3,1,0.0,6.437751649736401
Chauhar,2017.0,123.0,Drama,6.8,15.0,1989.0,1364.0,2015.0,3005.0,3,0,7.0,2.772588722239781
Chauraha,1994.0,154.0,"Action, Crime, Drama",3.9,25.0,2371.0,919.0,900.0,1039.0,3,1,0.0,3.258096538021482
Chauranga,2014.0,88.0,Drama,6.5,299.0,521.0,1978.0,2621.0,2149.0,3,0,7.0,5.703782474656201
Chausar,2018.0,85.0,Drama,6.4,82.0,2380.0,1979.0,1534.0,214.0,3,0,7.0,4.418840607796598
Cheeni Kum,2007.0,140.0,"Comedy, Drama, Romance",6.8,4997.0,1948.0,206.0,2607.0,1774.0,3,1,4.0,8.516793111394898
Cheenti Cheenti Bang Bang,2008.0,,"Animation, Family",4.4,16.0,1960.0,389.0,2104.0,1349.0,3,1,2.0,2.833213344056216
Cheer Haran,2021.0,98.0,Documentary,9.1,123.0,1339.0,1094.0,2681.0,2853.0,1,0,6.0,4.820281565605037
Cheetah,1994.0,,"Action, Drama",5.9,75.0,918.0,2455.0,1918.0,419.0,3,1,0.0,4.330733340286331
Chef,2017.0,133.0,"Comedy, Drama, Family",5.7,2229.0,2031.0,1925.0,1644.0,2760.0,3,1,4.0,7.709756864454165
Chehere: A Modern Day Classic,2015.0,106.0,Thriller,5.8,22.0,2276.0,674.0,1290.0,988.0,3,0,18.0,3.1354942159291497
Chehraa,1999.0,,Drama,6.6,32.0,819.0,418.0,1223.0,2895.0,3,0,7.0,3.4965075614664802
Chehraa,2005.0,136.0,Thriller,3.8,140.0,2524.0,498.0,635.0,1867.0,3,0,18.0,4.948759890378168
Chehre Pe Chehra,1981.0,140.0,"Drama, Horror, Romance",6.1,53.0,2026.0,1980.0,2003.0,2982.0,3,1,7.0,3.9889840465642745
Cheluvi,1992.0,102.0,Drama,7.5,86.0,836.0,754.0,2464.0,1853.0,3,0,7.0,4.465908118654584
Chemistry,2013.0,,Romance,5.1,8.0,2383.0,467.0,1056.0,1185.0,3,0,15.0,2.1972245773362196
Chemmeen,1965.0,140.0,"Drama, Romance",7.7,475.0,2189.0,2002.0,2329.0,1327.0,3,1,7.0,6.16541785423142
Chennai Express,2013.0,141.0,"Action, Adventure, Comedy",6.0,50307.0,2281.0,608.0,2270.0,2370.0,3,1,0.0,10.825919389167046
Chetna,1970.0,135.0,Drama,6.2,27.0,447.0,248.0,2325.0,2133.0,3,0,7.0,3.332204510175204
Chetna: The Excitement,2005.0,102.0,Thriller,3.1,45.0,1804.0,893.0,1099.0,1637.0,3,0,18.0,3.828641396489095
Chettaniki Kallu Levu,1981.0,141.0,"Action, Drama, Crime",7.6,81.0,2321.0,550.0,1221.0,1277.0,3,1,0.0,4.406719247264253
Chhailla Babu,1977.0,146.0,"Action, Crime, Romance",6.8,74.0,1129.0,1702.0,2864.0,427.0,3,1,0.0,4.31748811353631
Chhakke Panje,1987.0,,Comedy,6.5,13.0,2959.0,1617.0,1537.0,1429.0,3,0,4.0,2.6390573296152584
Chhal,2002.0,,"Action, Crime, Drama",6.3,187.0,900.0,1039.0,935.0,1634.0,3,1,0.0,5.236441962829949
Chhalaang,2020.0,136.0,"Comedy, Drama",6.8,15830.0,900.0,1718.0,1626.0,1510.0,3,1,4.0,9.669725322073777
Chhalia,1960.0,112.0,"Musical, Romance",7.4,201.0,1482.0,1670.0,1628.0,1845.0,3,1,13.0,5.308267697401205
Chhalia,1973.0,,Action,6.5,6.0,1607.0,1425.0,1493.0,2480.0,3,0,0.0,1.9459101490553132
Chhapaak,2020.0,120.0,"Biography, Drama",5.1,25070.0,1528.0,608.0,2778.0,1339.0,3,1,3.0,10.129467078669546
Chhappad Phaad Ke,2019.0,90.0,Drama,6.3,954.0,2409.0,2150.0,2785.0,448.0,3,0,7.0,6.86171134048073
Chhatrapati Shivaji,1952.0,170.0,"Drama, History",8.3,39.0,492.0,1525.0,511.0,805.0,3,1,7.0,3.6888794541139363
Chhaya,1961.0,144.0,"Drama, Romance",7.1,42.0,962.0,2262.0,337.0,1715.0,3,1,7.0,3.7612001156935624
Chhed Chhad,1943.0,,Unknown,3.2,5.0,1142.0,1717.0,2681.0,2853.0,1,0,19.0,1.791759469228055
Chhichhore,2019.0,143.0,"Comedy, Drama",8.3,38581.0,1725.0,2298.0,2382.0,2899.0,3,1,4.0,10.560541125447834
Chhodo Kal Ki Baatein,2012.0,,"Comedy, Drama, Family",6.9,154.0,1873.0,1364.0,433.0,479.0,3,1,4.0,5.043425116919247
Chhodon Naa Yaar,2007.0,97.0,"Horror, Thriller",4.6,94.0,721.0,931.0,1095.0,787.0,3,1,11.0,4.553876891600541
Chhoo Mantar,1956.0,,Comedy,6.1,9.0,1391.0,2142.0,974.0,261.0,3,0,4.0,2.302585092994046
Chhorriyan Chhoron Se Kam Nahi Hoti,2019.0,,Drama,6.9,31.0,2067.0,257.0,1971.0,2376.0,3,0,7.0,3.4657359027997265
Chhota Bhai,1966.0,,"Comedy, Drama",6.7,15.0,1311.0,1817.0,1628.0,1433.0,3,1,4.0,2.772588722239781
Chhota Bheem and the Curse of Damyaan,2012.0,88.0,"Animation, Adventure, Fantasy",5.7,145.0,2095.0,926.0,550.0,1183.0,3,1,2.0,4.983606621708336
Chhota Bheem and the Throne of Bali,2013.0,130.0,Animation,6.2,142.0,2095.0,1874.0,2813.0,1775.0,3,0,2.0,4.962844630259907
Chhota Bheem Himalayan Adventure,2016.0,97.0,Animation,5.5,117.0,2292.0,926.0,2083.0,2623.0,3,0,2.0,4.770684624465665
Chhota Bheem in the Incan Adventure,2013.0,65.0,"Animation, Adventure, Fantasy",6.5,22.0,2095.0,926.0,983.0,2004.0,3,1,2.0,3.1354942159291497
Chhota Bheem Kung Fu Dhamaka,2019.0,97.0,"Animation, Action, Adventure",5.2,119.0,2095.0,493.0,2693.0,422.0,3,1,2.0,4.787491742782046
Chhota Bheem Mission Mangalyaan,2015.0,,Animation,5.8,11.0,526.0,2385.0,2681.0,2853.0,0,0,2.0,2.4849066497880004
Chhota Chetan,1998.0,103.0,"Adventure, Comedy, Family",5.7,155.0,1099.0,2390.0,559.0,2376.0,3,1,1.0,5.049856007249537
Chhota Sa Ghar,1996.0,141.0,Drama,3.7,11.0,1206.0,389.0,1549.0,488.0,3,0,7.0,2.4849066497880004
Chhote Nawab,1961.0,140.0,"Comedy, Drama, Romance",5.5,24.0,2320.0,188.0,1375.0,1082.0,3,1,4.0,3.2188758248682006
Chhote Sarkar,1974.0,,"Crime, Drama",5.9,17.0,1160.0,2058.0,2112.0,2478.0,3,1,5.0,2.8903717578961645
Chhote Sarkar,1996.0,151.0,"Comedy, Romance, Thriller",4.7,239.0,3042.0,767.0,2357.0,371.0,3,1,4.0,5.480638923341991
Chhoti Bahen,1959.0,155.0,Drama,6.6,35.0,1362.0,442.0,2411.0,2134.0,3,0,7.0,3.58351893845611
Chhoti Bahoo,1994.0,,"Drama, Family",5.7,22.0,1398.0,2455.0,439.0,538.0,3,1,7.0,3.1354942159291497
Chhoti Bahu,1971.0,137.0,"Drama, Family",6.1,67.0,1170.0,1702.0,2312.0,1715.0,3,1,7.0,4.219507705176107
Chhoti Chhoti Baatein,1965.0,,Drama,7.1,17.0,1590.0,1333.0,1186.0,1539.0,3,0,7.0,2.8903717578961645
Chhoti Si Baat,1976.0,123.0,"Comedy, Romance",8.3,3868.0,475.0,376.0,2747.0,204.0,3,1,4.0,8.260751354700513
Chhoti Si Mulaqat,1967.0,175.0,"Drama, Romance",6.7,39.0,175.0,2510.0,2701.0,1998.0,3,1,7.0,3.6888794541139363
Chhupa Rustam,1973.0,,"Action, Thriller",7.0,82.0,3003.0,616.0,2748.0,111.0,3,1,0.0,4.418840607796598
Chhupa Rustam: A Musical Thriller,2001.0,127.0,"Drama, Musical, Romance",4.6,86.0,429.0,1971.0,1268.0,1393.0,3,1,7.0,4.465908118654584
Chhupam Chhaai,2016.0,94.0,"Adventure, Drama, Family",8.4,79.0,1895.0,140.0,2203.0,290.0,3,1,1.0,4.382026634673881
Chicken Curry Law,2019.0,127.0,Drama,5.3,30.0,2610.0,1409.0,360.0,1358.0,3,0,7.0,3.4339872044851463
Chicken Tikka Masala,2005.0,90.0,"Comedy, Drama, Romance",5.6,524.0,917.0,557.0,2117.0,2285.0,3,1,4.0,6.263398262591624
Chidi Balla,2018.0,112.0,"Comedy, Drama, Family",6.4,12.0,1983.0,540.0,1350.0,42.0,3,1,4.0,2.5649493574615367
Chidiya,2016.0,110.0,Drama,7.2,15.0,1533.0,2303.0,396.0,2974.0,3,0,7.0,2.772588722239781
Children of the Pyre,2008.0,74.0,Documentary,7.4,80.0,2087.0,2385.0,2681.0,2853.0,0,0,6.0,4.394449154672439
Children of War,2014.0,160.0,"Drama, History, War",6.7,879.0,1595.0,707.0,2744.0,1790.0,3,1,7.0,6.779921907472252
Children's Party,2011.0,135.0,"Comedy, Drama, Family",7.5,7296.0,3031.0,1474.0,877.0,2315.0,3,1,4.0,8.89521858376562
Chimanee Pakhre,2000.0,,Drama,7.4,15.0,1427.0,229.0,1183.0,1892.0,3,0,7.0,2.772588722239781
China Gate,1998.0,175.0,"Action, Adventure, Drama",6.6,1430.0,2109.0,1494.0,1510.0,637.0,3,1,0.0,7.266128779556451
China Town,1962.0,151.0,"Comedy, Crime, Romance",7.1,201.0,2563.0,2058.0,2283.0,919.0,3,1,4.0,5.308267697401205
Chinar Daastaan-E-Ishq,2015.0,116.0,Romance,6.8,62.0,2589.0,1531.0,682.0,2427.0,3,0,15.0,4.143134726391533
Chingaari,2006.0,155.0,Drama,4.6,189.0,1205.0,2300.0,1401.0,308.0,3,0,7.0,5.247024072160486
Chingari,1971.0,,Drama,4.6,9.0,2154.0,1130.0,2197.0,1845.0,3,0,7.0,2.302585092994046
Chinnodu,2006.0,150.0,"Action, Crime, Drama",4.0,51.0,1228.0,2251.0,522.0,1956.0,3,1,0.0,3.9512437185814275
Chintu Ji,2009.0,115.0,"Comedy, Drama",6.0,191.0,2201.0,1835.0,1793.0,1250.0,3,1,4.0,5.2574953720277815
Chintu Ka Birthday,2020.0,80.0,"Drama, War",7.8,4063.0,674.0,2012.0,2785.0,2816.0,3,1,7.0,8.309922989258318
Chipku,2016.0,135.0,Drama,6.8,5.0,1925.0,766.0,1918.0,1676.0,3,0,7.0,1.791759469228055
Chippa,2019.0,90.0,Drama,6.5,941.0,2377.0,2275.0,1257.0,2747.0,3,0,7.0,6.848005274576363
Chirag,1969.0,,"Drama, Family, Musical",6.7,48.0,2012.0,2262.0,337.0,1745.0,3,1,7.0,3.8918202981106265
Chirag,1943.0,,Unknown,4.0,6.0,2143.0,864.0,2681.0,2853.0,1,0,19.0,1.9459101490553132
Chirag Kahan Roshni Kahan,1959.0,,"Drama, Family",7.2,38.0,680.0,1695.0,1355.0,1569.0,3,1,7.0,3.6635616461296463
Chirutha,1981.0,,Drama,8.0,6.0,2884.0,612.0,859.0,2691.0,3,0,7.0,1.9459101490553132
Chitchor,1976.0,105.0,"Drama, Romance",7.5,618.0,475.0,213.0,2859.0,2943.0,3,1,7.0,6.428105272684596
Chitkabrey,2011.0,120.0,"Drama, Mystery, Thriller",3.9,134.0,2790.0,1801.0,1849.0,2336.0,3,1,7.0,4.90527477843843
Chitralekha,1964.0,,"Comedy, Drama",7.4,80.0,1292.0,376.0,1355.0,1831.0,3,1,4.0,4.394449154672439
Chittagong,2012.0,105.0,"Action, Drama, War",7.3,1558.0,480.0,1224.0,434.0,681.0,3,1,0.0,7.351799869057777
Chittor Vijay,1947.0,,Unknown,7.7,19.0,1571.0,1330.0,767.0,1970.0,3,0,19.0,2.995732273553991
Chocolate: Deep Dark Secrets,2005.0,160.0,"Crime, Drama, Mystery",4.8,1906.0,3087.0,250.0,2552.0,360.0,3,1,5.0,7.553286605600419
Choked,2020.0,114.0,Drama,5.8,4826.0,299.0,1927.0,2072.0,214.0,3,0,7.0,8.481980435660493
Choo Lenge Akash,2000.0,85.0,Family,7.4,7.0,3065.0,1629.0,1655.0,1777.0,3,0,8.0,2.0794415416798357
Chooda Ek Pratha,2015.0,,Drama,6.4,8.0,2238.0,1799.0,1371.0,591.0,3,0,7.0,2.1972245773362196
Chopsticks,2019.0,100.0,"Comedy, Drama",6.5,4293.0,2369.0,34.0,1399.0,2933.0,3,1,4.0,8.364973978438726
Chor Aur Chand,1993.0,137.0,"Action, Adventure, Drama",6.9,53.0,1814.0,79.0,1707.0,371.0,3,1,0.0,3.9889840465642745
Chor Bazaari,2015.0,107.0,Comedy,4.7,22.0,2103.0,389.0,1161.0,1411.0,3,0,4.0,3.1354942159291497
Chor Bazar,1954.0,127.0,"Action, Drama",6.1,24.0,1911.0,2058.0,2541.0,610.0,3,1,0.0,3.2188758248682006
Chor Chor,1974.0,,"Crime, Drama, Thriller",6.7,23.0,1912.0,2440.0,1188.0,2830.0,3,1,5.0,3.1780538303479458
Chor Chor Super Chor,2013.0,99.0,"Comedy, Drama, Thriller",6.5,225.0,2091.0,599.0,1775.0,291.0,3,1,4.0,5.420534999272286
Chor Ho To Aisa,1978.0,,"Action, Crime, Drama",5.1,8.0,2225.0,2084.0,1998.0,538.0,3,1,0.0,2.1972245773362196
Chor Ke Ghar Chor,1978.0,,"Action, Comedy, Crime",6.4,34.0,3022.0,1763.0,2864.0,409.0,3,1,0.0,3.5553480614894135
Chor Machaaye Shor,2002.0,145.0,"Action, Comedy, Crime",4.2,1124.0,629.0,508.0,1632.0,1774.0,3,1,0.0,7.025538314638521
Chor Machaye Shor,1974.0,139.0,"Action, Musical, Romance",6.5,146.0,384.0,2082.0,1455.0,427.0,3,1,0.0,4.990432586778736
Chor Pe Mor,1990.0,142.0,"Comedy, Crime",4.5,14.0,1239.0,1405.0,1053.0,1654.0,3,1,4.0,2.70805020110221
Chor Police,1983.0,,"Crime, Action, Drama",5.6,29.0,212.0,2084.0,1677.0,2438.0,3,1,5.0,3.4011973816621555
Chor Sipahee,1977.0,138.0,"Action, Crime, Drama",5.8,44.0,1905.0,2082.0,2791.0,1781.0,3,1,0.0,3.8066624897703196
Chori Chori,1956.0,158.0,"Comedy, Musical, Romance",7.7,475.0,237.0,1400.0,1853.0,860.0,3,1,4.0,6.16541785423142
Chori Chori,2003.0,135.0,"Comedy, Romance, Musical",4.8,837.0,1541.0,108.0,2462.0,2076.0,3,1,4.0,6.731018100482083
Chori Chori,1972.0,115.0,"Action, Drama",5.0,5.0,1280.0,1972.0,1822.0,1137.0,3,1,0.0,1.791759469228055
Chori Chori Chupke Chupke,2001.0,160.0,"Comedy, Drama, Musical",5.4,4464.0,38.0,1251.0,2150.0,2076.0,3,1,4.0,8.4040244933106
Chori Mera Kaam,1975.0,165.0,"Comedy, Musical, Romance",7.0,136.0,546.0,376.0,2321.0,3058.0,3,1,4.0,4.919980925828125
Chorni,1982.0,149.0,"Comedy, Drama",5.3,39.0,1138.0,919.0,1559.0,2542.0,3,1,4.0,3.6888794541139363
Choron Ka Chor,2002.0,,Action,6.3,20.0,1073.0,1171.0,471.0,1956.0,3,0,0.0,3.044522437723423
Choron Ki Baaraat,1980.0,135.0,Action,7.1,16.0,918.0,2084.0,1559.0,111.0,3,0,0.0,2.833213344056216
Chorus,1975.0,124.0,"Fantasy, Drama",7.4,84.0,1594.0,2396.0,97.0,2501.0,3,1,9.0,4.442651256490317
"Chot [Aaj Isko, Kal Tereko]",2004.0,,"Musical, Action, Crime",5.0,29.0,1639.0,382.0,2304.0,1682.0,3,1,13.0,3.4011973816621555
Chota Jadugar,2003.0,99.0,Fantasy,3.1,102.0,1124.0,2198.0,2090.0,1093.0,3,0,9.0,4.634728988229636
Chota Sipahi,2004.0,90.0,Family,7.1,10.0,1078.0,2385.0,2681.0,2853.0,0,0,8.0,2.3978952727983707
Chote Nawab,2020.0,108.0,Drama,6.1,7.0,1348.0,2368.0,1701.0,2033.0,3,0,7.0,2.0794415416798357
Chousar Firangi,2019.0,95.0,"Comedy, Drama",6.8,85.0,2436.0,1588.0,2004.0,303.0,3,1,4.0,4.454347296253507
Chowkidar,1974.0,135.0,Drama,5.3,22.0,2664.0,1980.0,2844.0,2981.0,3,0,7.0,3.1354942159291497
Chronicle of Space,2020.0,85.0,Family,5.8,19.0,163.0,1435.0,271.0,2853.0,2,0,8.0,2.995732273553991
Chronicles of Hari,2016.0,120.0,Drama,5.9,22.0,240.0,2125.0,1128.0,2853.0,2,0,7.0,3.1354942159291497
Chudail,1997.0,98.0,Horror,4.9,10.0,1753.0,1055.0,1713.0,246.0,3,0,11.0,2.3978952727983707
Chudail Ka Badla,2005.0,,Horror,7.8,25.0,2018.0,1549.0,2681.0,2853.0,1,0,11.0,3.258096538021482
Chudail Story,2016.0,100.0,"Horror, Thriller",2.4,142.0,2835.0,1596.0,141.0,1686.0,3,1,11.0,4.962844630259907
Chunaoti,1980.0,,"Action, Thriller",5.3,31.0,2513.0,714.0,1559.0,703.0,3,1,0.0,3.4657359027997265
Chup Chup Ke,2006.0,164.0,"Comedy, Drama, Romance",6.8,9171.0,1924.0,1075.0,2277.0,1171.0,3,1,4.0,9.123910643977796
Chupke Chupke,1975.0,146.0,"Comedy, Drama, Romance",8.3,11923.0,962.0,631.0,2312.0,199.0,3,1,4.0,9.386308454797962
Chupke Se,2003.0,164.0,"Comedy, Musical, Romance",5.4,112.0,2641.0,2551.0,1346.0,2104.0,3,1,4.0,4.727387818712341
Chupp,1997.0,,"Crime, Mystery, Thriller",4.3,17.0,187.0,919.0,386.0,2615.0,3,1,5.0,2.8903717578961645
Chura Liyaa Hai Tumne,2003.0,143.0,"Action, Drama, Mystery",3.7,463.0,2439.0,2548.0,677.0,877.0,3,1,0.0,6.139884552226255
Cinderella,2015.0,113.0,Fantasy,6.7,9.0,1294.0,1201.0,2790.0,1008.0,3,0,9.0,2.302585092994046
Cinema Cinema,1979.0,,Documentary,6.6,33.0,1329.0,206.0,2864.0,703.0,3,0,6.0,3.5263605246161616
Circus Queen,1959.0,,Action,4.8,5.0,1737.0,711.0,970.0,2497.0,3,0,0.0,1.791759469228055
City Lights,2014.0,126.0,"Drama, Thriller",7.4,4828.0,900.0,1718.0,1681.0,1373.0,3,1,7.0,8.482394685873542
City of Gold - Mumbai 1982: Ek Ankahee Kahani,2010.0,145.0,"Crime, Drama",6.8,355.0,1428.0,1896.0,2257.0,283.0,3,1,5.0,5.87493073085203
Class of '83,2020.0,98.0,"Action, Crime, Drama",5.8,5084.0,410.0,508.0,254.0,1087.0,3,1,0.0,8.53405030848266
Classic Dance of Love,2005.0,,Drama,4.7,53.0,453.0,1304.0,1371.0,2949.0,3,0,7.0,3.9889840465642745
Clerk,1989.0,165.0,"Action, Crime, Drama",2.3,126.0,1493.0,1230.0,358.0,1997.0,3,1,0.0,4.844187086458591
Click,2010.0,127.0,"Drama, Horror, Mystery",3.5,317.0,2439.0,2121.0,2109.0,2604.0,3,1,7.0,5.762051382780177
Climax,2020.0,52.0,"Action, Horror, Thriller",2.0,228.0,2146.0,1294.0,2007.0,2853.0,2,1,0.0,5.43372200355424
Club 60,2013.0,137.0,Drama,7.3,433.0,2466.0,707.0,2221.0,1951.0,3,0,7.0,6.073044534100405
Club Dancer,2016.0,125.0,"Action, Musical, Thriller",6.9,17.0,435.0,1689.0,1604.0,110.0,3,1,0.0,2.8903717578961645
Coal India,2015.0,48.0,Documentary,8.0,6.0,119.0,712.0,2681.0,2853.0,1,0,6.0,1.9459101490553132
Cobra Girl,1963.0,,"Action, Drama, Fantasy",5.4,10.0,1658.0,1647.0,1251.0,2822.0,3,1,0.0,2.3978952727983707
Cocktail,2012.0,146.0,"Comedy, Drama, Romance",6.3,13486.0,953.0,1925.0,591.0,712.0,3,1,4.0,9.509481537516857
Code Blue,2019.0,,Drama,6.9,7.0,1289.0,2497.0,2028.0,573.0,3,0,7.0,2.0794415416798357
Coffee Bloom,2015.0,90.0,Drama,5.9,101.0,1504.0,329.0,2515.0,979.0,3,0,7.0,4.624972813284271
Coffee House,2009.0,,Drama,6.4,8.0,873.0,382.0,2139.0,1675.0,3,0,7.0,2.1972245773362196
College Girl,1960.0,,"Drama, Romance",6.4,26.0,2862.0,2058.0,1631.0,1973.0,3,1,7.0,3.295836866004329
College Girl,1978.0,,Romance,6.2,9.0,2323.0,494.0,2032.0,1429.0,3,0,15.0,2.302585092994046
Colour photo,2018.0,,Comedy,8.7,21.0,428.0,771.0,2273.0,454.0,3,0,4.0,3.091042453358316
Colours of Passion,2008.0,132.0,"Biography, Drama, Romance",7.0,1827.0,1279.0,1761.0,1495.0,1774.0,3,1,3.0,7.510977752014095
Come December,2006.0,92.0,Drama,5.6,58.0,765.0,343.0,812.0,549.0,3,0,7.0,4.07753744390572
Comedy Couple,2020.0,117.0,"Comedy, Romance",7.7,1662.0,1641.0,1986.0,2402.0,1803.0,3,1,4.0,7.416378479192928
Commander,1981.0,,Action,5.1,19.0,2130.0,211.0,2623.0,369.0,3,0,0.0,2.995732273553991
Commando,1988.0,149.0,"Action, Drama, Romance",4.2,171.0,453.0,1304.0,1273.0,922.0,3,1,0.0,5.147494476813453
Commando,2013.0,124.0,"Action, Adventure, Thriller",6.2,4757.0,714.0,2438.0,839.0,1681.0,3,1,0.0,8.467582690862903
Commando 2,2017.0,144.0,"Action, Adventure, Thriller",5.3,3015.0,676.0,2438.0,50.0,772.0,3,1,0.0,8.011686729127847
Commando 3,2019.0,133.0,"Action, Adventure, Thriller",5.7,2425.0,85.0,2438.0,50.0,876.0,3,1,0.0,7.793999089503996
Company,2002.0,142.0,"Action, Crime, Drama",7.9,14795.0,2146.0,108.0,1411.0,1393.0,3,1,0.0,9.602112152952344
Compulsed,1974.0,155.0,"Drama, Mystery, Thriller",7.1,668.0,2225.0,206.0,1677.0,1845.0,3,1,7.0,6.505784060128229
Congregation,1986.0,140.0,Drama,6.5,15.0,1622.0,2030.0,696.0,2189.0,3,0,7.0,2.772588722239781
Consequence Karma,2021.0,92.0,"Drama, Thriller",9.0,223.0,2541.0,2154.0,1430.0,1808.0,3,1,7.0,5.4116460518550396
Contract,2008.0,117.0,"Action, Crime, Drama",4.0,230.0,2146.0,64.0,2136.0,213.0,3,1,0.0,5.442417710521793
Cookie,2020.0,104.0,Horror,6.2,191.0,1366.0,1375.0,161.0,511.0,3,0,11.0,5.2574953720277815
Cooking with Stella,2009.0,104.0,"Comedy, Drama",5.4,282.0,717.0,2024.0,655.0,1308.0,3,1,4.0,5.645446897643238
Coolie,1983.0,177.0,"Action, Comedy, Drama",6.6,2123.0,1482.0,1593.0,173.0,3014.0,3,1,0.0,7.66105638236183
Coolie No. 1,1995.0,143.0,"Action, Comedy, Romance",6.6,4843.0,629.0,767.0,1065.0,898.0,3,1,0.0,8.485496104672983
Coolie No. 1,1991.0,146.0,"Action, Drama, Romance",6.7,678.0,1156.0,2428.0,2607.0,468.0,3,1,0.0,6.520621127558696
Coolie No. 1,2020.0,134.0,"Action, Comedy, Romance",2.9,56232.0,629.0,2419.0,2212.0,1774.0,3,1,0.0,10.937259052166105
Corporate,2006.0,142.0,Drama,6.5,1957.0,1412.0,498.0,1082.0,1965.0,3,0,7.0,7.579678823090456
Courage,1992.0,161.0,"Action, Drama, Romance",4.8,787.0,775.0,108.0,1065.0,111.0,3,1,0.0,6.669498089857879
Court,2014.0,116.0,Drama,7.7,4338.0,563.0,2493.0,2816.0,837.0,3,0,7.0,8.37539918579835
Court Martial,2020.0,120.0,Drama,6.8,179.0,2704.0,1029.0,2134.0,1991.0,3,0,7.0,5.19295685089021
Cover Story,2000.0,140.0,Thriller,5.3,105.0,797.0,2291.0,967.0,529.0,3,0,18.0,4.663439094112067
Crazy Cukkad Family,2015.0,,Comedy,5.1,46.0,2260.0,2304.0,2359.0,1269.0,3,0,4.0,3.8501476017100584
Crazy Mad Lover,2011.0,163.0,"Action, Comedy, Drama",5.6,4059.0,2419.0,1377.0,2848.0,1337.0,3,1,0.0,8.308938252595778
Crd,2016.0,108.0,"Drama, Romance",6.2,119.0,1318.0,1340.0,883.0,37.0,3,1,7.0,4.787491742782046
Creature,2014.0,134.0,"Action, Horror, Sci-Fi",3.1,1308.0,3035.0,498.0,855.0,1563.0,3,1,0.0,7.1770187659099
Criminal,1994.0,123.0,"Action, Romance, Thriller",5.7,450.0,1422.0,1378.0,1290.0,2065.0,3,1,0.0,6.111467339502679
Crook: It's Good to Be Bad,2010.0,121.0,"Action, Drama, Thriller",5.1,1965.0,1581.0,693.0,1571.0,347.0,3,1,0.0,7.583756300707112
Cryptic Road,2016.0,84.0,"Mystery, Sci-Fi, Thriller",7.3,23.0,1588.0,793.0,2750.0,28.0,3,1,14.0,3.1780538303479458
Current,1992.0,119.0,Drama,6.9,54.0,1149.0,1494.0,593.0,2542.0,3,0,7.0,4.007333185232471
Cycle Kick,2011.0,86.0,"Drama, Sport",6.1,100.0,2597.0,1465.0,2558.0,849.0,3,1,7.0,4.61512051684126
Cypher,2019.0,130.0,"Biography, Family",8.3,29.0,2379.0,1061.0,17.0,367.0,3,1,3.0,3.4011973816621555
D,2005.0,107.0,"Crime, Drama, Thriller",6.8,1188.0,3080.0,1761.0,549.0,2220.0,3,1,5.0,7.080867896690782
D Company,2021.0,91.0,"Action, Crime, Thriller",4.4,218.0,2146.0,1957.0,36.0,1847.0,3,1,0.0,5.389071729816501
Daadagiri,1997.0,138.0,"Drama, Action, Comedy",4.6,30.0,334.0,418.0,2040.0,2588.0,3,1,7.0,3.4339872044851463
Daadi Maa,1966.0,171.0,"Action, Comedy, Drama",6.2,20.0,1362.0,376.0,466.0,719.0,3,1,0.0,3.044522437723423
Daaera,1953.0,139.0,Drama,6.5,32.0,1209.0,1273.0,1512.0,1315.0,3,0,7.0,3.4965075614664802
Daag,1952.0,149.0,"Drama, Romance",7.0,159.0,211.0,657.0,1596.0,2865.0,3,1,7.0,5.075173815233827
Daag: A Poem of Love,1973.0,146.0,"Drama, Music, Romance",7.0,438.0,3106.0,1702.0,2312.0,2041.0,3,1,7.0,6.0844994130751715
Daag: The Burning Fire,2002.0,,Action,7.0,25.0,28.0,1171.0,2681.0,2853.0,1,0,0.0,3.258096538021482
Daag: The Fire,1999.0,152.0,"Action, Drama, Thriller",4.8,670.0,2009.0,1969.0,510.0,1353.0,3,1,0.0,6.508769136971682
Daaku,1975.0,,"Action, Thriller",5.6,8.0,474.0,970.0,469.0,207.0,3,1,0.0,2.1972245773362196
Daal Me Kala,1964.0,128.0,"Comedy, Drama",6.0,21.0,2519.0,1460.0,1110.0,38.0,3,1,4.0,3.091042453358316
Daal Mein Kuch Kaala Hai,2012.0,130.0,Comedy,3.9,75.0,224.0,230.0,2503.0,1215.0,3,0,4.0,4.330733340286331
Daaman Aur Aag,1973.0,,"Drama, Romance",6.0,6.0,3053.0,1972.0,2129.0,481.0,3,1,7.0,1.9459101490553132
Daanveer,1996.0,,"Action, Crime, Drama",3.6,17.0,2864.0,2455.0,266.0,427.0,3,1,0.0,2.8903717578961645
Daas,2005.0,163.0,"Action, Romance",3.1,115.0,457.0,2405.0,702.0,1238.0,3,1,0.0,4.7535901911063645
Daas Dev,2018.0,140.0,"Drama, Thriller",5.1,257.0,2753.0,2532.0,1842.0,2144.0,3,1,7.0,5.552959584921617
Daasi,1981.0,,"Drama, Romance",5.0,32.0,2012.0,1980.0,2003.0,1544.0,3,1,7.0,3.4965075614664802
Daata,1989.0,,"Action, Drama",5.4,73.0,2772.0,2360.0,2378.0,366.0,3,1,0.0,4.30406509320417
Daava,1997.0,145.0,"Action, Drama, Romance",4.5,571.0,2794.0,1405.0,114.0,2107.0,3,1,0.0,6.349138991379798
Daawat-e-Biryani,2019.0,89.0,Drama,7.1,22.0,82.0,907.0,2249.0,2684.0,3,0,7.0,3.1354942159291497
Daawat-e-Ishq,2014.0,118.0,"Comedy, Drama, Romance",6.1,5500.0,891.0,81.0,1669.0,312.0,3,1,4.0,8.612685172875459
Daayan,1998.0,,Horror,4.4,10.0,614.0,1981.0,2244.0,2438.0,3,0,11.0,2.3978952727983707
Daayen Ya Baayen,2010.0,115.0,"Comedy, Drama, Family",6.3,146.0,484.0,599.0,1271.0,474.0,3,1,4.0,4.990432586778736
Dabang Sarkar,2018.0,,Action,4.2,18.0,3119.0,128.0,493.0,2293.0,3,0,0.0,2.9444389791664403
Dabangg,2010.0,126.0,"Action, Comedy, Crime",6.2,30194.0,52.0,1939.0,2457.0,2637.0,3,1,0.0,10.315431626742
Dabangg 2,2012.0,120.0,"Action, Comedy, Crime",4.8,16920.0,316.0,1939.0,2457.0,1840.0,3,1,0.0,9.736310733068626
Dabangg 3,2019.0,160.0,"Action, Comedy, Crime",3.0,15817.0,1847.0,1939.0,2502.0,2619.0,3,1,0.0,9.668903811079362
Dacait,1987.0,158.0,"Action, Drama",6.5,270.0,2005.0,1735.0,2557.0,1452.0,3,1,0.0,5.602118820879701
Dacait,2000.0,,Action,5.1,9.0,1105.0,861.0,607.0,1505.0,3,0,0.0,2.302585092994046
Dada,1979.0,137.0,"Action, Drama, Family",5.0,24.0,1132.0,2489.0,468.0,1057.0,3,1,0.0,3.2188758248682006
Dada,1999.0,133.0,Action,4.8,30.0,2864.0,861.0,296.0,1494.0,3,0,0.0,3.4339872044851463
Dadagiri,1987.0,,"Action, Crime, Drama",5.5,51.0,655.0,1786.0,1918.0,1503.0,3,1,0.0,3.9512437185814275
Dadar Kirti,1980.0,154.0,"Comedy, Drama",7.2,191.0,2896.0,2339.0,389.0,1356.0,3,1,4.0,5.2574953720277815
Daddy,2017.0,134.0,"Action, Biography, Crime",6.4,1886.0,354.0,331.0,86.0,1727.0,3,1,0.0,7.54274354536855
Daddy Cool: Join the Fun,2009.0,102.0,"Comedy, Drama",3.8,362.0,1152.0,2266.0,15.0,24.0,3,1,4.0,5.8944028342648505
Daddy's Daughter,2017.0,97.0,Drama,7.7,40.0,51.0,1303.0,692.0,812.0,3,0,7.0,3.713572066704308
Dafaa 302: Indian Penal Code Section 302 (Section of Murder),1975.0,118.0,"Drama, Mystery",4.9,7.0,1162.0,1763.0,2003.0,111.0,3,1,7.0,2.0794415416798357
Dagadi Chaawl,2015.0,120.0,"Action, Crime, Drama",6.2,180.0,580.0,275.0,1255.0,1812.0,3,1,0.0,5.198497031265826
Dahan,1998.0,145.0,Drama,7.4,285.0,2264.0,2051.0,508.0,51.0,3,0,7.0,5.655991810819852
Dahej,1950.0,149.0,Drama,6.3,15.0,2579.0,1359.0,1048.0,1048.0,3,0,7.0,2.772588722239781
Dahek: A Burning Passion,1999.0,155.0,"Drama, Romance, Thriller",5.5,189.0,1370.0,2184.0,562.0,230.0,3,1,7.0,5.247024072160486
Dahek: A Restless Mind,2007.0,,"Crime, Drama, Romance",5.9,14.0,332.0,2068.0,168.0,2015.0,3,1,5.0,2.70805020110221
Dahleez,1986.0,161.0,"Action, Drama",5.3,50.0,2212.0,870.0,1852.0,1452.0,3,1,0.0,3.9318256327243257
Dahshat,1981.0,,Horror,5.7,58.0,2665.0,2370.0,1527.0,2358.0,3,0,11.0,4.07753744390572
Daisy,1988.0,,Drama,7.1,76.0,1894.0,794.0,2449.0,2630.0,3,0,7.0,4.343805421853684
Dak Bangla,1987.0,,Horror,5.2,72.0,1276.0,15.0,444.0,1300.0,3,0,11.0,4.290459441148391
Daku,1955.0,,Unknown,6.8,6.0,401.0,1267.0,273.0,2449.0,3,0,19.0,1.9459101490553132
Daku Aur Jawan,1978.0,,Action,5.4,15.0,2796.0,2262.0,1998.0,2981.0,3,0,0.0,2.772588722239781
Daku Aur Mahatma,1977.0,127.0,"Action, Drama",4.7,7.0,2230.0,1695.0,1998.0,1109.0,3,1,0.0,2.0794415416798357
Daku Ganga Jamuna,2000.0,93.0,"Action, Adventure, Crime",3.9,7.0,1233.0,1985.0,169.0,756.0,3,1,0.0,2.0794415416798357
Daku Hasina,1987.0,,"Action, Drama",5.5,31.0,384.0,2549.0,1897.0,1831.0,3,1,0.0,3.4657359027997265
Daku Kali Bhawani,2000.0,120.0,Action,3.8,5.0,2340.0,631.0,1385.0,1505.0,3,0,0.0,1.791759469228055
Daku Mangal Singh,1966.0,,"Action, Drama",6.4,10.0,565.0,575.0,1455.0,1885.0,3,1,0.0,2.3978952727983707
Daku Munni Bai,1991.0,,Action,7.5,33.0,1559.0,911.0,2760.0,2853.0,2,0,0.0,3.5263605246161616
Daku Ramkali,2000.0,134.0,"Adventure, Drama, Musical",5.0,17.0,1233.0,1985.0,932.0,2011.0,3,1,1.0,2.8903717578961645
Dal: The Gang,2001.0,,Action,4.9,7.0,2996.0,861.0,2111.0,2000.0,3,0,0.0,2.0794415416798357
Dalaal,1993.0,160.0,"Action, Drama",4.9,105.0,1804.0,1304.0,390.0,2109.0,3,1,0.0,4.663439094112067
Dam999,2011.0,108.0,"Adventure, Drama, Sci-Fi",3.3,980.0,2689.0,2477.0,975.0,1462.0,3,1,1.0,6.8885724595653635
Damaad,1978.0,110.0,Comedy,7.0,52.0,2051.0,213.0,1964.0,411.0,3,0,4.0,3.970291913552122
Damadamm!,2011.0,122.0,"Comedy, Drama, Romance",4.0,406.0,2855.0,823.0,2460.0,1913.0,3,1,4.0,6.008813185442595
Daman: A Victim of Marital Violence,2001.0,,Drama,5.5,88.0,1205.0,1791.0,2252.0,2335.0,3,0,7.0,4.48863636973214
Damini,1993.0,175.0,"Crime, Drama",7.8,3185.0,2109.0,1276.0,2029.0,2720.0,3,1,5.0,8.066521490469993
Damul,1985.0,106.0,Drama,6.7,127.0,1864.0,1222.0,240.0,2646.0,3,0,7.0,4.852030263919617
Dana Paani,1989.0,,"Action, Crime, Drama",4.9,19.0,677.0,1304.0,1647.0,1715.0,3,1,0.0,2.995732273553991
Danav,2003.0,,"Action, Romance",4.7,12.0,1440.0,2185.0,332.0,2397.0,3,1,0.0,2.5649493574615367
Dance Dance,1987.0,153.0,"Action, Drama, Musical",6.1,267.0,453.0,1304.0,2436.0,1375.0,3,1,0.0,5.5909869805108565
Dance of the Wind,1997.0,85.0,"Drama, Music",6.6,128.0,2039.0,189.0,2071.0,1225.0,3,1,7.0,4.859812404361672
Dance Party,1995.0,124.0,"Family, Music, Romance",2.6,25.0,648.0,1746.0,1991.0,21.0,3,1,8.0,3.258096538021482
Dancer,1991.0,150.0,"Action, Drama, Musical",3.9,613.0,1307.0,145.0,1107.0,1520.0,3,1,0.0,6.419994928147142
Dand Nayak,1998.0,153.0,Action,3.7,24.0,2676.0,322.0,314.0,367.0,3,0,0.0,3.2188758248682006
Dangal,2016.0,161.0,"Action, Biography, Drama",8.4,165074.0,1725.0,18.0,2139.0,793.0,3,1,0.0,12.014155195062772
Danger,2005.0,,Action,4.7,6.0,173.0,2008.0,5.0,2268.0,3,0,0.0,1.9459101490553132
Danger,2002.0,,"Crime, Drama, Thriller",6.8,53.0,858.0,382.0,2628.0,1015.0,3,1,5.0,3.9889840465642745
Dangerous Ishq,2012.0,130.0,"Fantasy, Mystery, Romance",3.9,847.0,3035.0,1025.0,1909.0,741.0,3,1,9.0,6.742880635791903
Dank,2019.0,108.0,"Horror, Thriller",5.7,19.0,1941.0,2067.0,2437.0,228.0,3,1,11.0,2.995732273553991
Dansh,2005.0,103.0,Drama,7.0,65.0,1223.0,1000.0,1082.0,2626.0,3,0,7.0,4.189654742026425
Dansh,2018.0,85.0,Drama,8.3,9.0,462.0,47.0,91.0,906.0,3,0,7.0,2.302585092994046
Daraar,1996.0,105.0,"Action, Drama, Romance",5.4,506.0,38.0,1251.0,2029.0,1090.0,3,1,0.0,6.2285110035911835
Daraar,1987.0,,Action,2.6,13.0,2008.0,172.0,1852.0,1209.0,3,0,0.0,2.6390573296152584
Darasingh: Ironman,1964.0,,"Action, Adventure, Drama",5.6,10.0,1269.0,575.0,1609.0,1057.0,3,1,0.0,2.3978952727983707
Darbaan,2020.0,145.0,Drama,7.5,727.0,529.0,2074.0,2303.0,1556.0,3,0,7.0,6.590301048196686
Darbar,2020.0,159.0,"Action, Thriller",6.1,5175.0,16.0,1711.0,1538.0,1733.0,3,1,0.0,8.551787836180736
Dard,1947.0,,"Drama, Family, Musical",6.3,15.0,41.0,2141.0,1627.0,1570.0,3,1,7.0,2.772588722239781
Dard (Conflict of Emotions),1981.0,,"Drama, Crime, Family",7.2,64.0,187.0,1702.0,818.0,1816.0,3,1,7.0,4.174387269895637
Dard Ka Rishta,1982.0,152.0,Drama,7.0,64.0,2796.0,2262.0,1998.0,2599.0,3,0,7.0,4.174387269895637
Dard-E-Dil,1983.0,,"Action, Romance",6.7,13.0,2819.0,1349.0,2859.0,2478.0,3,1,0.0,2.6390573296152584
Darinda,1977.0,,Action,5.9,23.0,1263.0,1048.0,2549.0,1781.0,3,0,0.0,3.1780538303479458
Darinda,2005.0,76.0,Horror,5.2,8.0,1233.0,252.0,2210.0,2984.0,3,0,11.0,2.1972245773362196
Dariya Dil,1988.0,146.0,Drama,5.1,191.0,1159.0,767.0,1096.0,2213.0,3,0,7.0,5.2574953720277815
Darklight,2019.0,113.0,Drama,6.5,8.0,1518.0,529.0,1851.0,974.0,3,0,7.0,2.1972245773362196
Darkness Visible,2019.0,107.0,Thriller,5.6,329.0,1702.0,2024.0,2254.0,2292.0,3,0,18.0,5.799092654460526
Darling,2007.0,128.0,"Drama, Horror, Romance",3.8,589.0,2146.0,700.0,677.0,972.0,3,1,7.0,6.380122536899765
Darling Darling,1977.0,,Romance,6.8,34.0,845.0,616.0,2864.0,1586.0,3,0,15.0,3.5553480614894135
Darmiyaan: In Between,1997.0,128.0,Drama,7.2,62.0,1205.0,1058.0,293.0,2771.0,3,0,7.0,4.143134726391533
Darna Mana Hai,2003.0,121.0,Horror,6.3,3207.0,1904.0,1925.0,2161.0,3008.0,3,0,11.0,8.073402968986406
Darna Zaroori Hai,2006.0,108.0,Horror,5.4,1962.0,1013.0,1209.0,2133.0,1070.0,3,0,11.0,7.5822291942764615
Darogaji,1949.0,123.0,"Crime, Drama, Romance",7.7,9.0,153.0,1400.0,1649.0,2098.0,3,1,5.0,2.302585092994046
Darpan,1970.0,140.0,"Drama, Family",7.1,37.0,92.0,2262.0,2827.0,2631.0,3,1,7.0,3.6375861597263857
Darr,1993.0,178.0,"Action, Drama, Romance",7.8,22635.0,3106.0,951.0,2557.0,2425.0,3,1,0.0,10.027296838262414
Darr @ the Mall,2014.0,124.0,"Horror, Thriller",4.9,936.0,1818.0,931.0,1626.0,345.0,3,1,11.0,6.842683282238422
Darshan,1941.0,,Unknown,7.0,8.0,596.0,1599.0,987.0,515.0,3,0,19.0,2.1972245773362196
Darwaza,1978.0,117.0,Horror,6.0,89.0,2665.0,2370.0,205.0,2567.0,3,0,11.0,4.499809670330265
Darwaza,2002.0,84.0,Horror,4.3,50.0,1233.0,345.0,208.0,194.0,3,0,11.0,3.9318256327243257
Darwaza Bandh Rakho,2006.0,106.0,"Comedy, Crime, Drama",5.3,337.0,1013.0,861.0,29.0,2605.0,3,1,4.0,5.823045895483019
Das Capital Gulamon Ki Rajdhani,2020.0,,Drama,7.1,28.0,2040.0,581.0,2839.0,1857.0,3,0,7.0,3.367295829986474
Dashavatar,2008.0,119.0,"Animation, Family",6.4,110.0,505.0,2474.0,1085.0,2223.0,3,1,2.0,4.709530201312334
Dassehra,2018.0,131.0,"Action, Thriller",3.8,316.0,1476.0,2014.0,1573.0,2818.0,3,1,0.0,5.75890177387728
Dastaan,1972.0,173.0,"Comedy, Drama, Thriller",6.9,122.0,446.0,657.0,2312.0,1872.0,3,1,4.0,4.812184355372417
Dastak,1996.0,141.0,"Drama, Romance",4.7,293.0,1422.0,2300.0,1454.0,2456.0,3,1,7.0,5.683579767338681
Dastak,1970.0,145.0,Drama,7.1,122.0,2093.0,1980.0,2001.0,2436.0,3,0,7.0,4.812184355372417
Dastan,1950.0,122.0,"Drama, Family, Romance",6.8,61.0,41.0,2280.0,1853.0,2907.0,3,1,7.0,4.127134385045092
Dastoor,1991.0,,"Drama, Mystery",4.8,11.0,259.0,1548.0,654.0,726.0,3,1,7.0,2.4849066497880004
Dasvidaniya,2008.0,113.0,"Comedy, Drama",7.8,6140.0,2594.0,2476.0,2223.0,1988.0,3,1,4.0,8.722742874329398
Dattak,2001.0,125.0,Drama,7.4,57.0,866.0,1712.0,230.0,1.0,3,0,7.0,4.060443010546419
Daud: Fun on the Run,1997.0,180.0,"Action, Adventure, Comedy",5.9,1006.0,2146.0,1969.0,2689.0,1774.0,3,1,0.0,6.914730892718563
Daughters of This Century,2001.0,180.0,Unknown,6.7,19.0,2885.0,2030.0,933.0,350.0,3,0,19.0,2.995732273553991
Daulat,1982.0,150.0,"Action, Crime, Drama",6.1,35.0,1567.0,2487.0,2864.0,203.0,3,1,0.0,3.58351893845611
Daulat Ke Dushman,1983.0,,Action,3.3,15.0,524.0,1236.0,1298.0,1469.0,3,0,0.0,2.772588722239781
Daulat Ki Jung,1992.0,143.0,"Action, Adventure, Romance",5.7,834.0,2322.0,18.0,982.0,2423.0,3,1,0.0,6.727431724850855
Dav Pech,1989.0,,Action,4.1,18.0,1268.0,919.0,447.0,1872.0,3,0,0.0,2.9444389791664403
David,2013.0,155.0,"Action, Crime, Drama",6.2,2608.0,483.0,2460.0,1573.0,2975.0,3,1,0.0,7.866722285136729
Dayar E Madina,1975.0,137.0,Drama,7.2,6.0,6.0,1431.0,2606.0,916.0,3,0,7.0,1.9459101490553132
Dayavan,1988.0,173.0,"Action, Crime, Drama",6.5,548.0,783.0,2487.0,706.0,166.0,3,1,0.0,6.3080984415095305
Days and Nights on Earth,2017.0,75.0,Drama,8.1,15.0,1832.0,537.0,2030.0,310.0,3,0,7.0,2.772588722239781
Days of Tafree,2016.0,155.0,Comedy,7.3,252.0,1331.0,2524.0,244.0,2352.0,3,0,4.0,5.53338948872752
D-Day,2013.0,153.0,"Action, Thriller",7.2,9525.0,1715.0,853.0,2029.0,354.0,3,1,0.0,9.161780181360806
De Dana Dan,2009.0,162.0,"Action, Comedy, Crime",5.5,7758.0,1924.0,145.0,2552.0,1182.0,3,1,0.0,8.95660873889395
De De Pyaar De,2019.0,135.0,"Comedy, Drama, Romance",6.6,7329.0,156.0,108.0,2607.0,2045.0,3,1,4.0,8.899730794880696
De Taali,2008.0,140.0,"Comedy, Drama, Romance",4.1,808.0,752.0,86.0,2035.0,449.0,3,1,4.0,6.695798917058491
Dead Morning,2016.0,126.0,"Comedy, Thriller",6.4,10.0,1886.0,1212.0,1581.0,2391.0,3,1,4.0,2.3978952727983707
Deadline: Sirf 24 Ghante,2006.0,102.0,"Crime, Thriller",6.3,585.0,2881.0,1712.0,1115.0,1065.0,3,1,5.0,6.373319789577012
Dear Dad,2016.0,95.0,"Drama, Family",6.3,384.0,2877.0,355.0,667.0,931.0,3,1,7.0,5.953243334287785
Dear Maya,2017.0,111.0,"Drama, Romance",5.8,390.0,2782.0,1214.0,1235.0,2543.0,3,1,7.0,5.968707559985366
Dear Molly,2018.0,91.0,Drama,7.8,10.0,803.0,170.0,1439.0,882.0,3,0,7.0,2.3978952727983707
Dear Vs Bear,2014.0,145.0,"Adventure, Thriller",6.6,18.0,2475.0,2400.0,1078.0,1408.0,3,1,1.0,2.9444389791664403
Dear Zindagi,2016.0,151.0,"Drama, Romance",7.5,37149.0,818.0,159.0,2270.0,1261.0,3,1,7.0,10.522719050145906
Debshishu,1987.0,100.0,Drama,7.5,22.0,2942.0,486.0,1620.0,2189.0,3,0,7.0,3.1354942159291497
Dedh Ishqiya,2014.0,152.0,"Comedy, Drama, Romance",7.1,6978.0,60.0,1167.0,1510.0,360.0,3,1,4.0,8.850660919017152
Deedar,1992.0,130.0,"Drama, Romance",4.3,578.0,1872.0,145.0,1065.0,1293.0,3,1,7.0,6.361302477572996
Deedar,1951.0,130.0,"Musical, Romance",7.6,198.0,1726.0,1400.0,358.0,717.0,3,1,13.0,5.293304824724492
Deedar-E-Yaar,1982.0,,"Drama, Romance",5.3,45.0,919.0,919.0,2003.0,2165.0,3,1,7.0,3.828641396489095
Deewaanapan,2001.0,153.0,"Action, Romance",4.6,418.0,390.0,331.0,617.0,2981.0,3,1,0.0,6.037870919922137
Deewaangee,1976.0,168.0,"Action, Crime, Drama",6.5,40.0,2417.0,2082.0,2864.0,2081.0,3,1,0.0,3.713572066704308
Deewaar,1975.0,174.0,"Action, Crime, Drama",8.1,10361.0,3106.0,206.0,2321.0,1715.0,3,1,0.0,9.245900547374733
Deewana,1952.0,,Romance,5.0,10.0,41.0,2280.0,2541.0,2737.0,3,0,15.0,2.3978952727983707
Deewana,1992.0,185.0,"Action, Comedy, Crime",6.9,6298.0,2009.0,1835.0,642.0,2425.0,3,1,0.0,8.74814616962193
Deewana Hoon Pagal Nahi,1998.0,,"Drama, Family, Action",4.1,8.0,1573.0,1731.0,1183.0,2948.0,3,1,7.0,2.1972245773362196
Deewana Main Deewana,2013.0,130.0,"Comedy, Drama, Romance",2.4,339.0,1171.0,767.0,1785.0,1625.0,3,1,4.0,5.8289456176102075
Deewana Mastana,1997.0,140.0,"Comedy, Romance",6.7,2488.0,629.0,250.0,763.0,1090.0,3,1,4.0,7.819636302367592
Deewana Mujh Sa Nahin,1990.0,130.0,"Romance, Comedy, Drama",5.7,953.0,3102.0,1152.0,11.0,1338.0,3,1,15.0,6.860663671448287
Deewana Tere Naam Ka,1987.0,97.0,"Drama, Romance",5.0,25.0,646.0,1304.0,2761.0,637.0,3,1,7.0,3.258096538021482
Deewane,2000.0,164.0,"Action, Romance",4.7,587.0,920.0,108.0,2689.0,1353.0,3,1,0.0,6.376726947898627
Deewane,1991.0,,Romance,3.2,6.0,570.0,133.0,439.0,538.0,3,0,15.0,1.9459101490553132
Deewane Huye Paagal,2005.0,158.0,"Action, Comedy, Drama",5.3,4622.0,3035.0,2042.0,114.0,2715.0,3,1,0.0,8.438799123988225
Deewangee,2002.0,169.0,"Crime, Drama, Mystery",6.6,2620.0,244.0,108.0,116.0,2861.0,3,1,5.0,7.8713112033234065
Deha,2007.0,126.0,Romance,6.4,66.0,1428.0,1173.0,934.0,2727.0,3,0,15.0,4.204692619390966
Dehraadun Diary,2013.0,,Thriller,5.6,50.0,1548.0,65.0,1975.0,1573.0,3,0,18.0,3.9318256327243257
Dekh Bhai Dekh: Laughter Behind Darkness,2009.0,105.0,"Comedy, Crime, Drama",4.5,26.0,1994.0,769.0,2419.0,1951.0,3,1,4.0,3.295836866004329
Dekh Kabira Roya,1957.0,141.0,"Comedy, Romance",7.4,29.0,211.0,260.0,243.0,1032.0,3,1,4.0,3.4011973816621555
Dekh Tamasha Dekh,2014.0,110.0,Comedy,6.1,284.0,781.0,2004.0,2626.0,2971.0,3,0,4.0,5.652489180268651
Dekha Pyar Tumhara,1985.0,138.0,"Comedy, Drama",5.6,38.0,3066.0,982.0,1975.0,692.0,3,1,4.0,3.6635616461296463
Delhi 47 KM,2018.0,98.0,Drama,5.9,24.0,2542.0,2034.0,2266.0,2422.0,3,0,7.0,3.2188758248682006
Delhi Belly,2011.0,103.0,"Action, Comedy, Crime",7.6,28299.0,55.0,141.0,857.0,2986.0,3,1,0.0,10.25061708363133
Delhi in a Day,2011.0,88.0,"Comedy, Drama",6.2,395.0,1884.0,2434.0,2416.0,2918.0,3,1,4.0,5.981414211254481
Delhi Safari,2012.0,96.0,"Animation, Adventure, Comedy",5.6,1631.0,1715.0,767.0,116.0,2861.0,3,1,2.0,7.397561535524052
Delhi-6,2009.0,141.0,Drama,6.1,7256.0,2140.0,2511.0,42.0,2628.0,3,0,7.0,8.889721799278137
Delhii Heights,2007.0,,"Drama, Romance",4.2,183.0,1341.0,931.0,1564.0,1408.0,3,1,7.0,5.214935757608986
Delinquent Dancers,2012.0,94.0,Music,5.9,48.0,2423.0,137.0,2526.0,2094.0,3,0,12.0,3.8918202981106265
Department,2012.0,141.0,"Action, Crime, Thriller",3.1,965.0,2146.0,1969.0,1951.0,1278.0,3,1,0.0,6.873163834212518
Des Pardes,1978.0,,"Drama, Family",7.1,151.0,670.0,616.0,96.0,1845.0,3,1,7.0,5.0238805208462765
Desamuduru,2007.0,148.0,"Action, Drama, Romance",6.2,1608.0,1938.0,167.0,793.0,1832.0,3,1,0.0,7.3833681469923835
Desh,2002.0,130.0,Drama,4.9,50.0,2035.0,902.0,2104.0,2660.0,3,0,7.0,3.9318256327243257
Desh Drohee,1980.0,158.0,Action,5.5,11.0,1867.0,1926.0,1527.0,2039.0,3,0,0.0,2.4849066497880004
Desh Drohi,2008.0,140.0,"Action, Thriller",1.4,3899.0,1029.0,985.0,764.0,938.0,3,1,0.0,8.268731832117737
Desh Ke Dushman,1989.0,,Action,3.9,14.0,2857.0,1635.0,1527.0,78.0,3,0,0.0,2.70805020110221
Desh Premee,1982.0,165.0,"Action, Comedy, Drama",6.0,536.0,1482.0,206.0,818.0,1635.0,3,1,0.0,6.285998094508865
Deshwasi,1991.0,145.0,"Action, Crime, Drama",3.6,12.0,2098.0,2360.0,1242.0,1816.0,3,1,0.0,2.5649493574615367
Desi Boyz,2011.0,122.0,"Comedy, Drama",5.7,13203.0,2273.0,145.0,969.0,671.0,3,1,4.0,9.488275092973083
Desi Kattey,2014.0,139.0,Action,4.0,126.0,1341.0,136.0,2642.0,1033.0,3,0,0.0,4.844187086458591
Detective,1958.0,114.0,Mystery,6.4,15.0,2563.0,1563.0,1258.0,1082.0,3,0,14.0,2.772588722239781
Detective Byomkesh Bakshy!,2015.0,139.0,"Action, Crime, Drama",7.7,21107.0,709.0,2298.0,194.0,1663.0,3,1,0.0,9.957407394525559
Detective Naani,2009.0,140.0,"Crime, Drama, Family",6.2,76.0,2285.0,400.0,2855.0,2590.0,3,1,5.0,4.343805421853684
Dev,2004.0,172.0,Drama,6.9,1332.0,861.0,206.0,1632.0,784.0,3,0,7.0,7.195187320178709
Dev Anand in Goa (Alias Farar),1955.0,,"Action, Drama, Romance",5.8,16.0,1824.0,616.0,744.0,1405.0,3,1,0.0,2.833213344056216
Dev.D,2009.0,144.0,"Drama, Romance",8.0,29283.0,299.0,34.0,1248.0,1118.0,3,1,7.0,10.284796570766533
Devaki,2005.0,87.0,Drama,4.2,31.0,470.0,1741.0,2533.0,375.0,3,0,7.0,3.4657359027997265
Devar,1966.0,156.0,"Crime, Drama, Romance",7.2,81.0,1567.0,631.0,2312.0,2478.0,3,1,5.0,4.406719247264253
Devar Bhabhi,1958.0,,Drama,6.5,6.0,1269.0,1695.0,1186.0,2049.0,3,0,7.0,1.9459101490553132
Devata,1978.0,148.0,"Drama, Family",7.1,50.0,2314.0,1980.0,2263.0,2040.0,3,1,7.0,3.9318256327243257
Devdas,2002.0,185.0,"Drama, Musical, Romance",7.6,39573.0,2457.0,2038.0,85.0,1338.0,3,1,7.0,10.585927615952386
Devdas,1936.0,139.0,"Drama, Romance",6.2,91.0,1764.0,967.0,0.0,1757.0,3,1,7.0,4.5217885770490405
Devdas,1955.0,159.0,"Drama, Musical, Romance",7.9,1731.0,525.0,657.0,2501.0,3012.0,3,1,7.0,7.4570320891223805
Devi,1970.0,,"Drama, Family",6.6,19.0,2948.0,1490.0,2202.0,2134.0,3,1,7.0,2.995732273553991
Devi Ahilya Bai,2002.0,146.0,"Biography, Drama, History",6.6,17.0,1080.0,1413.0,2111.0,2417.0,3,1,3.0,2.8903717578961645
Devi Aur Hero,2019.0,117.0,Drama,7.8,15.0,87.0,93.0,542.0,2915.0,3,0,7.0,2.772588722239781
Devi Durga Shakti,2001.0,,Fantasy,5.6,16.0,1930.0,623.0,1353.0,2893.0,3,0,9.0,2.833213344056216
Devi Maa,2006.0,,Fantasy,6.6,14.0,2165.0,1272.0,519.0,2062.0,3,0,9.0,2.70805020110221
Devi Putrudu,2004.0,161.0,"Action, Drama, Fantasy",5.8,260.0,1310.0,2428.0,221.0,2643.0,3,1,0.0,5.564520407322694
Devil (Maupassant's Le Diable),2019.0,79.0,Drama,5.2,16.0,1336.0,1090.0,241.0,677.0,3,0,7.0,2.833213344056216
Devil's Daughter,2019.0,89.0,"Comedy, Drama, Fantasy",2.6,172.0,831.0,787.0,678.0,988.0,3,1,4.0,5.153291594497779
Devta,1956.0,178.0,"Adventure, Drama",5.7,16.0,1812.0,2510.0,224.0,840.0,3,1,1.0,2.833213344056216
Devta,1998.0,177.0,Action,3.5,21.0,1029.0,343.0,1401.0,1577.0,3,0,0.0,3.091042453358316
Dhaad,2018.0,135.0,Action,5.5,13.0,1799.0,1944.0,1498.0,2318.0,3,0,0.0,2.6390573296152584
Dhaai Akshar Prem Ke,2000.0,167.0,"Drama, Romance",3.7,1313.0,2009.0,45.0,85.0,207.0,3,1,7.0,7.1808311990445555
Dhaal: The Battle of Law Against Law,1997.0,148.0,"Action, Drama",5.1,68.0,2411.0,2487.0,2552.0,829.0,3,1,0.0,4.23410650459726
Dhadak,1998.0,,Romance,6.1,7.0,2470.0,598.0,2373.0,909.0,3,0,15.0,2.0794415416798357
Dhadak,2018.0,138.0,"Drama, Romance",4.5,9399.0,2590.0,886.0,886.0,418.0,3,1,7.0,9.148464968258095
Dhadkan,2000.0,161.0,"Drama, Romance",6.5,6953.0,693.0,145.0,2357.0,2715.0,3,1,7.0,8.847072312567807
Dhadkanein,2006.0,146.0,"Action, Crime, Drama",4.4,12.0,971.0,393.0,1752.0,905.0,3,1,0.0,2.5649493574615367
Dhamaal,2007.0,136.0,"Action, Adventure, Comedy",7.3,13878.0,980.0,1969.0,2035.0,360.0,3,1,0.0,9.53813218535584
Dhamkee,1973.0,132.0,"Action, Crime, Drama",5.4,14.0,1206.0,2487.0,1151.0,1470.0,3,1,0.0,2.70805020110221
Dhamkee,2005.0,,"Action, Thriller",2.5,15.0,425.0,1687.0,2405.0,2250.0,3,1,0.0,2.772588722239781
Dhan Daulat,1980.0,146.0,Drama,6.5,57.0,914.0,1835.0,1559.0,1845.0,3,0,7.0,4.060443010546419
Dhan Dhana Dhan Goal,2007.0,167.0,"Drama, Sport",5.0,2410.0,3087.0,937.0,311.0,541.0,3,1,7.0,7.787796878181171
Dhanwaan,1993.0,123.0,"Comedy, Drama, Romance",3.4,252.0,1168.0,108.0,1290.0,1175.0,3,1,4.0,5.53338948872752
Dhanwan,1981.0,152.0,"Crime, Drama, Family",7.3,55.0,2823.0,1702.0,1998.0,2040.0,3,1,5.0,4.02535169073515
Dhara,2008.0,95.0,"Drama, Romance",4.3,11.0,1517.0,2236.0,836.0,306.0,3,1,7.0,2.4849066497880004
Dhara 302,2016.0,148.0,Drama,4.4,16.0,1107.0,1364.0,638.0,734.0,3,0,7.0,2.833213344056216
Dharam Kanta,1982.0,,"Action, Drama",6.2,77.0,2772.0,1635.0,1889.0,1055.0,3,1,0.0,4.356708826689592
Dharam Kanta,1991.0,,Action,5.8,10.0,1309.0,1378.0,1950.0,131.0,3,0,0.0,2.3978952727983707
Dharam Karam,1975.0,159.0,"Family, Drama",6.0,140.0,2192.0,1670.0,1955.0,2136.0,3,1,8.0,4.948759890378168
Dharam Sankat,1991.0,155.0,"Action, Drama",3.5,21.0,1630.0,2487.0,182.0,2264.0,3,1,0.0,3.091042453358316
Dharam Sankat Mein,2015.0,129.0,Comedy,6.3,2118.0,788.0,1405.0,1665.0,287.0,3,0,4.0,7.6586995582682995
Dharam Shatru,1988.0,,"Action, Crime, Thriller",4.3,7.0,918.0,2084.0,1998.0,1344.0,3,1,0.0,2.0794415416798357
Dharam Veer,1977.0,165.0,"Action, Adventure, Comedy",6.7,715.0,1482.0,631.0,2864.0,1055.0,3,1,0.0,6.573680166960646
Dharamyudh,1988.0,,"Drama, Mystery, Thriller",5.8,24.0,2741.0,2262.0,2325.0,1202.0,3,1,7.0,3.2188758248682006
Dharavi,1992.0,120.0,"Crime, Drama",7.0,289.0,2753.0,2179.0,2263.0,1842.0,3,1,5.0,5.66988092298052
Dharini,2002.0,,Drama,6.3,12.0,2839.0,1641.0,355.0,2183.0,3,0,7.0,2.5649493574615367
Dharkan,1972.0,,"Action, Family, Thriller",6.7,26.0,680.0,1972.0,1455.0,1998.0,3,1,0.0,3.295836866004329
Dharm Adhikari,1986.0,159.0,"Action, Comedy, Drama",5.8,94.0,1156.0,1150.0,622.0,1055.0,3,1,0.0,4.553876891600541
Dharm Aur Qanoon,1984.0,,"Adventure, Crime, Thriller",6.7,37.0,1126.0,1702.0,607.0,2982.0,3,1,1.0,3.6375861597263857
Dharma,1973.0,,"Action, Comedy, Crime",7.0,26.0,565.0,1575.0,1527.0,2136.0,3,1,0.0,3.295836866004329
Dharma Karma,1997.0,128.0,"Action, Drama",5.8,34.0,2227.0,724.0,560.0,703.0,3,1,0.0,3.5553480614894135
Dharmatma,1935.0,152.0,Unknown,6.8,6.0,2579.0,439.0,1978.0,1102.0,3,0,19.0,1.9459101490553132
Dharmatma,1975.0,163.0,"Action, Romance, Thriller",6.7,295.0,783.0,1603.0,706.0,920.0,3,1,0.0,5.69035945432406
Dharmputra,1961.0,150.0,Drama,7.3,87.0,3106.0,1181.0,2321.0,2134.0,3,0,7.0,4.477336814478207
Dharti,1970.0,,"Action, Adventure, Drama",6.7,41.0,561.0,1695.0,2827.0,481.0,3,1,0.0,3.7376696182833684
Dharti,2011.0,126.0,"Crime, Drama, Thriller",7.0,357.0,1683.0,931.0,2575.0,1014.0,3,1,5.0,5.8805329864007
Dharti Kahe Pukar Ke,1969.0,,"Drama, Romance",7.4,59.0,744.0,1390.0,949.0,2339.0,3,1,7.0,4.0943445622221
Dharti Ke Lal,1950.0,125.0,"Drama, History",6.4,16.0,1291.0,1781.0,790.0,2863.0,3,1,7.0,2.833213344056216
Dhartiputra,1993.0,,"Action, Drama",6.1,68.0,990.0,1186.0,934.0,2165.0,3,1,0.0,4.23410650459726
Dhat Tere... Ki,1983.0,,Comedy,6.2,12.0,1537.0,1794.0,32.0,127.0,3,0,4.0,2.5649493574615367
Dheet Patangey,2020.0,,"Drama, Romance, Sport",7.3,64.0,2210.0,1364.0,128.0,1893.0,3,1,7.0,4.174387269895637
Dhh,2017.0,128.0,"Drama, Family",7.8,235.0,1472.0,1405.0,1006.0,1164.0,3,1,7.0,5.4638318050256105
Dhill,2001.0,158.0,"Action, Drama",7.0,810.0,691.0,2460.0,1165.0,405.0,3,1,0.0,6.698268054115413
Dhira,2020.0,117.0,Animation,6.5,388.0,342.0,2508.0,2758.0,2269.0,3,0,2.0,5.963579343618446
Dhobi Ghat,2010.0,100.0,Drama,7.0,12695.0,1296.0,1589.0,1426.0,1243.0,3,0,7.0,9.449042262206245
Dhokha,2007.0,117.0,"Action, Drama, Romance",6.2,455.0,1834.0,1371.0,2666.0,434.0,3,1,0.0,6.1224928095143865
Dhol,2007.0,145.0,"Comedy, Crime, Mystery",6.3,5501.0,1924.0,174.0,2311.0,2838.0,3,1,4.0,8.61286694148452
Dholak,1951.0,155.0,"Comedy, Romance",6.3,6.0,2290.0,118.0,1356.0,2569.0,3,1,4.0,1.9459101490553132
Dhongee,1979.0,122.0,"Action, Comedy, Drama",4.5,22.0,384.0,1763.0,1559.0,427.0,3,1,0.0,3.1354942159291497
Dhool Ka Phool,1959.0,153.0,Drama,6.7,158.0,3106.0,1181.0,1882.0,1607.0,3,0,7.0,5.0689042022202315
Dhoom,2004.0,129.0,"Action, Crime, Drama",6.7,18768.0,2448.0,45.0,969.0,2841.0,3,1,0.0,9.83996185165625
Dhoom 2,2006.0,152.0,"Action, Crime, Thriller",6.5,24610.0,2448.0,830.0,42.0,100.0,3,1,0.0,10.11094877644823
Dhoom 3,2013.0,172.0,"Action, Crime, Thriller",5.4,43831.0,3012.0,18.0,1073.0,48.0,3,1,0.0,10.688119423218252
Dhoom Dadakka,2008.0,128.0,"Comedy, Crime, Drama",3.4,87.0,2596.0,870.0,255.0,2377.0,3,1,4.0,4.477336814478207
Dhoomketu,1985.0,113.0,Drama,6.4,8.0,1148.0,1221.0,2681.0,2853.0,1,0,7.0,2.1972245773362196
Dhoon,1953.0,,"Drama, Romance",7.0,29.0,1390.0,686.0,1853.0,1315.0,3,1,7.0,3.4011973816621555
Dhoondte Reh Jaaoge!,1998.0,,"Comedy, Drama, Family",4.8,40.0,1342.0,179.0,248.0,2820.0,3,1,4.0,3.713572066704308
Dhoondte Reh Jaoge,2009.0,131.0,"Comedy, Drama",5.6,751.0,2935.0,1522.0,1157.0,2637.0,3,1,4.0,6.62273632394984
Dhoop,2003.0,126.0,Drama,7.2,242.0,395.0,1494.0,2012.0,872.0,3,0,7.0,5.493061443340548
Dhoop Chhaon,1935.0,129.0,Unknown,5.7,7.0,1726.0,504.0,2774.0,1639.0,3,0,19.0,2.0794415416798357
Dhoop Chhaon,1977.0,,Drama,5.5,30.0,1861.0,1980.0,818.0,3035.0,3,0,7.0,3.4339872044851463
Dhoti Lota Aur Chowpatty,1975.0,139.0,Comedy,4.5,19.0,1561.0,495.0,1182.0,1503.0,3,0,4.0,2.995732273553991
Dhrupad,1983.0,72.0,Documentary,7.8,57.0,1454.0,706.0,2868.0,2853.0,2,0,6.0,4.060443010546419
Dhruvanakshatram,1989.0,147.0,"Action, Drama",8.1,90.0,3102.0,1312.0,484.0,2912.0,3,1,0.0,4.51085950651685
Dhuan,1981.0,152.0,Drama,7.2,78.0,744.0,1735.0,1401.0,2083.0,3,0,7.0,4.3694478524670215
Dhumm,2002.0,139.0,"Action, Drama, Family",6.9,58.0,1401.0,2230.0,1924.0,2651.0,3,1,0.0,4.07753744390572
Dhund,1973.0,130.0,"Drama, Mystery, Thriller",7.2,529.0,446.0,1425.0,2864.0,2332.0,3,1,7.0,6.272877006546167
Dhund: The Fog,2003.0,153.0,"Adventure, Horror, Mystery",2.4,247.0,2665.0,179.0,57.0,332.0,3,1,1.0,5.5134287461649825
Dhuusar,2019.0,106.0,"Biography, Crime, Drama",8.9,47.0,2685.0,2204.0,308.0,2176.0,3,1,3.0,3.871201010907891
Dial 100,1982.0,145.0,"Action, Crime, Drama",6.1,17.0,2314.0,376.0,2793.0,537.0,3,1,0.0,2.8903717578961645
Diamond Queen,1940.0,155.0,"Action, Adventure",6.1,31.0,955.0,711.0,1825.0,1649.0,3,1,0.0,3.4657359027997265
Diary of a Butterfly,2012.0,97.0,Drama,3.6,88.0,3055.0,2381.0,2445.0,2204.0,3,0,7.0,4.48863636973214
Didi,1959.0,,Drama,8.0,32.0,1153.0,2262.0,2399.0,795.0,3,0,7.0,3.4965075614664802
Didi,1989.0,59.0,"Drama, Family",7.6,7.0,2885.0,782.0,593.0,2170.0,3,1,7.0,2.0794415416798357
Diksha,1991.0,120.0,Drama,7.0,170.0,340.0,2243.0,2752.0,302.0,3,0,7.0,5.14166355650266
Dil,1990.0,172.0,"Comedy, Drama, Romance",6.7,5017.0,980.0,18.0,1234.0,2253.0,3,1,4.0,8.520786726926367
Dil Aashna Hai (...The Heart Knows),1992.0,164.0,"Drama, Romance",5.0,1536.0,931.0,919.0,1401.0,722.0,3,1,7.0,7.337587743538596
Dil Apna Aur Preet Parai,1960.0,,"Musical, Romance",6.6,125.0,1306.0,1635.0,1355.0,1586.0,3,1,13.0,4.836281906951478
Dil Aur Deewaar,1978.0,156.0,"Action, Crime, Drama",5.5,30.0,1146.0,919.0,1436.0,2040.0,3,1,0.0,3.4339872044851463
Dil Aur Mohabbat,1968.0,137.0,Action,6.1,20.0,225.0,376.0,977.0,2464.0,3,0,0.0,3.044522437723423
Dil Bechara,2020.0,101.0,"Comedy, Drama, Romance",6.6,117377.0,1599.0,2298.0,2191.0,2263.0,3,1,4.0,11.673154775289367
Dil Bechara Pyaar Ka Maara,2004.0,,"Comedy, Romance",5.4,53.0,1748.0,2454.0,372.0,743.0,3,1,4.0,3.9889840465642745
Dil Bhi Khaali Jeb Bhi Khaali,2014.0,,Action,5.5,11.0,1035.0,416.0,1005.0,250.0,3,0,0.0,2.4849066497880004
Dil Bhi Tera Hum Bhi Tere,1960.0,,"Drama, Romance",6.8,32.0,323.0,442.0,1151.0,2752.0,3,1,7.0,3.4965075614664802
Dil Bole Hadippa!,2009.0,148.0,"Comedy, Drama, Romance",4.6,3902.0,301.0,2042.0,1958.0,312.0,3,1,4.0,8.269500767180615
Dil Chahta Hai,2001.0,183.0,"Comedy, Drama, Romance",8.1,68138.0,774.0,18.0,2126.0,138.0,3,1,4.0,11.129305015439526
Dil Daulat Duniya,1972.0,,"Comedy, Drama",6.8,56.0,1911.0,1702.0,2112.0,409.0,3,1,4.0,4.04305126783455
Dil Deke Dekho,1959.0,187.0,"Musical, Romance",7.0,146.0,1680.0,2058.0,337.0,2695.0,3,1,13.0,4.990432586778736
Dil Dhadakne Do,2015.0,170.0,"Comedy, Drama, Romance",6.9,15722.0,3137.0,250.0,2338.0,1899.0,3,1,4.0,9.662879887470275
Dil Diwana,1974.0,134.0,"Comedy, Romance",6.2,33.0,1670.0,1763.0,933.0,2386.0,3,1,4.0,3.5263605246161616
Dil Diya Dard Liya,1966.0,169.0,"Drama, Musical, Romance",6.4,119.0,41.0,657.0,622.0,3014.0,3,1,7.0,4.787491742782046
Dil Diya Hai,2006.0,121.0,"Drama, Romance, Thriller",3.5,473.0,85.0,693.0,349.0,834.0,3,1,7.0,6.161207321695077
Dil Dosti Etc,2007.0,112.0,"Comedy, Crime, Drama",7.0,2793.0,1475.0,839.0,2391.0,2602.0,3,1,4.0,7.935229539816907
Dil Ek Mandir,1963.0,148.0,"Drama, Musical, Romance",6.7,129.0,561.0,1273.0,1882.0,1930.0,3,1,7.0,4.867534450455582
Dil Hai Betaab,1993.0,157.0,"Action, Drama, Romance",3.1,114.0,1171.0,2507.0,90.0,1858.0,3,1,0.0,4.74493212836325
Dil Hai Ki Manta Nahin,1991.0,154.0,"Adventure, Comedy, Drama",7.3,4087.0,1422.0,18.0,1707.0,312.0,3,1,1.0,8.31581113188354
Dil Hai Tumhaara,2002.0,185.0,"Drama, Romance",5.3,1720.0,1357.0,331.0,1758.0,1353.0,3,1,7.0,7.450660796211539
Dil Hi Dil Mein,1982.0,,"Drama, Romance",3.6,5.0,668.0,1216.0,615.0,948.0,3,1,7.0,1.791759469228055
Dil Hi To Hai,1963.0,128.0,"Comedy, Drama, Romance",7.1,122.0,556.0,1502.0,1853.0,1738.0,3,1,4.0,4.812184355372417
Dil Hi To Hai,1992.0,164.0,"Drama, Romance",5.1,102.0,402.0,673.0,772.0,203.0,3,1,7.0,4.634728988229636
Dil Jo Bhi Kahey...,2005.0,144.0,"Drama, Romance",4.6,332.0,2284.0,206.0,2012.0,1167.0,3,1,7.0,5.808142489980444
Dil Jo Na Keh Saka,2017.0,130.0,Romance,5.3,103.0,1675.0,818.0,1773.0,523.0,3,0,15.0,4.6443908991413725
Dil Juunglee,2018.0,124.0,"Comedy, Romance",3.7,417.0,171.0,2317.0,2211.0,1688.0,3,1,4.0,6.035481432524756
Dil Ka Doctor,1995.0,,Comedy,3.5,21.0,418.0,296.0,1252.0,1704.0,3,0,4.0,3.091042453358316
Dil Ka Kya Kasoor,1992.0,157.0,"Musical, Romance",5.7,191.0,1373.0,1611.0,642.0,2314.0,3,1,13.0,5.2574953720277815
Dil Ka Raaja,1972.0,,"Comedy, Drama",5.6,13.0,1756.0,118.0,868.0,1427.0,3,1,4.0,2.6390573296152584
Dil Ka Rishta,2003.0,150.0,"Drama, Musical, Romance",4.8,1615.0,1676.0,331.0,85.0,1904.0,3,1,7.0,7.38770923908104
Dil Ka Sathi Dil,1982.0,,Romance,6.7,18.0,1629.0,982.0,2859.0,2853.0,2,0,15.0,2.9444389791664403
Dil Ka Sauda,2014.0,136.0,"Action, Crime, Drama",5.3,6.0,1368.0,659.0,1923.0,750.0,3,1,0.0,1.9459101490553132
Dil Kaa Heera,1979.0,,Drama,6.6,29.0,744.0,631.0,818.0,38.0,3,0,7.0,3.4011973816621555
Dil Kabaddi,2008.0,120.0,"Comedy, Drama",5.7,653.0,263.0,853.0,1843.0,1957.0,3,1,4.0,6.483107351457199
Dil Ke Jharoke Main,1997.0,,"Musical, Romance",3.8,28.0,355.0,310.0,2766.0,593.0,3,1,13.0,3.367295829986474
Dil Ke Pechey Pechey',2005.0,110.0,"Drama, Thriller",4.9,12.0,848.0,382.0,644.0,29.0,3,1,7.0,2.5649493574615367
Dil Ki Baazi,1993.0,162.0,"Action, Drama",5.3,494.0,254.0,1735.0,386.0,136.0,3,1,0.0,6.20455776256869
Dil Ki Rahen,1973.0,,"Drama, Family",7.3,6.0,447.0,1733.0,2001.0,2695.0,3,1,7.0,1.9459101490553132
Dil Kitna Nadan Hai,1997.0,,"Drama, Musical, Romance",5.8,24.0,2220.0,1679.0,1811.0,1209.0,3,1,7.0,3.2188758248682006
Dil Kya Kare,1999.0,158.0,"Drama, Musical, Romance",5.1,1102.0,1864.0,108.0,1249.0,1114.0,3,1,7.0,7.005789019253503
Dil Lagake Dekho,1989.0,,"Drama, Romance",4.4,10.0,1324.0,2215.0,2681.0,2853.0,1,1,7.0,2.3978952727983707
Dil Maange More!!!,2004.0,123.0,"Musical, Romance",5.2,1808.0,239.0,2042.0,393.0,2834.0,3,1,13.0,7.500529485395295
Dil Ne Jise Apna Kaha,2004.0,135.0,"Drama, Romance",4.4,1716.0,408.0,1939.0,1758.0,514.0,3,1,7.0,7.448333860897476
Dil Ne Phir Yaad Kiya,2001.0,,"Drama, Musical, Romance",3.3,106.0,2052.0,767.0,2607.0,780.0,3,1,7.0,4.672828834461906
Dil Ne Phir Yaad Kiya,1966.0,,"Drama, Romance",5.8,60.0,556.0,1490.0,607.0,2134.0,3,1,7.0,4.110873864173311
Dil Ne Pukara,1967.0,173.0,"Drama, Romance",7.0,28.0,1563.0,2082.0,2197.0,2031.0,3,1,7.0,3.367295829986474
Dil Pardesi Ho Gayaa,2003.0,150.0,"Romance, Drama",4.8,91.0,2356.0,1005.0,2151.0,207.0,3,1,15.0,4.5217885770490405
Dil Pe Mat Le Yaar!!,2000.0,148.0,Drama,5.0,213.0,900.0,1224.0,2607.0,2393.0,3,0,7.0,5.365976015021851
Dil Sala Sanki,2016.0,110.0,Romance,5.0,21.0,2841.0,2037.0,836.0,442.0,3,0,15.0,3.091042453358316
Dil Se Mile Dil,1978.0,,Romance,4.3,11.0,509.0,476.0,2412.0,1747.0,3,0,15.0,2.4849066497880004
Dil Se Pooch... Kidhar Jaana Hai,2006.0,,Drama,6.7,14.0,2654.0,83.0,2712.0,2195.0,3,0,7.0,2.70805020110221
Dil Se..,1998.0,163.0,"Drama, Romance",7.6,27393.0,1455.0,2038.0,1290.0,1869.0,3,1,7.0,10.218079290294767
Dil Tera Aashiq,1993.0,151.0,"Comedy, Drama, Romance",5.1,720.0,1373.0,1167.0,2150.0,1110.0,3,1,4.0,6.580639137284949
Dil Tera Diwana,1962.0,150.0,"Comedy, Romance",7.0,94.0,436.0,2058.0,1258.0,1469.0,3,1,4.0,4.553876891600541
Dil Tera Diwana,1996.0,139.0,"Drama, Mystery",5.0,185.0,1373.0,1925.0,2670.0,2480.0,3,1,7.0,5.225746673713202
Dil to Pagal Hai,1997.0,180.0,"Comedy, Drama, Musical",7.0,21182.0,3106.0,2038.0,1234.0,1175.0,3,1,4.0,9.960954252184457
Dil Toh Baccha Hai Ji,2011.0,143.0,"Comedy, Drama, Romance",5.8,3723.0,1412.0,108.0,674.0,1748.0,3,1,4.0,8.222553638396958
Dil Toh Deewana Hai,2016.0,135.0,"Drama, Romance",6.5,17.0,2028.0,2549.0,1852.0,1455.0,3,1,7.0,2.8903717578961645
Dil Tujhko Diya,1987.0,127.0,Romance,5.0,22.0,2130.0,1099.0,1975.0,1359.0,3,0,15.0,3.1354942159291497
Dil Vil Pyar Vyar,2002.0,150.0,"Drama, Musical, Romance",5.3,454.0,239.0,1158.0,960.0,2335.0,3,1,7.0,6.12029741895095
Dil... Akhir Dil Hai,1982.0,216.0,Drama,5.5,15.0,759.0,1735.0,1677.0,1623.0,3,0,7.0,2.772588722239781
Dilbar,1994.0,138.0,"Drama, Romance",3.8,21.0,432.0,1188.0,2031.0,1642.0,3,1,7.0,3.091042453358316
Dildaar,1977.0,165.0,"Action, Comedy, Drama",4.5,18.0,1146.0,919.0,2003.0,2686.0,3,1,0.0,2.9444389791664403
Dil-E-Nadaan,1982.0,,"Drama, Romance",6.3,37.0,561.0,1702.0,934.0,2480.0,3,1,7.0,3.6375861597263857
Dil-E-Nadan,1953.0,142.0,Romance,6.7,10.0,41.0,2321.0,2411.0,2564.0,3,0,15.0,2.3978952727983707
Diler,1979.0,,Action,6.4,9.0,1188.0,1711.0,1077.0,3000.0,3,0,0.0,2.302585092994046
Diljalaa,1987.0,140.0,"Action, Drama",5.1,23.0,472.0,870.0,688.0,2782.0,3,1,0.0,3.1780538303479458
Diljale,1996.0,159.0,"Action, Drama, Romance",5.8,1559.0,920.0,108.0,2462.0,207.0,3,1,0.0,7.352441100243583
Dil-Ki-Rani (Sweet-Heart),1947.0,130.0,"Comedy, Romance",7.4,64.0,1571.0,1670.0,1230.0,2565.0,3,1,4.0,4.174387269895637
Dillagi,1978.0,,"Comedy, Romance",6.9,206.0,475.0,631.0,818.0,1493.0,3,1,4.0,5.332718793265369
Dillagi,1999.0,188.0,"Drama, Musical, Romance",5.3,1076.0,2814.0,2270.0,479.0,2861.0,3,1,7.0,6.981934677156389
Dillagi,1966.0,146.0,"Comedy, Drama, Romance",6.3,18.0,2335.0,1181.0,2197.0,1647.0,3,1,4.0,2.9444389791664403
Dilli Ka Thug,1958.0,,"Action, Comedy, Crime",6.8,56.0,2323.0,1067.0,1628.0,171.0,3,1,0.0,4.04305126783455
Dilliwaali Zaalim Girlfriend,2015.0,121.0,"Comedy, Drama",3.7,176.0,1057.0,852.0,1515.0,2932.0,3,1,4.0,5.176149732573829
Dilruba,1950.0,123.0,"Crime, Drama, Mystery",7.1,30.0,749.0,1815.0,596.0,619.0,3,1,5.0,3.4339872044851463
Dilwaala,1986.0,160.0,"Action, Comedy, Drama",3.7,1134.0,1152.0,1304.0,2436.0,1452.0,3,1,0.0,7.034387929915503
Dilwale,1994.0,172.0,"Action, Drama, Romance",5.7,2755.0,920.0,108.0,2552.0,2107.0,3,1,0.0,7.9215356321335495
Dilwale,2015.0,158.0,"Action, Comedy, Drama",5.1,32366.0,2281.0,2038.0,1011.0,2897.0,3,1,0.0,10.38489466421945
Dilwale Dulhania Le Jayenge,1995.0,181.0,"Drama, Romance",8.1,65134.0,84.0,2038.0,1011.0,207.0,3,1,7.0,11.084217318131664
Dilwale Dulhaniya Le Jayenge,1980.0,120.0,Romance,7.2,58.0,2066.0,448.0,595.0,2800.0,3,0,15.0,4.07753744390572
Dilwale Kabhi Na Hare,1992.0,,Romance,3.5,13.0,2949.0,1659.0,1766.0,1592.0,3,0,15.0,2.6390573296152584
Direct Ishq,2016.0,130.0,"Action, Comedy, Romance",4.0,66.0,2103.0,1721.0,1584.0,349.0,3,1,0.0,4.204692619390966
Dirty Politics,2015.0,130.0,Drama,2.5,575.0,1171.0,296.0,378.0,445.0,3,0,7.0,6.3561076606958915
Disco Dancer,1982.0,135.0,"Drama, Musical, Romance",6.4,1291.0,453.0,1304.0,1094.0,1122.0,3,1,7.0,7.163946684342547
Disha,1990.0,135.0,"Comedy, Drama, Musical",7.0,145.0,2384.0,2030.0,1490.0,1951.0,3,1,4.0,4.983606621708336
Dishkiyaoon,2014.0,119.0,"Action, Thriller",5.2,986.0,2427.0,799.0,802.0,2720.0,3,1,0.0,6.894670039433482
Dishoom,2016.0,124.0,"Action, Adventure, Comedy",5.1,7100.0,2273.0,937.0,2719.0,990.0,3,1,0.0,8.867990898182093
Divine Temple Khajuraho,2002.0,,History,4.2,8.0,380.0,1188.0,2114.0,1485.0,3,0,10.0,2.1972245773362196
Divorce,1984.0,133.0,"Romance, Drama",5.7,7.0,1630.0,2077.0,755.0,2943.0,3,1,15.0,2.0794415416798357
Divorce: Not Between Husband and Wife,2005.0,140.0,Unknown,5.3,10.0,1389.0,1197.0,2621.0,2605.0,3,0,19.0,2.3978952727983707
Divya Shakti,1993.0,180.0,"Action, Drama",3.8,199.0,2411.0,108.0,1980.0,2386.0,3,1,0.0,5.298317366548036
Diwan,2003.0,,Action,3.1,13.0,1062.0,1992.0,1100.0,2465.0,3,0,0.0,2.6390573296152584
Diwana,1967.0,171.0,"Drama, Romance",6.9,117.0,1425.0,1670.0,2129.0,1286.0,3,1,7.0,4.770684624465665
Diya Aur Toofan,1995.0,,"Action, Drama, Thriller",4.2,54.0,1146.0,1304.0,1223.0,1440.0,3,1,0.0,4.007333185232471
Do Anjaane,1976.0,155.0,Drama,6.9,421.0,744.0,206.0,2003.0,1872.0,3,0,7.0,6.045005314036012
Do Ankhen Barah Haath,1957.0,143.0,"Comedy, Crime, Drama",8.4,1710.0,2579.0,2064.0,2182.0,2847.0,3,1,4.0,7.444833273892193
Do Ankhen Barah Hath,1997.0,,Drama,4.2,62.0,1298.0,334.0,892.0,2247.0,3,0,7.0,4.143134726391533
Do Aur Do Paanch,1980.0,132.0,"Action, Comedy, Drama",7.0,954.0,2130.0,2082.0,173.0,920.0,3,1,0.0,6.86171134048073
Do Badan,1966.0,,"Family, Romance",7.3,92.0,2012.0,368.0,1308.0,2586.0,3,1,8.0,4.532599493153256
Do Behnen,1959.0,,"Drama, Romance",5.5,15.0,1269.0,2142.0,1882.0,584.0,3,1,7.0,2.772588722239781
Do Bhai,1969.0,150.0,"Action, Crime, Drama",6.2,34.0,546.0,376.0,1258.0,1055.0,3,1,0.0,3.5553480614894135
Do Bhai,1994.0,,Unknown,4.8,12.0,1134.0,2385.0,2681.0,2853.0,0,0,19.0,2.5649493574615367
Do Bigha Zamin,1953.0,131.0,Drama,8.4,1857.0,525.0,442.0,1603.0,2103.0,3,0,7.0,7.527255919373784
Do Boond Pani,1971.0,141.0,"Action, Drama",6.3,15.0,1291.0,883.0,2426.0,1209.0,3,1,0.0,2.772588722239781
Do Chehere,1977.0,,"Drama, Family",3.5,6.0,1282.0,631.0,2735.0,371.0,3,1,7.0,1.9459101490553132
Do Chehre,2015.0,120.0,Action,5.3,20.0,373.0,1080.0,1416.0,1670.0,3,0,0.0,3.044522437723423
Do Dil,1966.0,,Romance,6.4,27.0,962.0,503.0,1455.0,2031.0,3,0,15.0,3.332204510175204
Do Dil Diwane,1981.0,,Romance,6.5,15.0,559.0,982.0,1975.0,2854.0,3,0,15.0,2.772588722239781
Do Dilon Ke Khel Mein,2010.0,,"Comedy, Drama, Romance",5.5,35.0,146.0,1702.0,240.0,1633.0,3,1,4.0,3.58351893845611
Do Dilon Ki Dastaan,1985.0,,Romance,5.1,26.0,9.0,1969.0,1647.0,2438.0,3,0,15.0,3.295836866004329
Do Dishayen,1982.0,149.0,"Drama, Romance",6.0,20.0,744.0,631.0,2387.0,1715.0,3,1,7.0,3.044522437723423
Do Dooni Chaar,2010.0,112.0,"Comedy, Drama",7.5,5232.0,891.0,1835.0,1559.0,73.0,3,1,4.0,8.562740006372207
Do Dooni Char,1968.0,135.0,"Comedy, Drama",7.2,66.0,640.0,1067.0,371.0,2733.0,3,1,4.0,4.204692619390966
Do Fantoosh,1994.0,,Comedy,2.7,11.0,2676.0,2426.0,2111.0,2947.0,3,0,4.0,2.4849066497880004
Do Gaz Zameen Ke Neeche,1972.0,127.0,Horror,6.1,88.0,2919.0,2286.0,1702.0,953.0,3,0,11.0,4.48863636973214
Do Ghadi Ki Mouj,1935.0,153.0,Unknown,5.4,5.0,954.0,1871.0,636.0,1071.0,3,0,19.0,1.791759469228055
Do Gulab,1983.0,,"Drama, Romance",6.8,5.0,745.0,2441.0,1918.0,716.0,3,1,7.0,1.791759469228055
Do Hawaldar,1979.0,,Drama,5.9,15.0,1269.0,389.0,2859.0,992.0,3,0,7.0,2.772588722239781
Do Jasoos,1975.0,135.0,"Comedy, Mystery",6.1,100.0,1674.0,1670.0,1882.0,2433.0,3,1,4.0,4.61512051684126
Do Jhoot,1975.0,,Romance,5.8,9.0,1109.0,2489.0,1436.0,1845.0,3,0,15.0,2.302585092994046
Do Kaliyaan,1968.0,160.0,"Drama, Family, Musical",6.5,71.0,1952.0,1877.0,1258.0,545.0,3,1,7.0,4.276666119016055
Do Kaliyan,1948.0,,Unknown,6.9,8.0,2034.0,437.0,415.0,857.0,3,0,19.0,2.1972245773362196
Do Knot Disturb,2009.0,126.0,"Comedy, Drama",3.6,1130.0,629.0,767.0,2584.0,2169.0,3,1,4.0,7.030857476116121
Do Ladke Dono Kadke,1979.0,,"Comedy, Crime",6.0,111.0,475.0,1425.0,175.0,1544.0,3,1,4.0,4.718498871295094
Do Lafzon Ki Kahani,2016.0,128.0,"Action, Drama, Romance",6.5,1411.0,658.0,976.0,206.0,2071.0,3,1,0.0,7.252762418053187
Do Matwale,1991.0,,Action,3.2,32.0,118.0,1969.0,2465.0,615.0,3,0,0.0,3.4965075614664802
Do Musafir,1978.0,147.0,"Drama, Family, Romance",7.1,22.0,680.0,2082.0,2003.0,409.0,3,1,7.0,3.1354942159291497
Do Nambar Ke Amir,1974.0,136.0,"Crime, Drama",7.2,5.0,1765.0,369.0,2133.0,1.0,3,1,5.0,1.791759469228055
Do Numbri,1998.0,139.0,Action,3.8,24.0,2864.0,1304.0,2439.0,2247.0,3,0,0.0,3.2188758248682006
"Do Paise Ki Dhoop, Chaar Aane Ki Baarish",2009.0,,Drama,6.4,172.0,666.0,1712.0,1290.0,2313.0,3,0,7.0,5.153291594497779
Do Phool,1958.0,161.0,"Drama, Family",6.0,7.0,41.0,1101.0,1338.0,2937.0,3,1,7.0,2.0794415416798357
Do Phool,1974.0,140.0,"Action, Comedy, Drama",6.7,59.0,2314.0,376.0,2793.0,371.0,3,1,0.0,4.0943445622221
Do Premee,1980.0,135.0,"Action, Thriller",5.7,54.0,2012.0,1835.0,1436.0,1745.0,3,1,0.0,4.007333185232471
Do Qaidi,1989.0,158.0,"Action, Thriller",4.4,104.0,118.0,1969.0,763.0,785.0,3,1,0.0,4.653960350157523
Do Raaste,1969.0,165.0,"Drama, Romance",7.0,273.0,2012.0,1702.0,1455.0,481.0,3,1,7.0,5.6131281063880705
Do Raha,1971.0,130.0,Drama,6.3,9.0,782.0,248.0,1822.0,2208.0,3,0,7.0,2.302585092994046
Do Rahain,1997.0,,"Action, Drama",4.4,16.0,1380.0,1296.0,1357.0,1154.0,3,1,0.0,2.833213344056216
Do Roti,1957.0,,"Action, Comedy, Crime",5.9,7.0,1002.0,1463.0,428.0,1082.0,3,1,0.0,2.0794415416798357
Do Shikari,1979.0,,"Action, Adventure, Drama",6.3,18.0,2032.0,1095.0,2791.0,2136.0,3,1,0.0,2.9444389791664403
Do Sholay,1977.0,145.0,Action,3.3,6.0,2766.0,520.0,1180.0,533.0,3,0,0.0,1.9459101490553132
Do Sitare,1951.0,,"Drama, Romance",7.7,9.0,611.0,2280.0,596.0,1874.0,3,1,7.0,2.302585092994046
Do Thug,1975.0,,"Action, Crime, Drama",6.3,7.0,2323.0,2084.0,818.0,111.0,3,1,0.0,2.0794415416798357
Do Ustad,1959.0,139.0,"Action, Crime, Drama",7.1,69.0,2887.0,1670.0,1230.0,2695.0,3,1,0.0,4.248495242049359
Do Ustad,1982.0,,Action,4.6,7.0,2323.0,2084.0,1998.0,637.0,3,0,0.0,2.0794415416798357
Do Waqt Ki Roti,1988.0,110.0,Action,6.4,24.0,2513.0,714.0,2202.0,2130.0,3,0,0.0,3.2188758248682006
Do Yaar,1972.0,,Action,4.9,8.0,1282.0,2487.0,2325.0,2136.0,3,0,0.0,2.1972245773362196
DOA: Death of Amar,2014.0,90.0,Thriller,7.1,29.0,1794.0,2222.0,2858.0,1991.0,3,0,18.0,3.4011973816621555
Dobaara,2018.0,66.0,"Drama, Romance",6.9,59.0,483.0,1192.0,1674.0,2853.0,2,1,7.0,4.0943445622221
Dobaara: See Your Evil,2017.0,106.0,"Horror, Mystery",3.7,325.0,1904.0,69.0,841.0,1322.0,3,1,11.0,5.786897381366708
Dobara,2004.0,135.0,"Musical, Drama",3.2,129.0,2596.0,870.0,1980.0,1353.0,3,1,13.0,4.867534450455582
Doctor,1940.0,144.0,Drama,6.5,6.0,1824.0,2225.0,1659.0,91.0,3,0,7.0,1.9459101490553132
Doctor I Love You,2021.0,,Thriller,7.9,65.0,1605.0,2099.0,2336.0,2853.0,2,0,18.0,4.189654742026425
Doli,1969.0,156.0,"Drama, Romance",7.2,59.0,92.0,1702.0,411.0,1872.0,3,1,7.0,4.0943445622221
Doli Saja Ke Rakhna,1998.0,170.0,"Drama, Romance",6.4,505.0,1924.0,148.0,993.0,312.0,3,1,7.0,6.226536669287466
Dolly Ki Doli,2015.0,98.0,"Comedy, Romance",4.5,2880.0,63.0,1182.0,1045.0,1510.0,3,1,4.0,7.9658927350845286
Dolly Kitty and Those Twinkling Stars,2019.0,126.0,"Comedy, Drama",5.4,4755.0,168.0,1074.0,460.0,205.0,3,1,4.0,8.467162257810672
Dombivli Return,2019.0,129.0,"Drama, Thriller",4.9,46.0,1419.0,1958.0,1896.0,205.0,3,1,7.0,3.8501476017100584
Don,2006.0,171.0,"Action, Crime, Thriller",7.2,35121.0,774.0,2038.0,1785.0,354.0,3,1,0.0,10.4665829937358
Don,1978.0,166.0,"Action, Crime, Thriller",7.8,11591.0,575.0,206.0,2864.0,1845.0,3,1,0.0,9.358070484000518
Don 2,2011.0,148.0,"Action, Crime, Thriller",7.1,50435.0,774.0,2038.0,709.0,1746.0,3,1,0.0,10.828460484793117
Don Muthu Swami,2008.0,112.0,"Comedy, Drama",4.7,60.0,356.0,1304.0,123.0,366.0,3,1,4.0,4.110873864173311
Dongri Ka Raja,2016.0,139.0,"Action, Drama, Musical",3.9,155.0,892.0,1862.0,349.0,815.0,3,1,0.0,5.049856007249537
Doodh Aur Apheem,2006.0,83.0,"Adventure, Drama, Music",6.7,17.0,1112.0,2309.0,1619.0,1497.0,3,1,1.0,2.8903717578961645
Doodh Ka Karz,1990.0,168.0,"Action, Drama, Fantasy",4.6,118.0,373.0,870.0,1547.0,1872.0,3,1,0.0,4.77912349311153
Dooj Ka Chand,1964.0,,"Drama, Family",5.0,8.0,1726.0,1635.0,2225.0,593.0,3,1,7.0,2.1972245773362196
Door Bell,2017.0,99.0,Drama,4.0,7.0,100.0,2133.0,1516.0,1722.0,3,0,7.0,2.0794415416798357
Door Gagan Ki Chhaon Men,1964.0,153.0,"Drama, Musical",8.2,53.0,1304.0,1067.0,2562.0,191.0,3,1,7.0,3.9889840465642745
Door Ka Raahi,1971.0,138.0,Drama,7.7,47.0,1304.0,1067.0,358.0,2782.0,3,0,7.0,3.871201010907891
Door Ki Awaaz,1964.0,135.0,Romance,6.0,33.0,680.0,945.0,2129.0,1845.0,3,0,15.0,3.5263605246161616
Doordarshan,2020.0,119.0,"Comedy, Drama",6.2,1336.0,800.0,1238.0,1248.0,749.0,3,1,4.0,7.198183577101943
Dooriyaan,1979.0,,"Drama, Family",6.1,18.0,508.0,2399.0,2312.0,2542.0,3,1,7.0,2.9444389791664403
Doosara Aadmi,1977.0,137.0,"Drama, Family, Romance",7.0,168.0,2182.0,2082.0,2029.0,1669.0,3,1,7.0,5.1298987149230735
Doosri Dulhan,1983.0,153.0,"Drama, Family",6.9,15.0,1380.0,2434.0,2312.0,2417.0,3,1,7.0,2.772588722239781
Doosri Sita,1974.0,,"Drama, Family",6.2,8.0,845.0,1751.0,2062.0,1036.0,3,1,7.0,2.1972245773362196
Dor,2006.0,147.0,Drama,7.9,5785.0,1650.0,417.0,2391.0,872.0,3,0,7.0,8.66319648553608
Dosh,2007.0,141.0,"Crime, Drama, Mystery",5.3,13.0,1792.0,1901.0,1138.0,1798.0,3,1,5.0,2.6390573296152584
Dost,1944.0,,Drama,6.0,6.0,2601.0,1265.0,843.0,1145.0,3,0,7.0,1.9459101490553132
Dost,1974.0,164.0,Drama,7.0,222.0,744.0,631.0,818.0,2480.0,3,0,7.0,5.407171771460119
Dost,1989.0,162.0,Action,5.2,36.0,1152.0,1304.0,142.0,2947.0,3,0,0.0,3.6109179126442243
Dost Garibon Ka,1989.0,,"Action, Comedy",4.3,30.0,558.0,767.0,1547.0,2701.0,3,1,0.0,3.4339872044851463
Dosti,1964.0,163.0,"Drama, Family, Musical",8.4,1552.0,2519.0,2239.0,2579.0,2332.0,3,1,7.0,7.347943823148687
Dosti,1946.0,,Unknown,7.1,10.0,1515.0,1256.0,2681.0,2853.0,1,0,19.0,2.3978952727983707
Dosti Dushmani,1986.0,152.0,"Action, Drama",5.7,71.0,2160.0,389.0,447.0,1816.0,3,1,0.0,4.276666119016055
Dosti Ke Side Effects,2019.0,130.0,Drama,3.3,46.0,893.0,1364.0,2777.0,2266.0,3,0,7.0,3.8501476017100584
Dosti Ki Saugandh,1993.0,,"Action, Drama",3.3,6.0,1573.0,529.0,95.0,2438.0,3,1,0.0,1.9459101490553132
Dosti: Friends Forever,2005.0,136.0,"Drama, Romance",5.5,2462.0,2789.0,145.0,479.0,1171.0,3,1,7.0,7.809135398120538
Double Boss,2011.0,,Action,5.8,21.0,1991.0,1427.0,2365.0,645.0,3,0,0.0,3.091042453358316
Double Cross,1972.0,,"Action, Thriller",4.9,24.0,845.0,2440.0,2003.0,1324.0,3,1,0.0,3.2188758248682006
Double Cross: Ek Dhoka,2005.0,104.0,Comedy,4.2,44.0,2998.0,416.0,1560.0,2262.0,3,0,4.0,3.8066624897703196
Double Dhamaal,2011.0,138.0,"Comedy, Crime, Drama",3.8,3642.0,980.0,1969.0,2035.0,360.0,3,1,4.0,8.200562797008564
Downup the Exit 796,2018.0,102.0,Thriller,8.2,37.0,1042.0,1700.0,2079.0,242.0,3,0,18.0,3.6375861597263857
Dozakh in Search of Heaven,2015.0,92.0,Drama,7.0,62.0,3131.0,727.0,2068.0,1282.0,3,0,7.0,4.143134726391533
Dr. Cabbie,2014.0,101.0,Comedy,6.0,2860.0,1084.0,2481.0,69.0,1263.0,3,0,4.0,7.95892649305011
Dr. Kotnis Ki Amar Kahani,1947.0,124.0,"Biography, Drama, War",6.8,77.0,2579.0,2064.0,941.0,1190.0,3,1,3.0,4.356708826689592
Dr. Vidya,1962.0,,Drama,6.5,20.0,2063.0,1230.0,2824.0,1569.0,3,0,7.0,3.044522437723423
Dracula,1999.0,92.0,Horror,3.8,18.0,511.0,1616.0,1099.0,1505.0,3,0,11.0,2.9444389791664403
Dracula 2012,2013.0,137.0,Horror,1.9,128.0,3045.0,2350.0,2381.0,1526.0,3,0,11.0,4.859812404361672
Draupadi,1931.0,124.0,Drama,5.3,6.0,490.0,1047.0,676.0,1071.0,3,0,7.0,1.9459101490553132
Dreadlocks Story,2014.0,83.0,"Documentary, History",8.1,8.0,1383.0,392.0,569.0,530.0,3,1,6.0,2.1972245773362196
Dream Girl,1977.0,,"Romance, Thriller",5.9,186.0,1872.0,376.0,607.0,920.0,3,1,15.0,5.231108616854587
Dream Girl,2019.0,132.0,"Comedy, Romance",7.0,12276.0,1974.0,421.0,1626.0,287.0,3,1,4.0,9.41548287218084
Dreams... Do Come True,2009.0,110.0,"Drama, Music, Musical",6.2,12.0,33.0,1226.0,19.0,398.0,3,1,7.0,2.5649493574615367
Dreamz: The Movie,2013.0,120.0,Drama,5.2,15.0,2775.0,2028.0,1378.0,95.0,3,0,7.0,2.772588722239781
Drishti,1990.0,171.0,Drama,7.1,84.0,861.0,662.0,2346.0,1490.0,3,0,7.0,4.442651256490317
Drishyam,2015.0,163.0,"Crime, Drama, Mystery",8.2,74326.0,1722.0,108.0,2393.0,2771.0,3,1,5.0,11.216229556350545
Drive,2019.0,147.0,"Action, Crime, Thriller",3.5,6418.0,2897.0,2298.0,902.0,2965.0,3,1,0.0,8.767017621311778
Droh Kaal,1994.0,162.0,"Drama, Thriller",7.6,390.0,861.0,1494.0,1510.0,1490.0,3,1,7.0,5.968707559985366
Drohi,1992.0,130.0,"Action, Crime, Romance",5.9,135.0,874.0,1740.0,1473.0,2861.0,3,1,0.0,4.912654885736052
Drying for Freedom,2011.0,60.0,"Documentary, Comedy, Drama",7.3,22.0,2726.0,152.0,2681.0,2853.0,1,1,6.0,3.1354942159291497
Dubai Return,2005.0,,Comedy,7.0,46.0,83.0,853.0,2755.0,2124.0,3,0,4.0,3.8501476017100584
Dudes in the 10th Century,2003.0,130.0,Comedy,4.6,850.0,975.0,1522.0,874.0,308.0,3,0,4.0,6.7464121285733745
Duet,1994.0,156.0,"Musical, Romance",6.5,276.0,1145.0,1560.0,1938.0,1452.0,3,1,13.0,5.6240175061873385
Duhai,1943.0,120.0,Unknown,5.0,7.0,2962.0,283.0,2299.0,1735.0,3,0,19.0,2.0794415416798357
Dukaan: Pila House,2004.0,,"Drama, Romance",3.7,11.0,990.0,1786.0,2768.0,2055.0,3,1,7.0,2.4849066497880004
Dulaara,1994.0,,"Comedy, Crime, Drama",4.6,262.0,3042.0,767.0,1065.0,2081.0,3,1,4.0,5.572154032177765
Dulaara,2015.0,160.0,Drama,5.2,13.0,2108.0,40.0,1956.0,1511.0,3,0,7.0,2.6390573296152584
Dulari,1949.0,133.0,"Musical, Romance",6.5,31.0,41.0,2288.0,2410.0,1333.0,3,1,13.0,3.4657359027997265
Dulha Bikta Hai,1982.0,,"Family, Drama",5.8,25.0,305.0,1667.0,219.0,2587.0,3,1,8.0,3.258096538021482
Dulha Dulhan,1964.0,141.0,"Comedy, Drama, Family",7.1,90.0,2234.0,1670.0,2112.0,88.0,3,1,4.0,4.51085950651685
Dulha Mil Gaya,2010.0,152.0,"Comedy, Drama, Romance",4.2,2487.0,1597.0,2300.0,686.0,977.0,3,1,4.0,7.81923445385907
Dulhan,1974.0,,Drama,6.7,31.0,559.0,580.0,74.0,1624.0,3,0,7.0,3.4657359027997265
Dulhan,1958.0,,Drama,6.2,5.0,2962.0,1463.0,1813.0,1607.0,3,0,7.0,1.791759469228055
Dulhan Banoo Main Teri,1999.0,,"Action, Drama, Romance",5.7,35.0,453.0,343.0,439.0,2485.0,3,1,0.0,3.58351893845611
Dulhan Chahi Pakistan Se,2016.0,159.0,"Action, Drama, Family",5.1,19.0,2108.0,1564.0,1449.0,2661.0,3,1,0.0,2.995732273553991
Dulhan Ek Raat Ki,1967.0,170.0,"Crime, Drama, Music",6.7,40.0,611.0,631.0,1628.0,1082.0,3,1,5.0,3.713572066704308
Dulhan Hum Le Jayenge,2000.0,158.0,"Comedy, Drama, Romance",5.1,3238.0,629.0,1939.0,1065.0,1746.0,3,1,4.0,8.08301991917133
Dulhan Wahi Jo Piya Man Bhaaye,1977.0,165.0,"Musical, Drama, Family",7.9,62.0,1380.0,1752.0,1760.0,1324.0,3,1,13.0,4.143134726391533
Dulhe Raja,1998.0,143.0,Comedy,6.6,2610.0,918.0,767.0,1980.0,1110.0,3,0,4.0,7.8674885686991285
Dum,2003.0,166.0,"Action, Crime, Drama",5.6,1597.0,752.0,2508.0,617.0,431.0,3,1,0.0,7.37650812632622
Dum Laga Ke Haisha,2016.0,109.0,Drama,7.3,28.0,2587.0,421.0,460.0,2853.0,2,0,7.0,3.367295829986474
Dum Laga Ke Haisha,2015.0,110.0,"Comedy, Drama, Romance",7.5,18540.0,2587.0,421.0,460.0,2333.0,3,1,4.0,9.827739775097854
Dum Maaro Dum,2011.0,128.0,"Action, Crime, Drama",6.2,3860.0,2270.0,45.0,591.0,541.0,3,1,0.0,8.258681496264236
Dum: Man Of Power,2000.0,,Action,5.1,8.0,495.0,2428.0,378.0,2643.0,3,0,0.0,2.1972245773362196
Dumkata,2007.0,,"Animation, Comedy, Drama",4.8,13.0,214.0,835.0,1380.0,2559.0,3,1,2.0,2.6390573296152584
Duniya,1968.0,,"Crime, Drama",7.1,61.0,2862.0,616.0,2824.0,481.0,3,1,5.0,4.127134385045092
Duniya,1984.0,169.0,"Action, Drama",7.0,192.0,2182.0,376.0,622.0,2165.0,3,1,0.0,5.262690188904886
Duniya Jhukti Hai,1960.0,,"Drama, Family, Romance",4.3,7.0,1012.0,2262.0,2411.0,1256.0,3,1,7.0,2.0794415416798357
Duniya Ka Mela,1974.0,,"Drama, Romance",5.2,6.0,1356.0,1972.0,2003.0,1469.0,3,1,7.0,1.9459101490553132
Duniya Meri Jeb Mein,1979.0,139.0,"Action, Thriller",7.0,78.0,2910.0,2082.0,2029.0,1669.0,3,1,0.0,4.3694478524670215
Duniya Na Mane,1937.0,166.0,Drama,6.9,31.0,2579.0,2062.0,1086.0,2968.0,3,0,7.0,3.4657359027997265
Duniya Na Mane,1959.0,,"Drama, Family, Romance",5.2,13.0,2944.0,1563.0,1258.0,2496.0,3,1,7.0,2.6390573296152584
Duniya Rang Rangili,1957.0,,"Comedy, Drama",5.4,5.0,1391.0,940.0,2411.0,1997.0,3,1,4.0,1.791759469228055
Duniyadari,1977.0,,Drama,5.9,7.0,2150.0,1490.0,1668.0,2982.0,3,0,7.0,2.0794415416798357
Dunno Y 2... Life Is a Moment,2015.0,95.0,"Drama, Romance",6.3,33.0,2915.0,1976.0,2864.0,1157.0,3,1,7.0,3.5263605246161616
Dunno Y Na Jaane Kyun...,2010.0,137.0,"Drama, Romance",3.7,143.0,2462.0,2549.0,1003.0,915.0,3,1,7.0,4.969813299576001
Duplicate,1998.0,164.0,"Action, Comedy, Crime",5.6,7174.0,1422.0,2038.0,982.0,2625.0,3,1,0.0,8.878358040627822
Duplicate Sholay,2002.0,147.0,Comedy,6.5,50.0,1233.0,1985.0,169.0,721.0,3,0,4.0,3.9318256327243257
Dur Naheen Manzil,1973.0,,Drama,6.2,5.0,908.0,1563.0,2202.0,2140.0,3,0,7.0,1.791759469228055
Durdesh,1983.0,143.0,"Action, Crime, Drama",6.2,33.0,187.0,2082.0,2312.0,1781.0,3,1,0.0,3.5263605246161616
Durga,2002.0,116.0,Drama,4.6,17.0,1013.0,867.0,2442.0,1047.0,3,0,7.0,2.8903717578961645
Durgaa,1985.0,,"Action, Crime",6.3,21.0,2616.0,809.0,1852.0,1845.0,3,1,0.0,3.091042453358316
Durgaa Maa,1986.0,,"Drama, Fantasy",6.7,7.0,1183.0,448.0,2399.0,1971.0,3,1,7.0,2.0794415416798357
Durgamati: The Myth,2020.0,155.0,"Horror, Thriller",3.8,4976.0,372.0,480.0,1248.0,360.0,3,1,11.0,8.512582578858554
Durgesh Nandini,1956.0,,"Fantasy, Musical, Drama",6.5,8.0,433.0,1563.0,96.0,1600.0,3,1,9.0,2.1972245773362196
Dus,1997.0,,Action,9.1,44.0,1606.0,1652.0,2195.0,2288.0,3,0,0.0,3.8066624897703196
Dus Kahaniyaan,2007.0,110.0,Drama,5.7,1556.0,1528.0,1970.0,280.0,894.0,3,0,7.0,7.350516171833998
Dus Lakh,1966.0,162.0,"Comedy, Drama, Musical",6.6,44.0,680.0,1493.0,2197.0,464.0,3,1,4.0,3.8066624897703196
Dus Numbri,1976.0,155.0,"Action, Comedy, Drama",5.6,104.0,1407.0,1230.0,818.0,1874.0,3,1,0.0,4.653960350157523
Dus Tola,2010.0,120.0,"Comedy, Drama",6.9,301.0,141.0,1224.0,15.0,1762.0,3,1,4.0,5.71042701737487
Dushman,1998.0,145.0,"Crime, Drama, Thriller",6.9,1841.0,2878.0,977.0,2195.0,418.0,3,1,5.0,7.518607216815252
Dushman,1990.0,146.0,"Action, Drama",5.4,38.0,2563.0,1304.0,1273.0,2247.0,3,1,0.0,3.6635616461296463
Dushman,1938.0,144.0,Unknown,6.8,8.0,1726.0,967.0,1185.0,1595.0,3,0,19.0,2.1972245773362196
Dushman,1957.0,138.0,Drama,7.1,17.0,2022.0,616.0,2697.0,1825.0,3,0,7.0,2.8903717578961645
Dushman Devta,1991.0,,Action,4.0,22.0,254.0,631.0,629.0,2627.0,3,0,0.0,3.1354942159291497
Dushman Dost,1981.0,,"Adventure, Crime, Mystery",7.1,8.0,2075.0,1812.0,2003.0,2480.0,3,1,1.0,2.1972245773362196
Dushman Duniya Ka,1996.0,153.0,Drama,4.0,652.0,1531.0,2318.0,1165.0,1469.0,3,0,7.0,6.481577129276431
Dushman Zamana,1992.0,129.0,"Action, Romance",5.0,25.0,1029.0,335.0,642.0,877.0,3,1,0.0,3.258096538021482
Dushmani,2002.0,,Action,6.6,23.0,971.0,2191.0,892.0,1965.0,3,0,0.0,3.1780538303479458
Dushmani: A Violent Love Story,1995.0,156.0,"Action, Drama, Romance",4.9,213.0,2456.0,1016.0,492.0,2720.0,3,1,0.0,5.365976015021851
Dushmano Ka Dushman,1984.0,,Crime,6.0,9.0,1604.0,154.0,537.0,1150.0,3,0,5.0,2.302585092994046
Dushmun,1971.0,177.0,Drama,7.1,200.0,744.0,1273.0,1889.0,1567.0,3,0,7.0,5.303304908059076
Duty,1986.0,,Action,4.4,15.0,2230.0,323.0,314.0,2038.0,3,0,0.0,2.772588722239781
Duvidha,1973.0,82.0,"Drama, Fantasy, Romance",7.0,577.0,1454.0,792.0,1304.0,2115.0,3,1,7.0,6.359573868672378
Dvandva,2009.0,51.0,"Crime, Drama, Mystery",6.1,15.0,594.0,2011.0,525.0,601.0,3,1,5.0,2.772588722239781
Dwarkadhish - Kingdom of Krishna,2019.0,,Documentary,8.4,8.0,416.0,2385.0,2681.0,2853.0,0,0,6.0,2.1972245773362196
Earth,1998.0,110.0,"Drama, Romance, War",7.7,7523.0,643.0,18.0,1498.0,1957.0,3,1,7.0,8.925853190420922
Ebn-e-Batuta,2014.0,125.0,Sci-Fi,4.3,27.0,2974.0,1497.0,1880.0,684.0,3,0,16.0,3.332204510175204
Edegarike,2012.0,105.0,"Crime, Drama",7.4,199.0,610.0,76.0,378.0,115.0,3,1,5.0,5.298317366548036
Eduruleni Manishi,2001.0,138.0,"Comedy, Drama",4.5,126.0,2716.0,866.0,1473.0,2643.0,3,1,4.0,4.844187086458591
Eeb Allay Ooo!,2019.0,98.0,"Comedy, Drama",7.4,1247.0,1893.0,2073.0,1237.0,1739.0,3,1,4.0,7.129297548929373
Eena Meena Deeka,1994.0,133.0,"Action, Comedy, Crime",4.7,325.0,629.0,2487.0,2029.0,1090.0,3,1,0.0,5.786897381366708
Eent Ka Jawab Patthar,1982.0,,Action,3.0,7.0,1773.0,2287.0,1557.0,1745.0,3,0,0.0,2.0794415416798357
Eeshwar,1989.0,147.0,"Drama, Musical, Family",7.2,455.0,1168.0,1704.0,207.0,2944.0,3,1,7.0,6.1224928095143865
Ehsaas: The Feeling,2001.0,116.0,"Drama, Romance",5.6,95.0,1428.0,2266.0,2264.0,1211.0,3,1,7.0,4.564348191467836
Ehsan,1970.0,,Romance,5.8,11.0,2624.0,945.0,231.0,1106.0,3,0,15.0,2.4849066497880004
Ei8ht Shani,2006.0,,Horror,4.6,38.0,1252.0,1676.0,1371.0,877.0,3,0,11.0,3.6635616461296463
Eiga Doraemon: Nobita no getsumen tansaki,2019.0,111.0,"Animation, Action, Adventure",6.8,556.0,1095.0,2098.0,2828.0,2324.0,3,1,2.0,6.322565239927284
Eight Days,1946.0,141.0,"Comedy, Drama",6.5,8.0,613.0,376.0,358.0,2909.0,3,1,4.0,2.1972245773362196
Eik Dasttak,2007.0,,"Crime, Drama",5.0,8.0,2609.0,193.0,1038.0,2905.0,3,1,5.0,2.1972245773362196
Ek Aadat,2010.0,,"Comedy, Crime, Drama",3.5,8.0,1869.0,473.0,1143.0,596.0,3,1,4.0,2.1972245773362196
Ek Aasha,2018.0,123.0,Drama,7.8,10.0,1519.0,670.0,239.0,2946.0,3,0,7.0,2.3978952727983707
Ek Aasman Kai Dishayen,1987.0,,Action,6.6,16.0,1210.0,1706.0,2089.0,585.0,3,0,0.0,2.833213344056216
Ek Adhuri Kahani,1972.0,115.0,Drama,7.7,10.0,1594.0,2396.0,2345.0,3004.0,3,0,7.0,2.3978952727983707
Ek Ajnabee,2005.0,142.0,"Action, Crime, Drama",5.2,1601.0,309.0,206.0,300.0,1796.0,3,1,0.0,7.379008127628304
Ek Ajooba,2000.0,71.0,Family,5.7,16.0,2793.0,1286.0,804.0,207.0,3,0,8.0,2.833213344056216
Ek Alag Mausam,2003.0,120.0,Drama,6.7,46.0,1176.0,1393.0,1898.0,312.0,3,0,7.0,3.8501476017100584
Ek Anari Do Khiladi,1996.0,,"Action, Romance, Drama",4.5,11.0,2221.0,1791.0,425.0,2065.0,3,1,0.0,2.4849066497880004
Ek Aur Ek Gyarah,1981.0,153.0,"Action, Thriller",6.3,47.0,384.0,2082.0,2791.0,1669.0,3,1,0.0,3.871201010907891
Ek Aur Jung,2001.0,,Action,5.2,8.0,976.0,1667.0,607.0,2577.0,3,0,0.0,2.1972245773362196
Ek Aur Sikander,1986.0,139.0,"Action, Drama",6.6,18.0,504.0,1304.0,219.0,2040.0,3,1,0.0,2.9444389791664403
Ek Aur Visphot,2002.0,,Crime,3.5,6.0,1395.0,1180.0,1111.0,2123.0,3,0,5.0,1.9459101490553132
Ek Baap Chhe Bete,1978.0,132.0,"Comedy, Drama",5.5,8.0,1531.0,1288.0,1436.0,2829.0,3,1,4.0,2.1972245773362196
Ek Baar Chale Aao,1983.0,137.0,Drama,6.7,13.0,1035.0,389.0,448.0,1013.0,3,0,7.0,2.6390573296152584
Ek Baar Kaho,1980.0,142.0,"Drama, Family, Romance",7.0,41.0,1380.0,1425.0,2263.0,716.0,3,1,7.0,3.7376696182833684
Ek Baar Phir (Once Again),1980.0,147.0,Drama,6.3,30.0,3056.0,2292.0,593.0,1833.0,3,0,7.0,3.4339872044851463
Ek Bar Mooskura Do,1972.0,,"Drama, Family",6.1,19.0,2155.0,945.0,2623.0,654.0,3,1,7.0,2.995732273553991
Ek Battey Do,2020.0,100.0,Drama,8.5,6.0,2852.0,54.0,1427.0,590.0,3,0,7.0,1.9459101490553132
Ek Bechara,1972.0,109.0,"Action, Drama",4.7,17.0,2330.0,919.0,2003.0,2981.0,3,1,0.0,2.8903717578961645
Ek Chadar Maili Si,1986.0,133.0,Drama,7.1,124.0,2768.0,809.0,2029.0,1816.0,3,0,7.0,4.8283137373023015
Ek Chalis Ki Last Local,2007.0,143.0,"Adventure, Comedy, Crime",7.3,4874.0,2458.0,34.0,1564.0,193.0,3,1,1.0,8.491875383431948
Ek Chhotisi Love Story,2002.0,122.0,Drama,2.9,554.0,2598.0,1995.0,1290.0,1063.0,3,0,7.0,6.318968113746434
Ek Chitthi Pyar Bhari,1985.0,139.0,Drama,6.6,14.0,3022.0,1667.0,1998.0,88.0,3,0,7.0,2.70805020110221
Ek Chor Ek Hasina,1987.0,,Drama,5.3,10.0,1156.0,2215.0,1125.0,2853.0,2,0,7.0,2.3978952727983707
Ek Daku Saher Mein,1985.0,133.0,Action,3.8,5.0,1203.0,376.0,1723.0,2742.0,3,0,0.0,1.791759469228055
Ek Dil Sau Afsane,1963.0,146.0,"Comedy, Drama, Romance",6.4,52.0,1959.0,1670.0,2827.0,1286.0,3,1,4.0,3.970291913552122
Ek Din 24 Ghante,2003.0,95.0,Thriller,3.9,78.0,235.0,1651.0,77.0,1612.0,3,0,18.0,4.3694478524670215
Ek Din Achanak,1989.0,105.0,Drama,7.1,257.0,1594.0,2030.0,2387.0,329.0,3,0,7.0,5.552959584921617
Ek Din Bahu Ka,1983.0,,Drama,5.4,11.0,668.0,2292.0,2588.0,2926.0,3,0,7.0,2.4849066497880004
Ek Din Ka Sultan,1945.0,,"Drama, History",3.8,5.0,2691.0,2385.0,2681.0,2853.0,0,1,7.0,1.791759469228055
Ek Din... Achanak,2011.0,,"Drama, Thriller",4.9,17.0,2062.0,1858.0,1270.0,1506.0,3,1,7.0,2.8903717578961645
Ek Do Teen Chaar,1980.0,,Action,6.2,21.0,3003.0,616.0,2321.0,703.0,3,0,0.0,3.091042453358316
Ek Doctor Ki Maut,1990.0,122.0,"Biography, Drama",8.3,1330.0,2885.0,2030.0,1658.0,970.0,3,1,3.0,7.193685818395112
Ek Duuje Ke Liye,1981.0,167.0,"Drama, Musical, Romance",7.5,1081.0,1145.0,982.0,1975.0,1325.0,3,1,7.0,6.9865664594064265
Ek Gaon Ki Kahani,1957.0,137.0,Drama,6.4,14.0,744.0,2321.0,1258.0,947.0,3,0,7.0,2.70805020110221
Ek Ghar,1991.0,100.0,Drama,7.2,78.0,837.0,1405.0,593.0,585.0,3,0,7.0,4.3694478524670215
Ek Ghat Ki Kahani,1987.0,,Documentary,6.9,8.0,855.0,2385.0,2681.0,2853.0,0,0,6.0,2.1972245773362196
Ek Gunah Aur Sahi,1980.0,,"Action, Crime, Thriller",4.6,8.0,3121.0,2262.0,1677.0,875.0,3,1,0.0,2.1972245773362196
Ek Haseena Thi Ek Deewana Tha,2017.0,105.0,Drama,2.5,104.0,2789.0,2100.0,1522.0,2856.0,3,0,7.0,4.653960350157523
Ek Hasina Do Diwane,1972.0,140.0,"Comedy, Drama, Romance",5.4,18.0,2330.0,919.0,411.0,1082.0,3,1,4.0,2.9444389791664403
Ek Hasina Thi,2004.0,120.0,"Crime, Drama, Mystery",7.5,6992.0,2719.0,1925.0,2689.0,2410.0,3,1,5.0,8.852664927703866
Ek Hi Bhool,1981.0,144.0,"Drama, Family, Romance",5.8,136.0,2160.0,919.0,2003.0,1650.0,3,1,7.0,4.919980925828125
Ek Hi Maqsad,1988.0,,"Action, Drama, Thriller",4.9,16.0,1903.0,1671.0,1632.0,744.0,3,1,0.0,2.833213344056216
Ek Hi Raasta,1977.0,,Drama,6.2,25.0,1567.0,919.0,2263.0,2982.0,3,0,7.0,3.258096538021482
Ek Hi Raasta,1993.0,130.0,Action,3.4,186.0,646.0,108.0,1980.0,2253.0,3,0,0.0,5.231108616854587
Ek Hindustani,2003.0,,Action,5.8,39.0,2910.0,2266.0,1980.0,1505.0,3,0,0.0,3.6888794541139363
Ek Hota Vidushak,1992.0,145.0,"Comedy, Drama",7.0,106.0,1019.0,1310.0,2231.0,1293.0,3,1,4.0,4.672828834461906
Ek Jaan Hain Hum,1983.0,151.0,"Family, Romance",6.5,51.0,2101.0,1731.0,387.0,877.0,3,1,8.0,3.9512437185814275
Ek Jhalak,1957.0,,"Drama, Family",7.4,5.0,1203.0,1563.0,1882.0,3012.0,3,1,7.0,1.791759469228055
Ek Jugnu,1982.0,,Action,3.4,12.0,2339.0,1711.0,1829.0,2650.0,3,0,0.0,2.5649493574615367
Ek Kali Muskai,1968.0,120.0,"Drama, Family, Romance",6.3,10.0,2976.0,376.0,977.0,1456.0,3,1,7.0,2.3978952727983707
Ek Ke Baad Ek,1960.0,,"Drama, Family",6.5,20.0,2022.0,616.0,2634.0,2462.0,3,1,7.0,3.044522437723423
Ek Khiladi Ek Haseena,2005.0,143.0,"Comedy, Crime, Thriller",5.7,595.0,2815.0,700.0,1114.0,1188.0,3,1,4.0,6.39024066706535
Ek Khilari Bawan Pattey,1972.0,,"Action, Musical",6.3,7.0,2218.0,618.0,1182.0,1615.0,3,1,0.0,2.0794415416798357
Ek Krantiveer: Vasudev Balwant Phadke,2007.0,126.0,"Action, History",6.5,43.0,803.0,206.0,95.0,2057.0,3,1,0.0,3.784189633918261
Ek Kunwari Ek Kunwara,1973.0,,"Adventure, Drama, Musical",6.1,14.0,1867.0,1575.0,1188.0,2040.0,3,1,1.0,2.70805020110221
Ek Ladka Ek Ladki,1992.0,162.0,"Comedy, Romance",5.7,1073.0,3022.0,1939.0,1547.0,312.0,3,1,4.0,6.97914527506881
Ek Ladki Ko Dekha Toh Aisa Laga,2019.0,120.0,"Comedy, Drama, Romance",5.5,3934.0,2614.0,2188.0,207.0,2023.0,3,1,4.0,8.277666160851503
Ek Lootera,2001.0,,Action,6.1,9.0,1105.0,631.0,1766.0,756.0,3,0,0.0,2.302585092994046
Ek Mahal Ho Sapno Ka,1975.0,,"Drama, Family",7.0,65.0,680.0,376.0,607.0,2464.0,3,1,7.0,4.189654742026425
Ek Main Aur Ek Tu,1986.0,138.0,Romance,6.9,17.0,2225.0,2082.0,2076.0,2782.0,3,0,15.0,2.8903717578961645
Ek Main Aur Ekk Tu,2012.0,110.0,"Comedy, Drama, Romance",5.7,6485.0,2564.0,1023.0,857.0,3061.0,3,1,4.0,8.777401286867264
Ek Musafir Ek Hasina,1962.0,,"Action, Comedy, Mystery",6.7,49.0,2012.0,945.0,2112.0,710.0,3,1,0.0,3.912023005428146
Ek Mutthi Aasmaan,1973.0,,"Drama, Family",6.7,12.0,3067.0,2441.0,1822.0,947.0,3,1,7.0,2.5649493574615367
Ek Nai Paheli,1984.0,,Drama,6.7,55.0,1145.0,1635.0,818.0,1127.0,3,0,7.0,4.02535169073515
Ek Nanhi Munni Ladki Thi,1970.0,136.0,Drama,6.1,10.0,3079.0,1357.0,477.0,1292.0,3,0,7.0,2.3978952727983707
Ek Nari Do Roop,1973.0,,"Drama, Mystery",5.7,7.0,1414.0,2084.0,1969.0,1363.0,3,1,7.0,2.0794415416798357
Ek Nari Ek Brahmachari,1971.0,,"Comedy, Drama",6.3,27.0,1311.0,1357.0,949.0,457.0,3,1,4.0,3.332204510175204
Ek Naya Itihas,1984.0,,Drama,8.6,9.0,449.0,2503.0,818.0,569.0,3,0,7.0,2.302585092994046
Ek Naya Rishta,1988.0,,Family,6.7,20.0,3056.0,1818.0,1854.0,1446.0,3,0,8.0,3.044522437723423
Ek Nazar,1972.0,,"Drama, Romance",6.0,95.0,447.0,206.0,933.0,1586.0,3,1,7.0,4.564348191467836
Ek Number Ka Chor,1990.0,180.0,"Action, Crime, Drama",4.0,7.0,2874.0,28.0,1332.0,1446.0,3,1,0.0,2.0794415416798357
Ek Paheli,1971.0,131.0,"Drama, Horror, Mystery",6.8,63.0,1674.0,714.0,2623.0,2339.0,3,1,7.0,4.1588830833596715
Ek Paheli Leela,2015.0,145.0,"Mystery, Romance, Thriller",3.7,1700.0,537.0,2274.0,1846.0,1514.0,3,1,14.0,7.438971592395862
Ek Pal,1986.0,135.0,Drama,6.9,43.0,1205.0,2030.0,1510.0,790.0,3,0,7.0,3.784189633918261
Ek Phool Char Kante,1960.0,136.0,"Comedy, Drama, Romance",6.8,46.0,496.0,2262.0,2827.0,1082.0,3,1,4.0,3.8501476017100584
Ek Phool Do Mali,1969.0,150.0,"Drama, Family, Musical",6.6,207.0,680.0,1972.0,428.0,2248.0,3,1,7.0,5.337538079701318
Ek Phool Ek Bhool,1968.0,,"Drama, Romance",6.2,6.0,1269.0,618.0,2861.0,2673.0,3,1,7.0,1.9459101490553132
Ek Phool Teen Kante,1997.0,,Comedy,5.9,16.0,292.0,2458.0,1425.0,2247.0,3,0,4.0,2.833213344056216
Ek Raat,1968.0,155.0,"Action, Crime, Drama",5.8,6.0,2110.0,2090.0,2426.0,2113.0,3,1,0.0,1.9459101490553132
Ek Raat Shaitan Ke Saath,2004.0,,Horror,2.7,15.0,573.0,429.0,2210.0,2009.0,3,0,11.0,2.772588722239781
Ek Raaz,1963.0,132.0,Comedy,6.8,30.0,2563.0,1067.0,916.0,1845.0,3,0,4.0,3.4339872044851463
Ek Rani Aisi Bhi Thi,2013.0,,"Biography, History",6.1,8.0,867.0,809.0,2791.0,2243.0,3,1,3.0,2.1972245773362196
Ek Saal,1957.0,134.0,"Drama, Family, Romance",7.3,37.0,680.0,376.0,1230.0,1082.0,3,1,7.0,3.6375861597263857
Ek Sainik - The Tale of a warrior,2020.0,45.0,"Action, Drama",8.2,17.0,1897.0,1592.0,2372.0,1906.0,3,1,0.0,2.8903717578961645
Ek Sapera Ek Lutera,1965.0,125.0,"Action, Comedy, Musical",4.9,22.0,1674.0,714.0,1151.0,2711.0,3,1,0.0,3.1354942159291497
Ek Saudagar,1985.0,,Drama,5.1,9.0,1761.0,1555.0,1162.0,2014.0,3,0,7.0,2.302585092994046
Ek Se Badhkar Ek,1976.0,158.0,"Action, Comedy, Crime",7.0,44.0,546.0,376.0,1813.0,2464.0,3,1,0.0,3.8066624897703196
Ek Se Badhkar Ek,2004.0,146.0,"Comedy, Thriller",4.4,155.0,1357.0,2266.0,1980.0,2503.0,3,1,4.0,5.049856007249537
Ek Se Bhale Do,1985.0,,"Action, Comedy, Drama",5.9,22.0,2351.0,1786.0,429.0,1251.0,3,1,0.0,3.1354942159291497
Ek Se Bure Do,2009.0,180.0,"Action, Comedy, Crime",4.3,62.0,2891.0,259.0,1176.0,2605.0,3,1,0.0,4.143134726391533
Ek Se Mera Kya Hoga,2006.0,,Romance,4.5,15.0,360.0,1183.0,1202.0,2326.0,3,0,15.0,2.772588722239781
Ek Second... Jo Zindagi Badal De...,2010.0,,"Drama, Romance, Thriller",3.2,47.0,1804.0,481.0,1590.0,2911.0,3,1,7.0,3.871201010907891
Ek Shola,1956.0,,"Comedy, Drama, Romance",4.4,9.0,569.0,1563.0,1258.0,2556.0,3,1,4.0,2.302585092994046
Ek Shriman Ek Shrimati,1969.0,140.0,"Drama, Romance",6.6,47.0,496.0,2082.0,411.0,1998.0,3,1,7.0,3.871201010907891
Ek Sthree,2000.0,115.0,Drama,5.7,15.0,246.0,2249.0,1070.0,3003.0,3,0,7.0,2.772588722239781
Ek tha Bhujang,2015.0,73.0,Drama,6.9,8.0,1577.0,2527.0,2414.0,1889.0,3,0,7.0,2.1972245773362196
Ek Tha Hero,2018.0,120.0,"Drama, Family",4.0,5.0,3118.0,389.0,368.0,451.0,3,1,7.0,1.791759469228055
Ek Tha Raja,1996.0,150.0,"Action, Thriller",3.9,115.0,631.0,79.0,2552.0,2271.0,3,1,0.0,4.7535901911063645
Ek Tha Tiger,2012.0,132.0,"Action, Romance, Thriller",5.5,31627.0,1192.0,1939.0,1073.0,850.0,3,1,0.0,10.361798083190818
Ek Thi Daayan,2013.0,135.0,"Horror, Romance, Thriller",5.7,4006.0,1230.0,693.0,1115.0,1118.0,3,1,11.0,8.295798110636145
Ek Thi Larki,1949.0,164.0,Drama,6.9,18.0,2290.0,1274.0,1434.0,1248.0,3,0,7.0,2.9444389791664403
Ek Tho Chance,2009.0,120.0,Drama,4.4,15.0,2376.0,219.0,124.0,2872.0,3,0,7.0,2.772588722239781
Ek Vivaah... Aisa Bhi,2008.0,132.0,"Drama, Romance",5.2,448.0,1265.0,857.0,2478.0,223.0,3,1,7.0,6.1070228877422545
Ek: The Power of One,2009.0,140.0,"Action, Drama, Thriller",4.7,327.0,2439.0,508.0,2393.0,1246.0,3,1,0.0,5.793013608384144
Ek-Hi-Rasta,1956.0,151.0,Drama,6.9,52.0,446.0,376.0,1355.0,2713.0,3,0,7.0,3.970291913552122
Ekk Deewana Tha,2012.0,136.0,"Drama, Romance",5.9,2973.0,825.0,1589.0,185.0,2243.0,3,1,7.0,7.9976631270201
Ekka Raja Rani,1994.0,,"Action, Comedy, Drama",4.8,76.0,95.0,2487.0,763.0,447.0,3,1,0.0,4.343805421853684
Ekkees Tareekh Shubh Muhurat,2018.0,97.0,Drama,5.7,394.0,1815.0,1974.0,1247.0,1113.0,3,0,7.0,5.978885764901122
Ekkees Toppon Ki Salaami,2014.0,140.0,Comedy,6.0,502.0,2235.0,296.0,1564.0,747.0,3,0,4.0,6.220590170099739
Eklavya: The Royal Guard,2007.0,105.0,"Action, Drama, Mystery",6.1,3191.0,3000.0,206.0,2126.0,2330.0,3,1,0.0,8.068402958569699
Ekram,2019.0,94.0,Drama,5.8,21.0,2381.0,1915.0,1158.0,2889.0,3,0,7.0,3.091042453358316
Ekta,2019.0,99.0,"Horror, Mystery, Thriller",8.0,36.0,791.0,1934.0,1531.0,440.0,3,1,11.0,3.6109179126442243
Elaan,1994.0,146.0,"Action, Crime, Thriller",5.3,854.0,865.0,145.0,177.0,1326.0,3,1,0.0,6.75110146893676
Elaan,1971.0,144.0,"Action, Drama, Musical",6.0,49.0,1157.0,2489.0,2003.0,2981.0,3,1,0.0,3.912023005428146
Elaan,2005.0,159.0,"Action, Thriller",4.4,698.0,3035.0,331.0,153.0,1080.0,3,1,0.0,6.54965074223381
Elan,1947.0,133.0,Drama,6.2,12.0,1529.0,2285.0,1458.0,1498.0,3,0,7.0,2.5649493574615367
Eli Eli Lama Sabachthani?,2017.0,,Crime,6.7,18.0,1100.0,755.0,2175.0,2033.0,3,0,5.0,2.9444389791664403
EMI: Liya Hai To Chukana Padega,2008.0,180.0,"Comedy, Crime, Drama",4.2,582.0,2523.0,1973.0,2195.0,2861.0,3,1,4.0,6.368187186350492
Enakkul Oruvan,1984.0,149.0,"Action, Drama",6.5,126.0,2339.0,982.0,2374.0,2370.0,3,1,0.0,4.844187086458591
Encounter Dayanayak,2005.0,145.0,"Action, Crime, Drama",5.7,40.0,608.0,469.0,1074.0,2499.0,3,1,0.0,3.713572066704308
Encounter: The Killing,2002.0,150.0,"Crime, Drama",6.1,147.0,126.0,1405.0,623.0,2790.0,3,1,5.0,4.997212273764115
Enemmy,2013.0,,"Action, Crime, Drama",4.9,225.0,390.0,2266.0,1082.0,1081.0,3,1,0.0,5.420534999272286
English ki taay taay fisss,2020.0,137.0,"Comedy, Romance",6.1,11.0,2555.0,102.0,1307.0,1302.0,3,1,4.0,2.4849066497880004
English Vinglish,2012.0,134.0,"Comedy, Drama, Family",7.8,34289.0,818.0,2215.0,55.0,1467.0,3,1,4.0,10.442609045456965
Ennavo Nadikkaradhu,1991.0,,Unknown,3.6,9.0,2707.0,2385.0,2681.0,2853.0,0,0,19.0,2.302585092994046
Escape from Taliban,2003.0,133.0,"Adventure, Drama, Thriller",4.3,164.0,2928.0,1214.0,1533.0,2978.0,3,1,1.0,5.10594547390058
Espousal,1974.0,,"Action, Drama",6.1,15.0,1234.0,1859.0,2263.0,392.0,3,1,0.0,2.772588722239781
Ethirum Puthirum,2001.0,,Action,5.1,20.0,2956.0,1186.0,2.0,1626.0,3,0,0.0,3.044522437723423
Evadithe Nakenti,2007.0,170.0,"Action, Crime, Drama",6.2,58.0,1090.0,1684.0,2172.0,1984.0,3,1,0.0,4.07753744390572
Evening Shadows,2018.0,102.0,Drama,7.1,472.0,2709.0,1326.0,198.0,689.0,3,0,7.0,6.159095388491933
Everybody Says I'm Fine!,2001.0,103.0,"Drama, Fantasy, Romance",5.9,323.0,1998.0,1813.0,1113.0,1955.0,3,1,7.0,5.780743515792329
Evil Eye,2020.0,90.0,"Horror, Mystery, Thriller",4.7,2958.0,757.0,1691.0,2222.0,2718.0,3,1,11.0,7.99260665240021
Extra Or Extraordinary,2015.0,,Drama,7.3,7.0,261.0,2373.0,1119.0,1744.0,3,0,7.0,2.0794415416798357
Extraordinaari,2015.0,144.0,"Drama, Family, Fantasy",3.4,9.0,2784.0,1842.0,43.0,2382.0,3,1,7.0,2.302585092994046
F. M. (Fun Aur Masti),2007.0,,Comedy,8.1,41.0,2532.0,553.0,67.0,454.0,3,0,4.0,3.7376696182833684
F.A.L.T.U,2011.0,120.0,"Comedy, Drama",4.6,2963.0,2244.0,341.0,2035.0,989.0,3,1,4.0,7.994294986415977
Faasle,1985.0,146.0,"Drama, Romance",4.5,64.0,3106.0,2262.0,2003.0,2186.0,3,1,7.0,4.174387269895637
Facebook Wala Pyar,2019.0,114.0,"Drama, Romance",5.3,27.0,1667.0,1648.0,108.0,1666.0,3,1,7.0,3.332204510175204
Faisla,1988.0,,"Action, Crime, Mystery",5.8,11.0,2314.0,376.0,2791.0,2273.0,3,1,0.0,2.4849066497880004
Faisla Main Karungi,1995.0,,Action,3.6,8.0,264.0,2082.0,219.0,2247.0,3,0,0.0,2.1972245773362196
Faith Connections,2013.0,115.0,"Documentary, Biography, Drama",7.3,158.0,1780.0,478.0,811.0,1770.0,3,1,6.0,5.0689042022202315
Fakira,1976.0,139.0,"Action, Drama, Thriller",6.5,96.0,558.0,2082.0,2263.0,427.0,3,1,0.0,4.574710978503383
Falak (The Sky),1988.0,166.0,"Action, Crime, Drama",6.0,45.0,2598.0,1735.0,900.0,2502.0,3,1,0.0,3.828641396489095
Falsafa,2019.0,135.0,"Action, Drama, Thriller",7.1,16.0,948.0,1215.0,745.0,2151.0,3,1,0.0,2.833213344056216
Family of Thakurganj,2019.0,127.0,"Action, Drama",8.4,427.0,1492.0,1608.0,960.0,1351.0,3,1,0.0,6.059123195581797
Family: Ties of Blood,2006.0,150.0,"Action, Crime, Drama",5.6,1866.0,2109.0,206.0,114.0,514.0,3,1,0.0,7.532088143541722
Famous Pandey,2017.0,104.0,Drama,4.9,8.0,755.0,1648.0,609.0,1468.0,3,0,7.0,2.1972245773362196
Fan,2016.0,142.0,"Action, Drama, Thriller",7.0,43273.0,1450.0,2038.0,2254.0,2550.0,3,1,0.0,10.675307271747375
Fanaa,2006.0,168.0,"Action, Drama, Romance",7.2,31437.0,1351.0,18.0,1011.0,2165.0,3,1,0.0,10.355772631288183
Faraar,1975.0,136.0,"Action, Crime, Drama",6.9,314.0,2572.0,1980.0,2312.0,199.0,3,1,0.0,5.752572638825633
Faraar,1965.0,137.0,"Mystery, Thriller",6.1,8.0,1826.0,246.0,428.0,2420.0,3,1,14.0,2.1972245773362196
Faraib,1983.0,131.0,"Action, Thriller",4.5,14.0,2051.0,1304.0,1964.0,2542.0,3,1,0.0,2.70805020110221
Fareb,1996.0,147.0,"Action, Crime, Drama",4.7,128.0,3035.0,699.0,2533.0,410.0,3,1,0.0,4.859812404361672
Fareb,2005.0,129.0,"Drama, Thriller",4.1,174.0,658.0,2095.0,1305.0,2446.0,3,1,7.0,5.1647859739235145
Farishta,1958.0,,"Crime, Drama, Family",7.4,5.0,2234.0,2176.0,358.0,1448.0,3,1,5.0,1.791759469228055
Farishta,1968.0,,Fantasy,6.6,7.0,1269.0,618.0,1616.0,1437.0,3,0,9.0,2.0794415416798357
Farishta Ya Qatil,1977.0,126.0,"Action, Drama",5.1,14.0,2330.0,2082.0,2003.0,1052.0,3,1,0.0,2.70805020110221
Farishtay,1991.0,,"Action, Comedy, Drama",4.8,243.0,264.0,631.0,2791.0,2650.0,3,1,0.0,5.497168225293202
Farz,1967.0,170.0,"Action, Crime, Thriller",6.2,100.0,2230.0,919.0,411.0,371.0,3,1,0.0,4.61512051684126
Farz,2001.0,,"Action, Thriller",4.3,417.0,2009.0,2270.0,1758.0,988.0,3,1,0.0,6.035481432524756
Farz Aur Kanoon,1982.0,,"Action, Drama",5.5,20.0,1156.0,919.0,818.0,2104.0,3,1,0.0,3.044522437723423
Farz Ki Jung,1989.0,139.0,Drama,4.3,37.0,1968.0,2082.0,763.0,1654.0,3,0,7.0,3.6375861597263857
Fashion,1957.0,148.0,"Drama, Family",8.0,9.0,1381.0,1563.0,1308.0,1359.0,3,1,7.0,2.302585092994046
Fashion,2008.0,167.0,"Drama, Romance",6.9,11918.0,1412.0,1622.0,1036.0,1551.0,3,1,7.0,9.385889044482708
Fashionable Wife,1959.0,,"Drama, Family",5.4,5.0,443.0,913.0,32.0,289.0,3,1,7.0,1.791759469228055
Fast Forward,2009.0,57.0,"Action, Drama, Musical",5.6,46.0,3130.0,2487.0,112.0,2132.0,3,1,0.0,3.8501476017100584
Fastey Fasaatey,2019.0,119.0,"Drama, Romance",4.6,119.0,192.0,485.0,351.0,2878.0,3,1,7.0,4.787491742782046
Fate,1933.0,68.0,"Drama, Romance",6.2,12.0,1117.0,626.0,829.0,55.0,3,1,7.0,2.5649493574615367
Fate,1943.0,113.0,Drama,6.6,14.0,1529.0,1333.0,1506.0,589.0,3,0,7.0,2.70805020110221
Fateh,1991.0,,Action,5.2,55.0,2875.0,2030.0,2195.0,761.0,3,0,0.0,4.02535169073515
Fatso!,2012.0,98.0,"Comedy, Fantasy, Romance",5.7,432.0,2048.0,770.0,1803.0,2091.0,3,1,4.0,6.07073772800249
Fauj Mein Mauj,2010.0,,Comedy,4.2,16.0,1613.0,389.0,1195.0,1774.0,3,0,4.0,2.833213344056216
Fauji,1995.0,,"Action, Crime, Drama",4.5,13.0,1373.0,1253.0,1852.0,2739.0,3,1,0.0,2.6390573296152584
Fauji Calling,2021.0,134.0,Drama,5.4,77.0,32.0,484.0,204.0,1551.0,3,0,7.0,4.356708826689592
Faulad,1963.0,145.0,"Action, Adventure, Drama",6.2,19.0,1557.0,575.0,1455.0,1486.0,3,1,0.0,2.995732273553991
Fear,2007.0,,Horror,3.7,125.0,3035.0,162.0,132.0,1061.0,3,0,11.0,4.836281906951478
Fearless: The Hunterwali Story,1994.0,62.0,Documentary,7.6,7.0,2265.0,711.0,2681.0,2853.0,1,0,6.0,2.0794415416798357
Feast of Varanasi,2016.0,97.0,"Crime, Drama, Thriller",5.5,27.0,2041.0,69.0,835.0,2781.0,3,1,5.0,3.332204510175204
Ferrari Ki Sawaari,2012.0,140.0,"Comedy, Drama, Family",6.4,5138.0,2078.0,2076.0,481.0,2175.0,3,1,4.0,8.54461378699223
'Ferry',1954.0,128.0,"Drama, Family",5.8,28.0,941.0,616.0,285.0,466.0,3,1,7.0,3.367295829986474
Fever,2016.0,123.0,"Crime, Mystery",4.7,645.0,2058.0,1693.0,730.0,841.0,3,1,5.0,6.470799503782602
Fida,2004.0,122.0,"Action, Crime, Drama",5.5,2470.0,1271.0,1023.0,686.0,2429.0,3,1,0.0,7.81237820598861
Fiffty Fiffty,1981.0,136.0,"Action, Comedy, Musical",6.1,41.0,2640.0,1702.0,2648.0,1747.0,3,1,0.0,3.7376696182833684
Fight Club: Members Only,2006.0,140.0,"Action, Crime",3.3,1403.0,44.0,2463.0,2552.0,2610.0,3,1,0.0,7.247080584585756
Filhaal...,2002.0,151.0,"Drama, Romance",5.5,243.0,1528.0,2319.0,2584.0,2335.0,3,1,7.0,5.497168225293202
Film Hi Film,1983.0,133.0,"Comedy, Drama, Music",5.8,23.0,950.0,1575.0,1940.0,2411.0,3,1,4.0,3.1780538303479458
Film Star,2005.0,145.0,Drama,5.1,62.0,2878.0,1175.0,1793.0,2905.0,3,0,7.0,4.143134726391533
Filmistaan,2012.0,117.0,Comedy,7.3,3371.0,1729.0,2074.0,858.0,1258.0,3,0,4.0,8.123261319121745
Filter Coffee Liquor Cha,2019.0,80.0,Drama,6.9,9.0,638.0,1465.0,1789.0,2868.0,3,0,7.0,2.302585092994046
Final Solution,2004.0,218.0,Documentary,8.5,369.0,2139.0,2385.0,2681.0,2853.0,0,0,6.0,5.91350300563827
Finding Fanny,2014.0,102.0,"Adventure, Comedy, Drama",5.7,6225.0,953.0,608.0,298.0,1623.0,3,1,1.0,8.736489351001554
Firaaq,2008.0,101.0,"Drama, History, Thriller",7.4,2081.0,1662.0,845.0,1513.0,2426.0,3,1,7.0,7.641084249174914
Firangi,2017.0,158.0,"Comedy, Drama",4.4,1081.0,2097.0,1007.0,889.0,1533.0,3,1,4.0,6.9865664594064265
Fire,1996.0,104.0,"Drama, Romance",7.2,5773.0,643.0,2030.0,1498.0,1174.0,3,1,7.0,8.661120360222881
Fire in the Blood,2013.0,87.0,"Documentary, History",7.7,685.0,750.0,2538.0,1694.0,531.0,3,1,6.0,6.530877627725885
Fire in the Mountains,2021.0,84.0,Drama,6.8,26.0,139.0,2471.0,505.0,912.0,3,0,7.0,3.295836866004329
Fired,2010.0,87.0,Horror,4.4,261.0,2393.0,1651.0,633.0,1627.0,3,0,11.0,5.568344503761097
Fireflies,2013.0,100.0,"Drama, Family",6.2,95.0,2357.0,1655.0,299.0,2520.0,3,1,7.0,4.564348191467836
Fireflies in the Abyss,2015.0,88.0,"Documentary, Drama",7.0,71.0,583.0,1467.0,1858.0,2732.0,3,1,6.0,4.276666119016055
First Love Letter,1991.0,165.0,Romance,4.8,47.0,2626.0,2507.0,1290.0,629.0,3,0,15.0,3.871201010907891
First Rank,1990.0,150.0,"Action, Drama, Sport",5.3,1110.0,670.0,616.0,11.0,761.0,3,1,0.0,7.01301578963963
Fitoor,2016.0,131.0,"Drama, Romance",5.4,4526.0,66.0,81.0,1073.0,2771.0,3,1,7.0,8.417814747435958
Fiza,2000.0,170.0,"Action, Crime, Drama",6.1,3894.0,1286.0,902.0,1065.0,939.0,3,1,0.0,8.267448958304849
Flame: An Untold Love Story,2014.0,97.0,Drama,6.0,11.0,2103.0,2250.0,836.0,1136.0,3,0,7.0,2.4849066497880004
Flat 211,2017.0,105.0,"Crime, Mystery, Thriller",5.1,83.0,2805.0,912.0,2461.0,2305.0,3,1,5.0,4.430816798843313
Flight,2021.0,116.0,"Action, Thriller",8.3,359.0,2818.0,2498.0,409.0,2506.0,3,1,0.0,5.886104031450156
Flying Colors,2016.0,84.0,Drama,6.0,13.0,2030.0,475.0,669.0,1788.0,3,0,7.0,2.6390573296152584
Flying Lessons,2007.0,106.0,Drama,6.3,365.0,785.0,752.0,200.0,241.0,3,0,7.0,5.902633333401366
Flying on One Engine,2008.0,51.0,"Documentary, Drama",7.9,25.0,1127.0,2071.0,2681.0,2853.0,1,1,6.0,3.258096538021482
Fool N Final,2007.0,144.0,"Action, Comedy, Crime",3.4,1906.0,103.0,2270.0,2277.0,3008.0,3,1,0.0,7.553286605600419
Foot Path,1953.0,148.0,"Comedy, Crime, Drama",7.5,57.0,3135.0,657.0,1355.0,2059.0,3,1,4.0,4.060443010546419
Footfairy,2020.0,115.0,"Crime, Thriller",5.0,287.0,1226.0,773.0,2119.0,1259.0,3,1,5.0,5.662960480135946
Footpath,2003.0,164.0,"Action, Crime, Drama",5.3,824.0,3035.0,86.0,471.0,1956.0,3,1,0.0,6.715383386334681
Force,2011.0,137.0,"Action, Crime, Drama",6.5,7301.0,1722.0,937.0,749.0,2922.0,3,1,0.0,8.895903562215581
Force 2,2016.0,127.0,"Action, Adventure, Thriller",6.2,5048.0,55.0,937.0,2457.0,2774.0,3,1,0.0,8.526945482858915
Foresting Life,2013.0,69.0,"Documentary, Biography, Family",9.0,6.0,30.0,2385.0,2681.0,2853.0,0,1,6.0,1.9459101490553132
Forty Days,1959.0,,Action,6.1,9.0,749.0,1603.0,2283.0,1106.0,3,0,0.0,2.302585092994046
Foto,2007.0,86.0,Comedy,6.4,23.0,3065.0,2360.0,2159.0,351.0,3,0,4.0,3.1780538303479458
Four Faces of India,1959.0,160.0,Drama,7.5,57.0,1291.0,1670.0,96.0,2449.0,3,0,7.0,4.060443010546419
Four Pillars of Basement,2015.0,134.0,"Action, Mystery, Thriller",4.6,19.0,832.0,2086.0,1986.0,3048.0,3,1,0.0,2.995732273553991
Four Two Ka One,2012.0,112.0,Comedy,4.7,52.0,306.0,863.0,960.0,2030.0,3,0,4.0,3.970291913552122
Fox,2009.0,145.0,"Crime, Drama, Mystery",5.2,553.0,658.0,331.0,2557.0,2845.0,3,1,5.0,6.317164686747284
Fraud Saiyaan,2019.0,109.0,"Comedy, Drama",4.3,677.0,2704.0,341.0,2248.0,798.0,3,1,4.0,6.519147287940395
Freaky Ali,2016.0,120.0,"Comedy, Sport",4.9,2642.0,2686.0,1428.0,284.0,216.0,3,1,4.0,7.879669914604289
Fredrick,2016.0,129.0,"Action, Thriller",4.9,19.0,2072.0,407.0,1738.0,2835.0,3,1,0.0,2.995732273553991
Free Entry,2006.0,,"Drama, Romance",5.0,53.0,1233.0,252.0,169.0,2347.0,3,1,7.0,3.9889840465642745
Freedom,2014.0,,Thriller,2.9,14.0,3087.0,592.0,1688.0,2117.0,3,0,18.0,2.70805020110221
Friends In Law,2018.0,85.0,Comedy,6.8,48.0,197.0,2117.0,348.0,185.0,3,0,4.0,3.8918202981106265
Friendship,1980.0,152.0,"Action, Crime, Drama",6.6,927.0,2012.0,206.0,2325.0,3058.0,3,1,0.0,6.833031732786201
Friendship,2008.0,145.0,"Comedy, Drama, Romance",6.5,14142.0,2897.0,45.0,969.0,1899.0,3,1,4.0,9.5569750810205
From Sydney with Love,2012.0,,"Comedy, Romance",6.2,69.0,1892.0,484.0,2104.0,2202.0,3,1,4.0,4.248495242049359
Frozen,2007.0,109.0,Drama,7.1,191.0,2630.0,574.0,736.0,432.0,3,0,7.0,5.2574953720277815
Fruit & Nut,2009.0,90.0,"Comedy, Crime, Drama",2.8,71.0,1354.0,564.0,481.0,1349.0,3,1,4.0,4.276666119016055
FryDay,2018.0,114.0,"Comedy, Drama",5.2,783.0,63.0,767.0,620.0,2899.0,3,1,4.0,6.664409020350408
Fuddu,2016.0,100.0,"Comedy, Drama",5.4,155.0,2810.0,2129.0,2596.0,2842.0,3,1,4.0,5.049856007249537
Fugly,2014.0,134.0,"Drama, Thriller",4.7,1008.0,1194.0,931.0,1415.0,1199.0,3,1,7.0,6.9167150203536085
Fukrey,2013.0,139.0,"Comedy, Drama, Romance",6.9,10762.0,1593.0,1625.0,1294.0,148.0,3,1,4.0,9.283869605264298
Fukrey Boyzzz: Space Mein Fukrapanti,2020.0,74.0,"Animation, Comedy, Family",8.3,6.0,417.0,1207.0,164.0,1191.0,3,1,2.0,1.9459101490553132
Fukrey Returns,2017.0,141.0,Comedy,6.5,4890.0,1593.0,1625.0,2721.0,148.0,3,0,4.0,8.495152060539358
Full Moon,1960.0,169.0,"Drama, Musical, Romance",7.2,476.0,1391.0,2511.0,784.0,2134.0,3,1,7.0,6.1675164908883415
Fun: Can Be Dangerous Sometimes,2005.0,138.0,Thriller,3.1,72.0,2467.0,2149.0,332.0,1793.0,3,0,18.0,4.290459441148391
Funtoosh,1956.0,,"Comedy, Drama",7.3,74.0,591.0,616.0,2343.0,1106.0,3,1,4.0,4.31748811353631
Future to Bright Hai Ji,2012.0,180.0,Drama,6.2,97.0,2442.0,17.0,2460.0,427.0,3,0,7.0,4.584967478670572
G Kutta Se,2017.0,104.0,Drama,8.3,47.0,1999.0,1727.0,1563.0,2914.0,3,0,7.0,3.871201010907891
Gaai Aur Gori,1973.0,148.0,"Drama, Family",6.0,17.0,1392.0,2084.0,933.0,538.0,3,1,7.0,2.8903717578961645
Gaban,1966.0,169.0,"Crime, Drama, Romance",5.8,50.0,1319.0,828.0,2549.0,2248.0,3,1,5.0,3.9318256327243257
Gabbar is Back,2015.0,128.0,"Action, Comedy, Crime",7.1,23209.0,1980.0,145.0,2396.0,1171.0,3,1,0.0,10.052338499268483
Gabbar Singh,2007.0,111.0,Action,4.8,9.0,1233.0,202.0,2363.0,2347.0,3,0,0.0,2.302585092994046
Gadar: Ek Prem Katha,2001.0,170.0,"Action, Drama, Romance",7.2,10264.0,264.0,2270.0,153.0,207.0,3,1,0.0,9.236495329453033
Gaddaar,1973.0,,Crime,7.6,60.0,918.0,2487.0,2844.0,1845.0,3,0,5.0,4.110873864173311
Gaddaar,1995.0,152.0,"Action, Drama, Romance",4.6,96.0,1976.0,2266.0,797.0,2625.0,3,1,0.0,4.574710978503383
Gafla,2006.0,127.0,Drama,7.2,454.0,2408.0,2179.0,246.0,1726.0,3,0,7.0,6.12029741895095
Gair,1999.0,148.0,"Action, Drama",3.7,195.0,373.0,108.0,1980.0,2130.0,3,1,0.0,5.278114659230517
Gair Kaanooni,1989.0,152.0,"Action, Comedy, Drama",5.3,90.0,1905.0,2215.0,763.0,1202.0,3,1,0.0,4.51085950651685
Gaja Gamini,2000.0,122.0,"Drama, Fantasy",5.0,726.0,1393.0,1167.0,2263.0,1623.0,3,1,7.0,6.588926477533519
Gajendra,2004.0,145.0,Action,3.5,77.0,2829.0,1991.0,1872.0,797.0,3,0,0.0,4.356708826689592
Gali Gali Chor Hai,2012.0,109.0,"Comedy, Drama, Family",5.1,596.0,2300.0,148.0,1443.0,2376.0,3,1,4.0,6.391917113392602
Galiyon Ka Badshah,1989.0,,"Drama, Action, Crime",4.9,29.0,2615.0,964.0,1813.0,920.0,3,1,7.0,3.4011973816621555
Galiyon Ka Badshah,2001.0,,"Action, Thriller",5.6,9.0,1233.0,861.0,819.0,186.0,3,1,0.0,2.302585092994046
"Gallit Gondhal, Dillit Mujra",2009.0,120.0,Comedy,7.3,106.0,1649.0,1179.0,2586.0,1591.0,3,0,4.0,4.672828834461906
Galti,2021.0,,Thriller,5.6,5.0,468.0,2123.0,1039.0,2853.0,2,0,18.0,1.791759469228055
Gaman,1978.0,119.0,Drama,7.1,181.0,1622.0,707.0,2436.0,852.0,3,0,7.0,5.204006687076795
Gambeeram,2004.0,165.0,"Action, Comedy, Crime",4.5,62.0,2825.0,2325.0,484.0,1020.0,3,1,0.0,4.143134726391533
Gambler,1971.0,154.0,"Crime, Romance, Thriller",6.5,149.0,185.0,616.0,2853.0,1221.0,3,1,5.0,5.0106352940962555
Gambler,1995.0,169.0,"Action, Comedy, Crime",5.0,356.0,631.0,767.0,2357.0,78.0,3,1,0.0,5.877735781779639
Game,1993.0,131.0,"Action, Crime, Drama",5.1,53.0,259.0,1405.0,63.0,1961.0,3,1,0.0,3.9889840465642745
Game,2011.0,135.0,"Action, Crime, Drama",5.2,2175.0,55.0,45.0,1036.0,312.0,3,1,0.0,7.685243607975833
Game,2007.0,146.0,"Action, Crime, Drama",5.3,25.0,2636.0,2094.0,2158.0,1852.0,3,1,0.0,3.258096538021482
Game of Ayodhya,2017.0,148.0,"Documentary, Drama",6.5,8.0,2809.0,343.0,29.0,1358.0,3,1,6.0,2.1972245773362196
Game Over,2017.0,140.0,Thriller,7.1,89.0,1800.0,1828.0,1894.0,3030.0,3,0,18.0,4.499809670330265
Game Paisa Ladki,2018.0,107.0,Drama,5.8,8.0,2361.0,862.0,587.0,414.0,3,0,7.0,2.1972245773362196
Gandharvya Kanya,1979.0,,"Action, Adventure, Fantasy",4.7,6.0,1770.0,428.0,213.0,315.0,3,1,0.0,1.9459101490553132
Gandhi,1982.0,191.0,"Biography, Drama, History",8.0,220118.0,2251.0,451.0,971.0,2189.0,3,1,3.0,12.301923588186817
Gandhi to Hitler,2011.0,108.0,"Drama, History, War",2.5,207.0,2135.0,405.0,1836.0,1672.0,3,1,7.0,5.337538079701318
"Gandhi, My Father",2007.0,136.0,"Biography, Drama, History",7.3,1594.0,781.0,148.0,564.0,2493.0,3,1,3.0,7.374629015218945
Gandhigiri,2016.0,128.0,Drama,4.6,56.0,2483.0,1982.0,2198.0,2163.0,3,0,7.0,4.04305126783455
Gandhiji My Mentor,2016.0,97.0,"Drama, History",7.6,29.0,1717.0,253.0,582.0,1700.0,3,1,7.0,3.4011973816621555
Gandhinagar 2nd Street,1986.0,137.0,"Comedy, Family, Romance",7.6,741.0,2505.0,1316.0,1066.0,2648.0,3,1,4.0,6.60934924316738
Gandhi's Children,2008.0,185.0,"Documentary, Drama",8.0,6.0,630.0,2385.0,2681.0,2853.0,0,1,6.0,1.9459101490553132
Gang,2000.0,152.0,"Action, Crime, Drama",6.1,225.0,1522.0,870.0,1490.0,1251.0,3,1,0.0,5.420534999272286
Gang of Ghosts,2014.0,128.0,"Comedy, Horror",3.6,376.0,2508.0,2076.0,1248.0,427.0,3,1,4.0,5.932245187448011
Gang of Littles,2016.0,112.0,Drama,5.2,6.0,3014.0,44.0,2340.0,2945.0,3,0,7.0,1.9459101490553132
Ganga,2006.0,102.0,"Action, Drama, Music",4.7,65.0,61.0,206.0,818.0,1592.0,3,1,0.0,4.189654742026425
Ganga Aur Ranga,1994.0,,Action,3.2,8.0,1114.0,1922.0,2570.0,260.0,3,0,0.0,2.1972245773362196
Ganga Aur Suraj,1980.0,157.0,Drama,6.4,17.0,5.0,2262.0,2321.0,2130.0,3,0,7.0,2.8903717578961645
Ganga Bani Shola,1992.0,,"Action, Thriller",4.5,8.0,1233.0,717.0,916.0,855.0,3,1,0.0,2.1972245773362196
Ganga Devi,2012.0,,Drama,5.3,46.0,61.0,206.0,933.0,2969.0,3,0,7.0,3.8501476017100584
Ganga Jamuna Ki Lalkaar,1991.0,,Action,5.0,16.0,1233.0,2037.0,518.0,855.0,3,0,0.0,2.833213344056216
Ganga Ki Kasam,1998.0,,Drama,4.2,18.0,2864.0,1304.0,900.0,674.0,3,0,7.0,2.9444389791664403
Ganga Ki Lahren,1964.0,,Drama,6.5,30.0,683.0,425.0,482.0,703.0,3,0,7.0,3.4339872044851463
Ganga Ki Saugand,1978.0,142.0,"Action, Drama",5.4,146.0,2772.0,206.0,2003.0,203.0,3,1,0.0,4.990432586778736
Ganga Meri Maa,1983.0,145.0,Drama,5.7,7.0,2664.0,2455.0,472.0,637.0,3,0,7.0,2.0794415416798357
Ganga Tera Pani Amrit,1971.0,,Drama,4.9,11.0,3067.0,1425.0,2844.0,1715.0,3,0,7.0,2.4849066497880004
Ganga Tere Desh Mein,1988.0,,Action,4.8,25.0,3020.0,631.0,934.0,2480.0,3,0,0.0,3.258096538021482
Gangaa Jamunaa Saraswathi,1988.0,187.0,"Action, Drama, Romance",4.6,581.0,1482.0,206.0,1401.0,1039.0,3,1,0.0,6.366470447731438
Gangaajal,2003.0,157.0,"Action, Crime, Drama",7.8,16172.0,1864.0,108.0,764.0,1505.0,3,1,0.0,9.69109846411978
Gangavataran,1937.0,134.0,Unknown,6.7,11.0,1411.0,644.0,539.0,2743.0,3,0,19.0,2.4849066497880004
Gangobai,2002.0,,Action,4.0,11.0,1105.0,1611.0,2236.0,757.0,3,0,0.0,2.4849066497880004
Gangoobai,2013.0,110.0,"Drama, Family",7.3,296.0,1923.0,1994.0,1803.0,1490.0,3,1,7.0,5.6937321388027
Gangotri,2007.0,,"Action, Crime, Drama",5.8,33.0,61.0,206.0,459.0,1415.0,3,1,0.0,3.5263605246161616
Gangs of Wasseypur,2012.0,321.0,"Action, Comedy, Crime",8.2,86355.0,299.0,1224.0,2014.0,1643.0,3,1,0.0,11.36623356581635
Gangster,1994.0,,"Action, Drama, Thriller",5.1,59.0,670.0,1188.0,1322.0,259.0,3,1,0.0,4.0943445622221
Gangster,2006.0,123.0,"Action, Crime, Drama",7.1,5645.0,297.0,997.0,2360.0,766.0,3,1,0.0,8.638702608813434
Gangvaa,1984.0,126.0,"Action, Drama",5.3,26.0,2045.0,1711.0,2263.0,2358.0,3,1,0.0,3.295836866004329
Ganwaar,1970.0,,"Drama, Family, Musical",5.9,40.0,1674.0,2510.0,1882.0,1724.0,3,1,7.0,3.713572066704308
Gaon,2018.0,124.0,Drama,5.3,106.0,823.0,2033.0,1568.0,713.0,3,0,7.0,4.672828834461906
Gaon Hamara Shaher Tumhara,1972.0,127.0,"Drama, Family, Romance",6.8,30.0,1674.0,1695.0,2003.0,2686.0,3,1,7.0,3.4339872044851463
Gaon Ki Gori,1945.0,,Drama,6.9,9.0,1142.0,1486.0,659.0,1648.0,3,0,7.0,2.302585092994046
Garajna,1991.0,,Action,5.7,28.0,1179.0,281.0,2029.0,2981.0,3,0,0.0,3.367295829986474
Garam,2005.0,102.0,Drama,4.5,30.0,1233.0,1985.0,854.0,2786.0,3,0,7.0,3.4339872044851463
Garam Coat,1955.0,129.0,Drama,7.3,15.0,183.0,1463.0,937.0,2098.0,3,0,7.0,2.772588722239781
Garam Dukaan,2004.0,142.0,Thriller,6.0,12.0,573.0,85.0,2269.0,2853.0,2,0,18.0,2.5649493574615367
Garam Khoon,1980.0,,Action,5.7,9.0,5.0,2487.0,2528.0,111.0,3,0,0.0,2.302585092994046
Garam Masala,1972.0,129.0,"Comedy, Musical, Action",5.8,68.0,401.0,347.0,1375.0,1057.0,3,1,4.0,4.23410650459726
Garam Masala,2005.0,146.0,Comedy,6.7,14431.0,1924.0,145.0,969.0,1774.0,3,0,4.0,9.577203242302405
Garbage,2018.0,105.0,"Drama, Thriller",3.4,950.0,1947.0,2329.0,2660.0,2367.0,3,1,7.0,6.85751406254539
Gardish,1993.0,153.0,"Action, Crime, Drama",7.4,807.0,1924.0,870.0,177.0,722.0,3,1,0.0,6.694562058521095
Garibon Ka Daata,1989.0,,Action,4.5,13.0,2172.0,461.0,1401.0,2840.0,3,0,0.0,2.6390573296152584
Garjjanam,2009.0,,"Action, Crime, Drama",4.5,12.0,2964.0,2362.0,456.0,405.0,3,1,0.0,2.5649493574615367
Garm Hava,1974.0,146.0,Drama,8.1,689.0,1402.0,442.0,1.0,852.0,3,0,7.0,6.536691597591305
Gateway of India,1957.0,,"Comedy, Crime, Drama",7.2,43.0,1011.0,463.0,1723.0,1333.0,3,1,4.0,3.784189633918261
Gattu,2011.0,90.0,Drama,7.3,398.0,2039.0,1399.0,1403.0,1046.0,3,0,7.0,5.988961416889864
Gauraiya,2014.0,125.0,Crime,7.0,64.0,2074.0,1008.0,1043.0,2929.0,3,0,5.0,4.174387269895637
Gaurav Gupta: Market Down Hai,2021.0,50.0,Comedy,7.5,226.0,1705.0,732.0,2681.0,2853.0,1,0,4.0,5.424950017481403
Gauri,1943.0,,Unknown,8.5,8.0,1292.0,1330.0,1769.0,1970.0,3,0,19.0,2.1972245773362196
Gauri,1968.0,152.0,"Drama, Family",6.5,40.0,0.0,2262.0,1628.0,2339.0,3,1,7.0,3.713572066704308
Gauri: The Unborn,2007.0,98.0,"Drama, Horror, Thriller",3.5,109.0,167.0,1311.0,255.0,431.0,3,1,7.0,4.700480365792417
Gauru: Journey of Courage,2016.0,124.0,Family,8.8,85.0,2185.0,877.0,2729.0,950.0,3,0,8.0,4.454347296253507
Gautam Govinda,1979.0,131.0,"Action, Crime, Drama",6.0,58.0,2730.0,2082.0,2325.0,1544.0,3,1,0.0,4.07753744390572
Gautam Govinda,2002.0,119.0,Action,2.7,11.0,824.0,861.0,1401.0,1798.0,3,0,0.0,2.4849066497880004
Gautama the Buddha,1967.0,,Documentary,7.4,9.0,525.0,2385.0,2681.0,2853.0,0,0,6.0,2.302585092994046
Gawaahi,1989.0,111.0,Mystery,5.6,36.0,235.0,2549.0,2773.0,416.0,3,0,14.0,3.6109179126442243
Gayab,2004.0,138.0,"Drama, Fantasy, Thriller",4.2,781.0,1904.0,2376.0,248.0,1951.0,3,1,7.0,6.661854740545311
Geet,1970.0,,"Action, Crime, Musical",7.1,98.0,2164.0,1695.0,1258.0,1624.0,3,1,0.0,4.59511985013459
Geet,1992.0,151.0,Drama,5.9,56.0,1804.0,410.0,642.0,1293.0,3,0,7.0,4.04305126783455
Geet Gaata Chal,1975.0,130.0,"Comedy, Drama, Family",6.9,108.0,950.0,1898.0,2221.0,2859.0,3,1,4.0,4.6913478822291435
Geet Gaaya Pattharon Ne,1964.0,,"Drama, Musical, Romance",6.4,92.0,2579.0,919.0,1911.0,505.0,3,1,7.0,4.532599493153256
Geetaa Mera Naam,1974.0,,"Action, Drama, Thriller",6.9,57.0,2374.0,2262.0,2112.0,795.0,3,1,0.0,4.060443010546419
Geetanjali,1993.0,150.0,Drama,6.0,45.0,2563.0,919.0,2003.0,2926.0,3,0,7.0,3.828641396489095
Gehra Daag,1963.0,,"Crime, Drama, Romance",7.1,27.0,1742.0,1695.0,1258.0,1324.0,3,1,5.0,3.332204510175204
Gehra Raaz,1996.0,,Horror,4.8,12.0,2173.0,1938.0,794.0,1965.0,3,0,11.0,2.5649493574615367
Gehrayee,1980.0,135.0,"Drama, Horror",6.8,148.0,3032.0,348.0,2387.0,233.0,3,1,7.0,5.003946305945459
Gehri Chaal,1973.0,147.0,"Action, Crime, Thriller",5.4,127.0,561.0,919.0,818.0,199.0,3,1,0.0,4.852030263919617
Gemeni,2002.0,,Action,6.2,6.0,2986.0,978.0,1488.0,2853.0,2,0,0.0,1.9459101490553132
Gemini,2002.0,150.0,"Action, Comedy, Crime",6.1,910.0,2491.0,2460.0,1100.0,1117.0,3,1,0.0,6.814542897259958
Genesis,1986.0,105.0,Drama,6.7,113.0,1594.0,2030.0,1510.0,1746.0,3,0,7.0,4.736198448394496
Genius,2018.0,165.0,"Action, Thriller",5.3,1823.0,264.0,2395.0,888.0,1494.0,3,1,0.0,7.508787170634276
Gentleman,1989.0,139.0,"Comedy, Crime, Musical",4.9,42.0,3051.0,767.0,261.0,2438.0,3,1,4.0,3.7612001156935624
Geraftaar,1985.0,167.0,"Action, Drama",6.1,435.0,1905.0,982.0,1714.0,1325.0,3,1,0.0,6.077642243349034
Ghaath,2000.0,,"Crime, Drama, Thriller",4.7,141.0,148.0,1224.0,2607.0,1746.0,3,1,5.0,4.955827057601261
Ghaav: The Wound,2002.0,,"Action, Crime, Drama",5.4,16.0,1344.0,1512.0,1842.0,2410.0,3,1,0.0,2.833213344056216
Ghajini,2008.0,186.0,"Action, Drama, Mystery",7.3,57604.0,16.0,18.0,370.0,1069.0,3,1,0.0,10.961364648472154
Ghamandee,1981.0,,Drama,4.8,13.0,2173.0,1304.0,514.0,1300.0,3,0,7.0,2.6390573296152584
Ghanchakkar,2013.0,137.0,"Comedy, Crime, Thriller",5.8,4797.0,2014.0,693.0,2745.0,2010.0,3,1,4.0,8.47595444339964
Ghar,1978.0,121.0,"Drama, Romance",7.0,192.0,1458.0,775.0,2793.0,2136.0,3,1,7.0,5.262690188904886
Ghar Aaya Mera Pardesi,1993.0,,"Drama, Adventure, Action",4.7,13.0,2236.0,410.0,2717.0,495.0,3,1,7.0,2.6390573296152584
Ghar Basake Dekho,1963.0,139.0,"Comedy, Drama",5.8,16.0,1306.0,1230.0,2504.0,2073.0,3,1,4.0,2.833213344056216
Ghar Bazar,1998.0,130.0,"Action, Crime, Drama",4.4,10.0,614.0,2093.0,1523.0,2464.0,3,1,0.0,2.3978952727983707
Ghar Dwaar,1985.0,153.0,Drama,7.1,42.0,1206.0,2332.0,2108.0,1971.0,3,0,7.0,3.7612001156935624
Ghar Ek Mandir,1984.0,156.0,Drama,5.5,75.0,1146.0,2082.0,1436.0,1494.0,3,0,7.0,4.330733340286331
Ghar Ghar Ki Kahani,1988.0,155.0,"Comedy, Drama",4.9,207.0,1206.0,767.0,688.0,2165.0,3,1,4.0,5.337538079701318
Ghar Ghar Ki Kahani,1970.0,120.0,"Drama, Family",7.6,67.0,2862.0,442.0,1603.0,505.0,3,1,7.0,4.219507705176107
Ghar Grihasti,2004.0,142.0,"Drama, Family",4.0,130.0,1432.0,100.0,2526.0,2275.0,3,1,7.0,4.875197323201151
Ghar Ho To Aisa,1990.0,155.0,Drama,6.0,360.0,1206.0,250.0,1357.0,1971.0,3,0,7.0,5.8888779583328805
Ghar Jamai,1992.0,148.0,"Comedy, Family",5.8,25.0,336.0,1840.0,472.0,1494.0,3,1,4.0,3.258096538021482
Ghar Ka Chiraag,1989.0,158.0,Drama,5.9,65.0,2676.0,1702.0,1547.0,615.0,3,0,7.0,4.189654742026425
Ghar Ka Chirag,1967.0,157.0,Drama,6.6,13.0,1028.0,36.0,474.0,703.0,3,0,7.0,2.6390573296152584
Ghar Ka Sukh,1987.0,94.0,"Drama, Family",6.6,11.0,1206.0,2112.0,448.0,2674.0,3,1,7.0,2.4849066497880004
Ghar Ki Izzat,1948.0,136.0,"Drama, Family",5.7,24.0,2143.0,1360.0,950.0,860.0,3,1,7.0,3.2188758248682006
Ghar Ki Izzat,1994.0,,"Comedy, Drama",4.7,57.0,1206.0,919.0,2029.0,264.0,3,1,4.0,4.060443010546419
Ghar Ki Laaj,1960.0,,"Drama, Family",3.8,5.0,2962.0,2176.0,706.0,1715.0,3,1,7.0,1.791759469228055
Ghar Mein Raam Gali Mein Shyam,1996.0,,Comedy,5.3,12.0,2986.0,2208.0,2789.0,2853.0,2,0,4.0,2.5649493574615367
Ghar Mein Ram Gali Mein Shyam,1988.0,136.0,"Drama, Family, Action",4.7,43.0,2735.0,448.0,2032.0,868.0,3,1,7.0,3.784189633918261
Ghar Parivaar,1991.0,,Drama,4.9,38.0,1573.0,1702.0,2029.0,1971.0,3,0,7.0,3.6635616461296463
Ghar Pe Bataao,2021.0,72.0,Drama,7.6,43.0,1704.0,2015.0,1790.0,2853.0,2,0,7.0,3.784189633918261
Ghar Sansar,1986.0,,"Comedy, Drama",5.2,64.0,1146.0,919.0,2488.0,1110.0,3,1,4.0,4.174387269895637
Ghar Sansar,1958.0,,"Drama, Family",6.8,21.0,2962.0,442.0,1506.0,1997.0,3,1,7.0,3.091042453358316
Gharana,1961.0,154.0,"Comedy, Drama, Family",7.1,53.0,2347.0,1695.0,1813.0,542.0,3,1,4.0,3.9889840465642745
Gharana,1989.0,,Drama,5.3,70.0,1159.0,2119.0,2623.0,2165.0,3,0,7.0,4.2626798770413155
Gharaonda,1977.0,141.0,"Drama, Romance",6.9,196.0,508.0,213.0,2859.0,2251.0,3,1,7.0,5.2832037287379885
Gharwali Baharwali,1998.0,138.0,Comedy,4.6,640.0,629.0,250.0,1980.0,2055.0,3,0,4.0,6.46302945692067
Gharwali Baharwali,1988.0,,Family,4.3,9.0,2718.0,707.0,261.0,1200.0,3,0,8.0,2.302585092994046
Ghashiram Kotwal,1976.0,108.0,"Biography, History",6.7,71.0,1149.0,1203.0,2116.0,1130.0,3,1,3.0,4.276666119016055
Ghat Ghat Ka Paani,2017.0,68.0,Documentary,7.8,9.0,147.0,2385.0,2681.0,2853.0,0,0,6.0,2.302585092994046
Ghatak: Lethal,1996.0,158.0,"Action, Drama",7.4,3326.0,2109.0,2270.0,1357.0,637.0,3,1,0.0,8.109826276018477
Ghatothkach,2008.0,91.0,"Animation, Family",6.9,55.0,2679.0,2259.0,2389.0,1341.0,3,1,2.0,4.02535169073515
Ghatotkachudu,1995.0,,"Comedy, Drama, Fantasy",7.0,100.0,2350.0,1764.0,2243.0,2197.0,3,1,4.0,4.61512051684126
Ghayal,1990.0,163.0,"Action, Crime, Drama",7.6,4114.0,2109.0,2270.0,177.0,1452.0,3,1,0.0,8.32239411311117
Ghayal Once Again,2016.0,127.0,"Action, Crime, Drama",6.3,4960.0,2814.0,2270.0,2446.0,1746.0,3,1,0.0,8.509362612301048
Ghayal Sherni,1988.0,,"Action, Crime, Thriller",5.4,11.0,1146.0,346.0,939.0,2384.0,3,1,0.0,2.4849066497880004
Ghazab,1982.0,162.0,"Action, Comedy, Drama",6.8,137.0,558.0,2026.0,607.0,1233.0,3,1,0.0,4.927253685157205
Ghazab Tamasha,1992.0,144.0,"Comedy, Romance",5.4,27.0,2199.0,1659.0,249.0,2782.0,3,1,4.0,3.332204510175204
Gho Gho Rani,2019.0,105.0,"History, Romance",9.4,47.0,1611.0,1469.0,1657.0,123.0,3,1,10.0,3.871201010907891
Ghoomketu,2020.0,108.0,Comedy,5.5,2708.0,1943.0,1428.0,1838.0,2144.0,3,0,4.0,7.904334842085095
Ghoonghat,1997.0,120.0,"Action, Comedy, Drama",5.4,27.0,597.0,846.0,390.0,366.0,3,1,0.0,3.332204510175204
Ghost,2012.0,118.0,Horror,2.3,225.0,1931.0,2097.0,2253.0,1091.0,3,0,11.0,5.420534999272286
Ghost,2019.0,130.0,"Horror, Thriller",5.0,1288.0,3035.0,1955.0,2367.0,2958.0,3,1,11.0,7.161622002939187
Ghost Stories,2020.0,144.0,"Horror, Thriller",4.3,4620.0,3137.0,650.0,1049.0,319.0,3,1,11.0,8.438366410870266
Ghost Story - An Abstract Film,2020.0,,Horror,8.4,8.0,3138.0,708.0,2162.0,2.0,3,0,11.0,2.1972245773362196
Ghulam,1998.0,162.0,"Action, Crime, Drama",7.3,10997.0,3035.0,18.0,1958.0,2015.0,3,1,0.0,9.30546871706776
Ghulam Begam Badshah,1973.0,123.0,"Drama, Family",6.2,8.0,1049.0,2084.0,205.0,1544.0,3,1,7.0,2.1972245773362196
Ghulam Begum Badshah,1956.0,124.0,"Drama, History",6.6,5.0,1132.0,569.0,1262.0,1724.0,3,1,7.0,1.791759469228055
Ghulam-E-Musthafa,1997.0,162.0,"Action, Crime, Drama",6.6,1120.0,1804.0,1389.0,1980.0,1774.0,3,1,0.0,7.02197642307216
Ghulami,1985.0,199.0,"Action, Drama",7.2,474.0,1017.0,631.0,1401.0,1623.0,3,1,0.0,6.163314804034641
Ghunghat,1960.0,,"Drama, Family",6.7,27.0,2164.0,1563.0,466.0,501.0,3,1,7.0,3.332204510175204
Ghungroo,1983.0,,"Drama, Family",5.7,47.0,2157.0,2165.0,2321.0,1260.0,3,1,7.0,3.871201010907891
Ghungroo Ki Awaaz,1981.0,138.0,"Mystery, Thriller",6.3,34.0,2665.0,2370.0,2748.0,2136.0,3,1,14.0,3.5553480614894135
Ghutan,2007.0,126.0,Horror,4.9,51.0,2665.0,362.0,2636.0,1804.0,3,0,11.0,3.9512437185814275
Giddh: The Vulture,1984.0,103.0,Drama,6.8,64.0,2869.0,1494.0,2436.0,1606.0,3,0,7.0,4.174387269895637
Ginny Aur Johnny,1976.0,,"Comedy, Drama, Family",7.3,84.0,1531.0,1288.0,416.0,203.0,3,1,4.0,4.442651256490317
Ginny Weds Sunny,2020.0,125.0,"Comedy, Drama, Romance",5.7,3872.0,1935.0,2516.0,2778.0,448.0,3,1,4.0,8.261784679514752
Gippi,2013.0,95.0,"Comedy, Drama",5.6,790.0,2693.0,57.0,222.0,782.0,3,1,4.0,6.673297967767654
Giraftaari,1991.0,,Action,5.4,10.0,1924.0,172.0,1473.0,2460.0,3,0,0.0,2.3978952727983707
Girl Friend,1960.0,,Romance,7.7,6.0,2519.0,1067.0,2827.0,1624.0,3,0,15.0,1.9459101490553132
Girlfriend,2004.0,126.0,Drama,3.2,344.0,1252.0,857.0,20.0,209.0,3,0,7.0,5.84354441703136
Girls' Hostel,1962.0,,Drama,4.4,9.0,2234.0,118.0,1484.0,1082.0,3,0,7.0,2.302585092994046
Glamour Girl,2000.0,123.0,Crime,2.1,23.0,2126.0,1066.0,652.0,1815.0,3,0,5.0,3.1780538303479458
Global Baba,2016.0,120.0,Thriller,5.6,184.0,1496.0,1516.0,2181.0,42.0,3,0,18.0,5.220355825078324
Go,2007.0,110.0,"Crime, Drama, Romance",2.7,144.0,1474.0,734.0,1787.0,1188.0,3,1,5.0,4.976733742420574
Go Goa Gone,2013.0,111.0,"Action, Adventure, Comedy",6.7,11942.0,1323.0,1672.0,2126.0,1262.0,3,1,0.0,9.387900611668426
Goa Dalli CID 999,1968.0,145.0,"Crime, Thriller",8.1,76.0,702.0,1715.0,2103.0,1277.0,3,1,5.0,4.343805421853684
God and Gun,1995.0,,Drama,5.1,27.0,759.0,1635.0,900.0,829.0,3,0,7.0,3.332204510175204
God of gods,2019.0,90.0,Documentary,9.3,46.0,2985.0,2347.0,2665.0,1975.0,3,0,6.0,3.8501476017100584
God Only Knows!,2007.0,,Comedy,5.6,54.0,497.0,265.0,623.0,2945.0,3,0,4.0,4.007333185232471
God Tussi Great Ho,2008.0,152.0,"Comedy, Drama, Fantasy",3.6,3998.0,2300.0,206.0,2150.0,1899.0,3,1,4.0,8.293799608846818
Godaan,1963.0,110.0,Drama,7.0,58.0,2917.0,1635.0,1026.0,2478.0,3,0,7.0,4.07753744390572
Godam,1983.0,140.0,Drama,7.1,37.0,713.0,2009.0,1216.0,61.0,3,0,7.0,3.6375861597263857
Godmother,1999.0,150.0,"Crime, Drama, Thriller",6.7,202.0,3044.0,2030.0,1385.0,1711.0,3,1,5.0,5.313205979041787
Gogola,1966.0,,Sci-Fi,7.0,5.0,467.0,422.0,1536.0,1801.0,3,0,16.0,1.791759469228055
Gokul,1985.0,,Drama,6.4,9.0,345.0,669.0,1310.0,2782.0,3,0,7.0,2.302585092994046
Gola Barood,1989.0,,"Action, Crime, Drama",3.5,26.0,629.0,2084.0,1096.0,615.0,3,1,0.0,3.295836866004329
GOLD,2018.0,151.0,"Drama, History, Sport",7.3,11932.0,2240.0,145.0,1435.0,1261.0,3,1,7.0,9.387062950369655
Golden Eyes Secret Agent 077,1968.0,136.0,"Action, Crime, Mystery",6.3,12.0,1220.0,1357.0,2128.0,460.0,3,1,0.0,2.5649493574615367
Golimar,2010.0,160.0,"Action, Crime, Thriller",5.9,506.0,1938.0,2362.0,1782.0,2197.0,3,1,0.0,6.2285110035911835
Golmaal 3,2010.0,155.0,"Action, Comedy",5.5,7644.0,2281.0,1304.0,90.0,1171.0,3,1,0.0,8.941807118363164
Golmaal Again,2017.0,140.0,"Action, Comedy, Fantasy",5.0,8423.0,2281.0,108.0,311.0,2771.0,3,1,0.0,9.03884005381381
Golmaal Returns,2008.0,135.0,"Comedy, Crime, Mystery",5.1,7236.0,2281.0,108.0,1059.0,360.0,3,1,4.0,8.886962034866128
Golmaal: Fun Unlimited,2006.0,150.0,"Action, Comedy, Drama",7.4,15556.0,2281.0,108.0,311.0,2463.0,3,1,0.0,9.652265977087122
Gomti Ke Kinare,1972.0,,"Drama, Family",6.0,20.0,2356.0,89.0,912.0,896.0,3,1,7.0,3.044522437723423
Gone Kesh,2019.0,110.0,"Comedy, Drama",7.0,1222.0,1946.0,2138.0,131.0,669.0,3,1,4.0,7.109062135687172
"Good Boy, Bad Boy",2007.0,115.0,"Comedy, Musical",3.8,1710.0,395.0,2376.0,674.0,973.0,3,1,4.0,7.444833273892193
Good Luck!,2008.0,,"Comedy, Drama",3.0,17.0,85.0,363.0,2253.0,2460.0,3,1,4.0,2.8903717578961645
Good Newwz,2019.0,134.0,Comedy,6.9,15644.0,2017.0,145.0,1059.0,720.0,3,0,4.0,9.657906656102982
Gooli,2008.0,138.0,"Action, Drama, Romance",6.4,80.0,1759.0,2230.0,1269.0,1220.0,3,1,0.0,4.394449154672439
Goonga Pehelwan,2014.0,46.0,"Documentary, Biography, Sport",8.4,14.0,3089.0,1587.0,1397.0,2853.0,2,1,6.0,2.70805020110221
Goonj,1989.0,142.0,"Action, Drama, Musical",5.8,44.0,1048.0,1099.0,982.0,2820.0,3,1,0.0,3.8066624897703196
Goonj,1974.0,,"Action, Crime, Drama",5.7,15.0,2349.0,1734.0,1998.0,1342.0,3,1,0.0,2.772588722239781
Goonj Uthi Shehnai,1959.0,174.0,"Musical, Romance",7.6,32.0,3005.0,1695.0,155.0,261.0,3,1,13.0,3.4965075614664802
Goopi Gawaiya Bagha Bajaiya,2013.0,79.0,"Animation, Comedy, Drama",7.0,118.0,2618.0,82.0,1283.0,2996.0,3,1,2.0,4.77912349311153
Gopal Krishna,1938.0,132.0,Unknown,6.6,10.0,3078.0,2089.0,1930.0,2450.0,3,0,19.0,2.3978952727983707
Gopal Krishna,1979.0,132.0,Fantasy,6.9,33.0,3023.0,1898.0,2859.0,1383.0,3,0,9.0,3.5263605246161616
Gopalaa,1994.0,,Action,2.9,9.0,144.0,559.0,2358.0,1209.0,3,0,0.0,2.302585092994046
Gopi,1970.0,143.0,"Action, Comedy, Drama",7.0,195.0,0.0,657.0,2129.0,1845.0,3,1,0.0,5.278114659230517
Gopi Kishan,1994.0,161.0,"Action, Comedy, Drama",5.5,814.0,1600.0,2266.0,1065.0,2512.0,3,1,0.0,6.703188113240863
Gopichand Jasoos,1982.0,150.0,"Comedy, Thriller",5.9,124.0,1674.0,1670.0,2864.0,947.0,3,1,4.0,4.8283137373023015
Gopinath,1948.0,155.0,Drama,7.4,38.0,1425.0,1123.0,1853.0,2832.0,3,0,7.0,3.6635616461296463
Gora Aur Kala,1972.0,128.0,"Action, Comedy, Drama",5.0,102.0,1674.0,1695.0,818.0,2136.0,3,1,0.0,4.634728988229636
Goraa,1987.0,,"Action, Drama",4.9,16.0,668.0,1702.0,2528.0,1971.0,3,1,0.0,2.833213344056216
Gori Tere Pyaar Mein!,2013.0,150.0,"Comedy, Drama, Romance",4.9,3609.0,1937.0,842.0,1059.0,1734.0,3,1,4.0,8.191463051326927
Gour Hari Dastaan: The Freedom File,2015.0,114.0,"Biography, Drama",7.4,533.0,239.0,2476.0,1115.0,2091.0,3,1,3.0,6.280395838960195
Govindha Govindha,1993.0,145.0,"Action, Crime, Drama",6.7,326.0,2146.0,1378.0,2488.0,1229.0,3,1,0.0,5.7899601708972535
GRADE,2017.0,64.0,Drama,6.1,27.0,293.0,1339.0,2595.0,1547.0,3,0,7.0,3.332204510175204
Grahan,2001.0,110.0,"Crime, Drama",5.1,85.0,2598.0,870.0,1290.0,313.0,3,1,5.0,4.454347296253507
Grahasthi,1984.0,,Drama,5.6,14.0,1885.0,2530.0,448.0,2057.0,3,0,7.0,2.70805020110221
Grahasti,1963.0,154.0,"Drama, Family",6.8,35.0,1306.0,376.0,1603.0,1921.0,3,1,7.0,3.58351893845611
Grand Masti,2013.0,137.0,"Comedy, Drama, Thriller",4.4,5921.0,980.0,1841.0,2819.0,87.0,3,1,4.0,8.686429508661536
Great Grand Masti,2016.0,134.0,"Comedy, Drama, Fantasy",3.6,2393.0,980.0,2391.0,2035.0,3008.0,3,1,4.0,7.780720886117918
Great Target,1991.0,,Action,4.7,6.0,743.0,1572.0,342.0,545.0,3,0,0.0,1.9459101490553132
Greater Elephant,2012.0,90.0,Comedy,5.7,47.0,2715.0,833.0,1526.0,2018.0,3,0,4.0,3.871201010907891
Griha Pravesh,1979.0,134.0,"Drama, Romance",6.9,102.0,474.0,1980.0,2312.0,2358.0,3,1,7.0,4.634728988229636
Grihalakshmi - The Awakening,2019.0,70.0,Family,8.7,20.0,347.0,2385.0,2681.0,2853.0,0,0,8.0,3.044522437723423
GST - Galti Sirf Tumhari,2017.0,,Drama,4.7,6.0,2837.0,1423.0,1717.0,1394.0,3,0,7.0,1.9459101490553132
Guddi,1971.0,121.0,"Drama, Comedy, Family",7.2,1028.0,962.0,631.0,933.0,2707.0,3,1,7.0,6.9363427358340495
Guddu,1995.0,160.0,"Drama, Romance",4.2,2248.0,1910.0,612.0,1448.0,1393.0,3,1,7.0,7.718240951959316
Guddu Ki Gun,2015.0,130.0,Comedy,4.7,672.0,2604.0,2063.0,1157.0,1794.0,3,0,4.0,6.511745329644728
Guddu Rangeela,2015.0,124.0,"Comedy, Drama",5.3,864.0,2731.0,341.0,171.0,2201.0,3,1,4.0,6.762729506931879
Gudgudee,1997.0,138.0,"Musical, Romance",4.2,336.0,475.0,296.0,1744.0,1089.0,3,1,13.0,5.820082930352362
Gudia,1997.0,139.0,Drama,6.7,49.0,855.0,1304.0,1495.0,1845.0,3,0,7.0,3.912023005428146
Guest House,1959.0,,Mystery,6.1,8.0,2234.0,118.0,2283.0,1845.0,3,0,14.0,2.1972245773362196
Guest House,1980.0,,Horror,6.1,45.0,2665.0,2370.0,1760.0,1755.0,3,0,11.0,3.828641396489095
Guest iin London,2017.0,132.0,Comedy,5.4,1770.0,393.0,1027.0,1129.0,1774.0,3,0,4.0,7.479299637782834
Guide,1965.0,120.0,"Drama, Musical, Romance",8.4,7629.0,3003.0,616.0,2827.0,1294.0,3,1,7.0,8.939843124278502
Guilty,2020.0,119.0,"Drama, Thriller",5.4,3919.0,2295.0,1049.0,2609.0,117.0,3,1,7.0,8.273846932784508
Gul Makai,2020.0,132.0,"Biography, Drama, War",2.4,213.0,212.0,1810.0,644.0,431.0,3,1,3.0,5.365976015021851
Gulaab Gang,2014.0,139.0,"Action, Drama",6.1,2078.0,2700.0,1167.0,982.0,742.0,3,1,0.0,7.639642287858013
Gulaal,2009.0,140.0,"Crime, Drama, Thriller",8.1,14239.0,299.0,1039.0,1860.0,1978.0,3,1,5.0,9.563810184965966
Gulabi Gang,2012.0,96.0,Documentary,7.5,209.0,1724.0,1953.0,1927.0,697.0,3,0,6.0,5.3471075307174685
Gulabi Raaten,1990.0,,Crime,4.4,7.0,1762.0,622.0,1855.0,1841.0,3,0,5.0,2.0794415416798357
Gulabo Sitabo,2020.0,124.0,"Comedy, Drama",6.3,11364.0,2643.0,206.0,397.0,2933.0,3,1,4.0,9.338293736286644
Gully Boy,2019.0,154.0,"Drama, Music, Romance",8.0,33901.0,3137.0,2447.0,1480.0,2090.0,3,1,7.0,10.431229288678432
Gully Life: The Story of Divine,2019.0,,"Documentary, Biography, Music",9.1,15.0,158.0,2385.0,2681.0,2853.0,0,1,6.0,2.772588722239781
Gumnaam,1965.0,151.0,"Drama, Mystery, Thriller",7.0,1456.0,2032.0,1390.0,1308.0,1845.0,3,1,7.0,7.284134806195205
Gumnaam: The Mystery,2008.0,107.0,"Action, Crime",3.7,94.0,1697.0,665.0,1249.0,2698.0,3,1,0.0,4.553876891600541
Gumnaami,2019.0,142.0,"Action, Drama, History",7.8,1695.0,2712.0,1577.0,211.0,2783.0,3,1,0.0,7.4360278163518485
Gumnam Hai Koi,2001.0,,Thriller,2.4,22.0,1174.0,2171.0,1959.0,1451.0,3,0,18.0,3.1354942159291497
Gumnam Qatil,2001.0,,Horror,2.8,6.0,909.0,2535.0,1246.0,846.0,3,0,11.0,1.9459101490553132
Gumrah,1963.0,155.0,"Drama, Romance",6.9,147.0,446.0,376.0,1258.0,2713.0,3,1,7.0,4.997212273764115
Gumrah,1976.0,,"Action, Romance",4.4,14.0,1459.0,1812.0,2494.0,637.0,3,1,0.0,2.70805020110221
Gumrah,1993.0,149.0,"Action, Crime, Drama",6.2,700.0,1422.0,1969.0,2488.0,312.0,3,1,0.0,6.55250788703459
Gumsum,1982.0,,Drama,5.6,5.0,633.0,344.0,1227.0,2438.0,3,0,7.0,1.791759469228055
Gunaah,1993.0,117.0,"Action, Thriller",4.7,83.0,1422.0,2270.0,629.0,2701.0,3,1,0.0,4.430816798843313
Gunaah,2002.0,135.0,"Crime, Drama, Thriller",3.3,356.0,215.0,498.0,635.0,418.0,3,1,5.0,5.877735781779639
Gunah Aur Kanoon,1970.0,110.0,Crime,5.6,7.0,447.0,1980.0,1151.0,2272.0,3,0,5.0,2.0794415416798357
Gunahon Ka Devta,1967.0,154.0,Drama,5.8,20.0,683.0,1288.0,949.0,2031.0,3,0,7.0,3.044522437723423
Gunahon Ka Devta,1990.0,149.0,Action,5.1,16.0,1268.0,1304.0,2186.0,78.0,3,0,0.0,2.833213344056216
Gunahon Ka Faisla,1988.0,169.0,Action,4.9,14.0,2616.0,2084.0,629.0,615.0,3,0,0.0,2.70805020110221
Gunda,1969.0,136.0,"Action, Crime, Drama",6.7,32.0,1557.0,1464.0,1335.0,2436.0,3,1,0.0,3.4965075614664802
Gunda,1998.0,129.0,"Action, Comedy, Crime",7.3,9990.0,1233.0,1304.0,1449.0,1505.0,3,1,0.0,9.209439966733019
Gunda Gang,1992.0,,Action,8.1,39.0,1309.0,1312.0,519.0,2944.0,3,0,0.0,3.6888794541139363
Gundaraj,1995.0,140.0,Action,4.2,345.0,865.0,108.0,177.0,1114.0,3,0,0.0,5.846438775057725
Gunday,2014.0,152.0,"Action, Drama, Musical",2.4,58144.0,172.0,1777.0,298.0,1899.0,3,1,0.0,10.970695169727144
Gunehgaar,1980.0,,Action,5.6,34.0,2005.0,1835.0,1677.0,1997.0,3,0,0.0,3.5553480614894135
Gunehgar,1995.0,125.0,Drama,4.1,40.0,3035.0,394.0,892.0,1805.0,3,0,7.0,3.713572066704308
Gunehgar the Criminal,1982.0,,Action,4.4,5.0,1211.0,2218.0,2681.0,2853.0,1,0,0.0,1.791759469228055
Gunga Jumna,1961.0,178.0,"Action, Drama, Musical",7.6,523.0,1726.0,657.0,2824.0,1625.0,3,1,0.0,6.261491684321042
Gunjan Saxena: The Kargil Girl,2020.0,112.0,"Action, Biography, Drama",5.3,25005.0,2585.0,886.0,1660.0,240.0,3,1,0.0,10.126871075054945
Guns of Banaras,2020.0,134.0,Action,6.8,41.0,2613.0,1020.0,1524.0,808.0,3,0,0.0,3.7376696182833684
Gunwali Dulhaniya,2019.0,114.0,"Comedy, Romance",3.5,20.0,2578.0,996.0,1348.0,765.0,3,1,4.0,3.044522437723423
Gupt: The Hidden Truth,1997.0,173.0,"Action, Crime, Mystery",7.3,4687.0,2102.0,508.0,1011.0,1393.0,3,1,0.0,8.452761331256848
Gurgaon,2016.0,107.0,"Crime, Thriller",6.5,1883.0,2576.0,146.0,1660.0,9.0,3,1,5.0,7.5411524551363085
Guru,1989.0,174.0,Crime,5.5,113.0,2934.0,1304.0,2488.0,2438.0,3,0,5.0,4.736198448394496
Guru,1980.0,159.0,"Action, Crime, Drama",6.7,481.0,969.0,982.0,2488.0,3021.0,3,1,0.0,6.1779441140506
Guru,2003.0,162.0,Action,5.6,75.0,2854.0,1304.0,1075.0,1936.0,3,0,0.0,4.330733340286331
Guru,2007.0,166.0,Drama,7.7,22476.0,1455.0,1304.0,42.0,100.0,3,0,7.0,10.020247843144828
Guru Ho Jaa Shuru,1979.0,,"Action, Crime, Drama",5.5,8.0,2624.0,376.0,1238.0,1876.0,3,1,0.0,2.1972245773362196
Guru Mahaaguru,2002.0,,"Action, Drama",4.5,8.0,2864.0,448.0,1108.0,544.0,3,1,0.0,2.1972245773362196
Guru Sishyan,1988.0,139.0,"Action, Comedy",7.1,382.0,2339.0,1711.0,1720.0,829.0,3,1,0.0,5.948034989180646
Guru Sishyan,2010.0,150.0,Romance,2.7,18.0,2396.0,180.0,2397.0,2370.0,3,0,15.0,2.9444389791664403
Guru Suleman Chela Pahelwan,1981.0,134.0,"Action, Comedy",6.0,7.0,1981.0,575.0,1375.0,538.0,3,1,0.0,2.0794415416798357
Gurudev,1993.0,147.0,"Action, Drama, Romance",4.9,150.0,3054.0,1835.0,2488.0,249.0,3,1,0.0,5.017279836814924
Gustakhi Maaf,1969.0,136.0,Comedy,6.6,9.0,2013.0,1716.0,2623.0,2339.0,3,0,4.0,2.302585092994046
Guy in the blue,2015.0,86.0,"Mystery, Romance, Thriller",6.7,7.0,152.0,887.0,2718.0,2850.0,3,1,14.0,2.0794415416798357
Guzaarish,2010.0,126.0,"Drama, Romance",7.5,17631.0,2457.0,830.0,85.0,2505.0,3,1,7.0,9.777470711952642
Gyara Hazar Ladkian,1962.0,152.0,Drama,5.8,5.0,1291.0,1181.0,448.0,919.0,3,0,7.0,1.791759469228055
Haadsaa,1983.0,,"Action, Thriller",5.0,23.0,149.0,134.0,1964.0,2599.0,3,1,0.0,3.1780538303479458
Haal-e-Dil,2008.0,124.0,"Drama, Romance",3.4,240.0,251.0,205.0,1481.0,65.0,3,1,7.0,5.484796933490655
Haan Maine Bhi Pyaar Kiya,2002.0,174.0,"Drama, Musical, Romance",3.7,1277.0,693.0,145.0,1065.0,48.0,3,1,7.0,7.15305163493748
Haar Jeet,1940.0,,Unknown,7.0,8.0,184.0,993.0,1648.0,1457.0,3,0,19.0,2.1972245773362196
Haar Jeet,1972.0,,Drama,5.1,11.0,558.0,1816.0,1822.0,246.0,3,0,7.0,2.4849066497880004
Haar Jeet,1990.0,,"Action, Drama, Thriller",3.1,8.0,418.0,941.0,1003.0,2674.0,3,1,0.0,2.1972245773362196
Haasil,2003.0,160.0,"Crime, Drama, Romance",7.6,2808.0,2908.0,931.0,836.0,970.0,3,1,5.0,7.940583827104244
Haat - The Weekly Bazaar,2011.0,102.0,Drama,5.7,14.0,2530.0,674.0,1450.0,340.0,3,0,7.0,2.70805020110221
Haath Ki Safai,1974.0,137.0,"Action, Drama",6.3,104.0,1867.0,1763.0,2791.0,2586.0,3,1,0.0,4.653960350157523
Haathi Ka Anda,2002.0,75.0,Adventure,6.2,11.0,341.0,2371.0,1679.0,182.0,3,0,1.0,2.4849066497880004
Haathi Mere Saathi,1971.0,170.0,"Drama, Family, Musical",6.9,1148.0,1392.0,1702.0,2623.0,650.0,3,1,7.0,7.046647277848756
Haathkadi,1982.0,156.0,"Family, Drama, Thriller",5.4,28.0,2823.0,1980.0,1998.0,2480.0,3,1,8.0,3.367295829986474
Haathkadi,1995.0,156.0,"Action, Comedy, Drama",4.2,131.0,2160.0,767.0,2357.0,1326.0,3,1,0.0,4.882801922586371
Haathon Ki Lakeeren,1986.0,139.0,"Musical, Drama, Family",7.3,42.0,591.0,1980.0,2864.0,988.0,3,1,13.0,3.7612001156935624
Haatim Tai,1990.0,125.0,"Drama, Fantasy, Romance",5.8,314.0,458.0,919.0,2186.0,2638.0,3,1,7.0,5.752572638825633
Habari,1979.0,,Action,6.7,9.0,2615.0,1169.0,1771.0,1618.0,3,0,0.0,2.302585092994046
Hacked,2020.0,118.0,Thriller,4.3,1208.0,3035.0,824.0,2413.0,2187.0,3,0,18.0,7.097548850614793
Hadh Kar Di Aapne,2000.0,134.0,"Comedy, Romance",5.3,1754.0,1489.0,767.0,1958.0,1081.0,3,1,4.0,7.470224135899966
Hadh: Life on the Edge of Death,2001.0,,"Action, Crime, Drama",4.0,13.0,2903.0,2179.0,2293.0,2960.0,3,1,0.0,2.6390573296152584
Hafta Bandh,1991.0,,Action,4.2,19.0,648.0,870.0,2717.0,78.0,3,0,0.0,2.995732273553991
Hafta Vasuli,1998.0,140.0,Action,4.9,25.0,648.0,870.0,63.0,450.0,3,0,0.0,3.258096538021482
Haggada Kone: End of the Rope,2014.0,102.0,Drama,8.4,52.0,632.0,1422.0,2497.0,1500.0,3,0,7.0,3.970291913552122
Hai Apna Dil Toh Awara,2016.0,120.0,Comedy,6.1,18.0,1587.0,1917.0,643.0,2357.0,3,0,4.0,2.9444389791664403
Hai Golmaal in White House,2015.0,125.0,Comedy,2.5,8.0,2398.0,343.0,1124.0,2001.0,3,0,4.0,2.1972245773362196
Hai Kaun Woh,1999.0,,Horror,2.8,6.0,2372.0,1749.0,1818.0,1505.0,3,0,11.0,1.9459101490553132
Hai Meri Jaan,1991.0,,"Drama, Family",5.4,8.0,2291.0,463.0,472.0,246.0,3,1,7.0,2.1972245773362196
Haider,2014.0,160.0,"Action, Crime, Drama",8.1,51354.0,3070.0,2042.0,2607.0,2536.0,3,1,0.0,10.846517581599905
Hair is Falling: A Serious Comedy Film,2011.0,120.0,"Comedy, Drama",5.3,31.0,2994.0,1699.0,2192.0,1897.0,3,1,4.0,3.4657359027997265
Haisiyat,1984.0,185.0,"Action, Drama, Romance",4.9,26.0,1668.0,919.0,934.0,1845.0,3,1,0.0,3.295836866004329
Haiwan,1977.0,107.0,"Musical, Mystery, Thriller",6.1,10.0,2155.0,1863.0,1932.0,1292.0,3,1,13.0,2.3978952727983707
Halaal Ki Kamai,1988.0,,Family,4.1,18.0,2857.0,767.0,688.0,2634.0,3,0,8.0,2.9444389791664403
Halahal,2020.0,97.0,"Crime, Drama, Mystery",7.1,1441.0,2191.0,446.0,2106.0,1420.0,3,1,5.0,7.273786317844895
Halaku,1956.0,122.0,"Adventure, Drama, Musical",6.8,36.0,611.0,1273.0,96.0,1845.0,3,1,1.0,3.6109179126442243
Half Girlfriend,2017.0,135.0,"Drama, Romance",4.4,6621.0,1581.0,2024.0,2382.0,2966.0,3,1,7.0,8.798152718107191
Half Songs,2021.0,79.0,"Music, Romance",9.7,7.0,2720.0,1669.0,673.0,1916.0,3,1,12.0,2.0794415416798357
Half Ticket,1962.0,168.0,"Musical, Comedy, Romance",7.4,484.0,1203.0,1067.0,1230.0,1845.0,3,1,13.0,6.184148890937483
Halkaa,2018.0,114.0,"Drama, Family",7.2,378.0,1716.0,1778.0,1661.0,382.0,3,1,7.0,5.937536205082426
Halla Bol,2008.0,142.0,"Crime, Drama",6.1,2211.0,2109.0,108.0,2745.0,1767.0,3,1,5.0,7.701652362642226
Halo,1996.0,92.0,"Drama, Family",7.9,449.0,2488.0,452.0,1904.0,2261.0,3,1,7.0,6.1092475827643655
Ham Sab Chor Hain,1956.0,117.0,Comedy,6.4,28.0,968.0,836.0,1254.0,2449.0,3,0,4.0,3.367295829986474
Hamaara Sansaar,1978.0,128.0,Drama,6.7,10.0,2862.0,1523.0,1628.0,1494.0,3,0,7.0,2.3978952727983707
Hamara Dil Aapke Paas Hai,2000.0,165.0,"Action, Drama, Romance",5.6,1799.0,2508.0,250.0,85.0,2625.0,3,1,0.0,7.495541943884256
Hamara Khandaan,1988.0,,"Drama, Romance",5.6,39.0,305.0,1835.0,688.0,1208.0,3,1,7.0,3.6888794541139363
"Hamara Shahar - Bombay, Our City",1985.0,82.0,Documentary,7.8,43.0,230.0,589.0,2033.0,2728.0,3,0,6.0,3.784189633918261
Hamara Tiranga,2018.0,118.0,"Adventure, Drama, History",7.5,8.0,2388.0,1652.0,801.0,2809.0,3,1,1.0,2.1972245773362196
Hamare Tumhare,1979.0,,Family,6.7,43.0,2934.0,1980.0,1921.0,203.0,3,0,8.0,3.784189633918261
Hamari Adhuri Kahani,2015.0,129.0,"Drama, Romance",6.7,5546.0,1581.0,1718.0,674.0,2917.0,3,1,7.0,8.621012520055235
Hamari Baat,1943.0,,Unknown,8.2,9.0,1394.0,626.0,2564.0,650.0,3,0,19.0,2.302585092994046
Hamari Bahu Alka,1982.0,,"Drama, Family",6.8,67.0,475.0,1734.0,468.0,2871.0,3,1,7.0,4.219507705176107
Hamari Beti,1950.0,,"Drama, Family",7.0,6.0,2638.0,2111.0,1434.0,1738.0,3,1,7.0,1.9459101490553132
Hamari Yaad Aayegi,1961.0,,"Drama, Family",6.8,8.0,1292.0,377.0,2623.0,226.0,3,1,7.0,2.1972245773362196
Hameshaa,1997.0,141.0,"Action, Drama, Romance",5.3,629.0,2450.0,1925.0,1011.0,78.0,3,1,0.0,6.4457198193855785
Hamid,2018.0,108.0,Drama,7.8,1055.0,105.0,2322.0,2769.0,2102.0,3,0,7.0,6.962243464266207
Hamlet,1954.0,,Drama,6.3,21.0,1306.0,1563.0,1258.0,1221.0,3,0,7.0,3.091042453358316
Hamraaz,1967.0,170.0,"Musical, Mystery, Thriller",7.1,390.0,446.0,1881.0,2688.0,544.0,3,1,13.0,5.968707559985366
Hamrahi,1963.0,149.0,"Drama, Family",6.4,29.0,2862.0,1695.0,916.0,1469.0,3,1,7.0,3.4011973816621555
Hamrahi,1944.0,121.0,"Drama, Romance",6.7,10.0,525.0,1266.0,1824.0,2836.0,3,1,7.0,2.3978952727983707
Hamrahi,1974.0,,"Comedy, Family, Romance",6.8,25.0,232.0,1763.0,2623.0,805.0,3,1,4.0,3.258096538021482
Hanan,2004.0,127.0,"Musical, Action, Drama",6.0,44.0,1440.0,1224.0,2464.0,2410.0,3,1,13.0,3.8066624897703196
Hanky Panky,1979.0,144.0,"Comedy, Romance",8.5,18376.0,962.0,213.0,468.0,692.0,3,1,4.0,9.818855161695424
Hansa,2012.0,88.0,Drama,7.7,36.0,1444.0,2364.0,31.0,401.0,3,0,7.0,3.6109179126442243
Hansa: Ek Sanyog,2019.0,135.0,Drama,7.6,13.0,2485.0,638.0,1334.0,981.0,3,0,7.0,2.6390573296152584
Hanste Khelte,1994.0,,"Comedy, Fantasy, Romance",6.0,30.0,500.0,861.0,274.0,427.0,3,1,4.0,3.4339872044851463
Hanste Khelte,1984.0,108.0,Crime,5.7,23.0,633.0,1304.0,2859.0,2943.0,3,0,5.0,3.1780538303479458
Hanste Zakhm,1973.0,,"Drama, Romance",7.2,76.0,591.0,1425.0,1777.0,481.0,3,1,7.0,4.343805421853684
Hanuman,2005.0,89.0,Animation,7.6,796.0,2957.0,1298.0,1448.0,2988.0,3,0,2.0,6.680854678790215
Hanuman Da Damdaar,2017.0,105.0,"Animation, Family",5.4,131.0,2295.0,1939.0,2557.0,2107.0,3,1,2.0,4.882801922586371
Hanuman Vijay,1974.0,120.0,Fantasy,7.4,11.0,458.0,816.0,346.0,1140.0,3,0,9.0,2.4849066497880004
Hanuman vs. Mahiravana,2018.0,91.0,Animation,6.9,103.0,761.0,1701.0,2681.0,2853.0,1,0,2.0,4.6443908991413725
Happi,2019.0,135.0,"Comedy, Drama",7.4,69.0,507.0,1514.0,2563.0,938.0,3,1,4.0,4.248495242049359
Happy Bhaag Jayegi,2016.0,126.0,"Comedy, Romance",6.5,5046.0,1597.0,648.0,30.0,1073.0,3,1,4.0,8.526549286340263
Happy Ending,2014.0,135.0,"Comedy, Romance",5.4,3453.0,1323.0,1672.0,2126.0,951.0,3,1,4.0,8.147288258706624
Happy Hardy and Heer,2020.0,123.0,"Comedy, Romance",5.9,580.0,2125.0,384.0,1060.0,2833.0,3,1,4.0,6.364750756851911
Happy Husbands,2011.0,134.0,"Comedy, Drama",3.2,22.0,1047.0,239.0,1161.0,1516.0,3,1,4.0,3.1354942159291497
Happy New Year,2014.0,180.0,"Action, Comedy, Crime",5.0,34890.0,769.0,2038.0,591.0,48.0,3,1,0.0,10.459984195277682
Happy Phirr Bhag Jayegi,2018.0,136.0,Comedy,4.5,1251.0,1597.0,2182.0,619.0,1073.0,3,0,4.0,7.132497551660044
Haqeeqat,1964.0,184.0,"Action, Musical, War",7.8,458.0,591.0,442.0,607.0,2925.0,3,1,0.0,6.129050210060545
Haqeeqat,1985.0,148.0,"Crime, Drama",4.6,22.0,2160.0,389.0,1852.0,488.0,3,1,5.0,3.1354942159291497
Haqeeqat,1995.0,166.0,"Action, Drama, Romance",4.6,321.0,1338.0,108.0,2607.0,371.0,3,1,0.0,5.7745515455444085
Haque,1991.0,121.0,Drama,4.4,25.0,911.0,662.0,255.0,27.0,3,0,7.0,3.258096538021482
Har Dil Jo Pyar Karega...,2000.0,173.0,"Comedy, Drama, Musical",5.2,4199.0,2009.0,1939.0,1758.0,2076.0,3,1,4.0,8.34283980427146
Har Har Gange,1979.0,135.0,"Adventure, Drama, Fantasy",6.6,8.0,458.0,1442.0,346.0,273.0,3,1,1.0,2.1972245773362196
Har Har Mahadev,1974.0,,Fantasy,6.9,23.0,578.0,575.0,945.0,2431.0,3,0,9.0,3.1780538303479458
Har Har Mahadev,1950.0,137.0,Fantasy,6.4,8.0,1071.0,1463.0,2659.0,1057.0,3,0,9.0,2.1972245773362196
Har Kisse Ke Hisse: Kaamyaab,2018.0,109.0,Drama,7.9,3781.0,903.0,1974.0,583.0,2359.0,3,0,7.0,8.238008249218403
Haraamkhor,2015.0,90.0,"Drama, Romance",6.4,3764.0,2637.0,1428.0,2407.0,2831.0,3,1,7.0,8.233503140233994
Harami,2020.0,100.0,"Crime, Drama, Romance",7.7,957.0,2663.0,693.0,2048.0,702.0,3,1,5.0,6.86484777797086
Hare Kanch Ki Chooriyan,1967.0,165.0,"Drama, Family, Romance",6.5,17.0,1306.0,503.0,2361.0,1286.0,3,1,7.0,2.8903717578961645
Haré Rama Haré Krishna,1971.0,149.0,"Drama, Musical",7.2,770.0,670.0,2549.0,596.0,1567.0,3,1,7.0,6.647688373563329
Harfan Maulaa,1976.0,138.0,"Action, Crime, Drama",5.5,10.0,2333.0,376.0,1003.0,392.0,3,1,0.0,2.3978952727983707
Hari Darshan,1982.0,160.0,Fantasy,7.5,45.0,578.0,36.0,2238.0,1051.0,3,0,9.0,3.828641396489095
Hari Om,2004.0,108.0,"Romance, Comedy",6.2,111.0,806.0,2.0,948.0,571.0,3,1,15.0,4.718498871295094
Hari Puttar: A Comedy of Terrors,2008.0,90.0,"Comedy, Drama, Family",1.9,314.0,2069.0,1144.0,900.0,2358.0,3,1,4.0,5.752572638825633
Hari-Bhari,2000.0,134.0,"Drama, Family",5.7,103.0,2661.0,2030.0,1898.0,2012.0,3,1,7.0,4.6443908991413725
Harishchandra Taramati,1963.0,,Fantasy,6.4,14.0,443.0,1612.0,943.0,460.0,3,0,9.0,2.70805020110221
Hariyali Aur Rasta,1962.0,160.0,"Musical, Drama, Romance",6.9,68.0,3005.0,1230.0,1258.0,2478.0,3,1,13.0,4.23410650459726
Harjaee,1981.0,,Romance,6.5,31.0,2174.0,2058.0,1258.0,2074.0,3,0,15.0,3.4657359027997265
Harsh Beauty,2005.0,53.0,Documentary,6.4,14.0,169.0,2385.0,2681.0,2853.0,0,0,6.0,2.70805020110221
Hasee Toh Phasee,2014.0,141.0,"Comedy, Romance",6.8,13936.0,3047.0,2155.0,1669.0,62.0,3,1,4.0,9.54230245311951
Haseena,2018.0,135.0,Comedy,4.4,92.0,2996.0,726.0,1413.0,955.0,3,0,4.0,4.532599493153256
Haseena Maan Jaayegi,1999.0,147.0,"Action, Comedy, Romance",6.2,3040.0,629.0,1969.0,763.0,1175.0,3,1,0.0,8.019941687677365
Haseena Maan Jayegi,1968.0,165.0,"Action, Drama, Musical",6.7,108.0,1867.0,1570.0,2321.0,464.0,3,1,0.0,4.6913478822291435
Haseenon Ka Devata,1971.0,131.0,"Action, Crime, Drama",5.4,10.0,2230.0,1972.0,2003.0,2686.0,3,1,0.0,2.3978952727983707
Hasina Aur Nagina,1996.0,,Horror,3.0,6.0,820.0,1901.0,907.0,344.0,3,0,11.0,1.9459101490553132
Hasti,1993.0,149.0,Action,4.7,35.0,373.0,870.0,1510.0,1592.0,3,0,0.0,3.58351893845611
Hate Story,2012.0,140.0,"Drama, Thriller",5.3,3493.0,3087.0,1454.0,771.0,1771.0,3,1,7.0,8.158802490694002
Hate Story 2,2014.0,130.0,"Drama, Thriller",4.4,2087.0,3075.0,899.0,2575.0,2751.0,3,1,7.0,7.643961949002529
Hate Story 3,2015.0,126.0,"Drama, Thriller",4.5,3047.0,3075.0,2076.0,1054.0,3053.0,3,1,7.0,8.022240916806537
Hate Story IV,2018.0,131.0,"Crime, Drama, Thriller",3.3,1470.0,3075.0,2391.0,772.0,949.0,3,1,5.0,7.293697720601438
Hatey Bazarey,1967.0,133.0,Drama,7.9,50.0,2885.0,125.0,446.0,2303.0,3,0,7.0,3.9318256327243257
Hathyar,1989.0,140.0,"Action, Crime",6.0,269.0,1017.0,1963.0,607.0,2330.0,3,1,0.0,5.598421958998375
Hathyar: Face to Face with Reality,2002.0,140.0,"Action, Crime, Drama",5.6,625.0,1428.0,1969.0,2357.0,2456.0,3,1,0.0,6.439350371100098
Hatimtai,1956.0,,"Adventure, Fantasy",6.8,17.0,955.0,2049.0,1649.0,1454.0,3,1,1.0,2.8903717578961645
Hattrick,2007.0,110.0,"Comedy, Drama, Romance",4.2,460.0,1541.0,1389.0,562.0,1774.0,3,1,4.0,6.133398042996649
Hatya,1988.0,151.0,"Action, Crime, Drama",6.9,390.0,1298.0,767.0,1547.0,1971.0,3,1,0.0,5.968707559985366
Hatya: The Murder,2004.0,131.0,"Action, Crime, Drama",4.1,492.0,1196.0,145.0,2717.0,1635.0,3,1,0.0,6.20050917404269
Hatyara,1977.0,,"Action, Crime",6.4,32.0,2823.0,2487.0,1436.0,2040.0,3,1,0.0,3.4965075614664802
Hatyara,1998.0,136.0,Action,5.6,31.0,2864.0,1304.0,2533.0,2061.0,3,0,0.0,3.4657359027997265
Hatyarin,1991.0,129.0,Horror,4.1,17.0,3057.0,1758.0,2548.0,1135.0,3,0,11.0,2.8903717578961645
Haunted - 3D,2011.0,143.0,"Action, Fantasy, Horror",6.3,2165.0,3035.0,1299.0,2642.0,60.0,3,1,0.0,7.680637427560936
Haunted Hills,2020.0,102.0,Horror,6.7,31.0,2469.0,2072.0,741.0,1236.0,3,0,11.0,3.4657359027997265
Hava Aney Dey,2004.0,93.0,Drama,6.2,101.0,1806.0,243.0,1610.0,2781.0,3,0,7.0,4.624972813284271
Haveli,1985.0,,"Horror, Crime, Thriller",5.8,30.0,1276.0,1734.0,1327.0,7.0,3,1,11.0,3.4339872044851463
Hawa,2003.0,129.0,"Drama, Horror, Thriller",3.3,290.0,865.0,2319.0,2272.0,1559.0,3,1,7.0,5.673323267171493
Hawaa Hawaai,2014.0,120.0,"Drama, Family, Sport",7.4,1686.0,216.0,1180.0,1673.0,698.0,3,1,7.0,7.430707082545968
Hawaizaada,2015.0,148.0,"Biography, Drama",5.5,1753.0,2991.0,1387.0,1401.0,1146.0,3,1,3.0,7.469654172932128
Hawalaat,1987.0,,"Action, Crime, Drama",5.8,43.0,2823.0,1835.0,1273.0,1494.0,3,1,0.0,3.784189633918261
Hawas,1974.0,,"Drama, Family, Romance",6.3,35.0,2356.0,248.0,1559.0,1831.0,3,1,7.0,3.58351893845611
Hawas,2004.0,123.0,"Drama, Romance, Thriller",2.7,202.0,1252.0,2086.0,1371.0,2801.0,3,1,7.0,5.313205979041787
Hawayein,2003.0,176.0,"Drama, Romance",6.2,180.0,210.0,208.0,408.0,229.0,3,1,7.0,5.198497031265826
Haye Mera Dil,1968.0,170.0,Drama,6.5,11.0,2980.0,1067.0,1151.0,947.0,3,0,7.0,2.4849066497880004
Hazaar Chaurasi Ki Maa,1998.0,186.0,Drama,7.1,274.0,861.0,902.0,255.0,2410.0,3,0,7.0,5.616771097666572
Hazaaron Khwaishein Aisi,2003.0,120.0,Drama,7.9,4744.0,2753.0,1039.0,2360.0,611.0,3,0,7.0,8.464846711044029
Heart of a Murderer,2013.0,56.0,"Documentary, Drama",7.8,9.0,562.0,2385.0,2681.0,2853.0,0,1,6.0,2.302585092994046
Heartless,2014.0,131.0,"Drama, Family, Romance",5.1,458.0,2611.0,65.0,291.0,675.0,3,1,7.0,6.129050210060545
Heer,1956.0,,Romance,4.8,12.0,896.0,1490.0,1723.0,641.0,3,0,15.0,2.5649493574615367
Heer Raanjha,1970.0,142.0,"Musical, Romance, Drama",7.0,192.0,591.0,1635.0,1777.0,1845.0,3,1,13.0,5.262690188904886
Heer Ranjha,1992.0,159.0,"Drama, Romance",5.1,147.0,918.0,250.0,2488.0,312.0,3,1,7.0,4.997212273764115
Heera,1973.0,,"Action, Drama, Family",5.3,23.0,2772.0,2262.0,337.0,2480.0,3,1,0.0,3.1780538303479458
Heera Lal Panna Lal,1999.0,127.0,"Drama, Action, Comedy",4.0,60.0,1268.0,1304.0,973.0,1792.0,3,1,7.0,4.110873864173311
Heera Moti,1959.0,,Drama,4.5,11.0,1319.0,2128.0,341.0,1255.0,3,0,7.0,2.4849066497880004
Heera Panna,1973.0,,Romance,6.5,240.0,670.0,616.0,2864.0,2041.0,3,0,15.0,5.484796933490655
Heeralal Pannalal,1978.0,,"Action, Comedy",6.7,77.0,384.0,2082.0,1955.0,3058.0,3,1,0.0,4.356708826689592
Heera-Moti,1979.0,,Action,4.3,6.0,565.0,2084.0,1998.0,637.0,3,0,0.0,1.9459101490553132
Heeron Ka Chor,1982.0,133.0,Action,3.4,9.0,2325.0,1304.0,514.0,1300.0,3,0,0.0,2.302585092994046
Helicopter Eela,2018.0,135.0,Drama,5.6,1042.0,1855.0,977.0,2018.0,2827.0,3,0,7.0,6.949856455000773
Hello,2008.0,129.0,"Drama, Romance",3.3,1981.0,408.0,2076.0,179.0,2610.0,3,1,7.0,7.591861714889934
Hello Brother,1999.0,139.0,"Action, Comedy, Fantasy",4.7,3998.0,2686.0,1939.0,1958.0,338.0,3,1,0.0,8.293799608846818
Hello Charlie,2021.0,102.0,Comedy,5.6,3167.0,1788.0,7.0,900.0,2526.0,3,0,4.0,8.060855752934316
Hello Darling,2010.0,104.0,"Comedy, Drama",2.7,115.0,1496.0,770.0,501.0,972.0,3,1,4.0,4.7535901911063645
Hello Hum Lallann Bol Rahe Hain,2010.0,130.0,"Comedy, Drama",6.3,132.0,720.0,1722.0,1756.0,1357.0,3,1,4.0,4.890349128221754
Hello Mumbai: Salaam Mumbai,2016.0,107.0,"Comedy, Drama, Romance",3.8,1045.0,831.0,1309.0,617.0,492.0,3,1,4.0,6.952728644624869
Hello Zindagi,2010.0,125.0,"Drama, Family",6.0,13.0,2037.0,1071.0,1385.0,1661.0,3,1,7.0,2.6390573296152584
Help,2010.0,109.0,"Horror, Thriller",4.3,358.0,2062.0,508.0,1443.0,2544.0,3,1,11.0,5.883322388488279
Henna,1991.0,184.0,"Drama, Romance, Musical",6.4,667.0,2192.0,1835.0,2862.0,419.0,3,1,7.0,6.504288173536645
Hera Pheri,1976.0,164.0,"Action, Comedy, Crime",6.8,998.0,1867.0,1926.0,2791.0,199.0,3,1,0.0,6.906754778648554
Hera Pheri,2000.0,156.0,"Action, Comedy, Crime",8.2,59545.0,1924.0,145.0,2552.0,1774.0,3,1,0.0,10.994504402082407
Hercules,1964.0,142.0,Adventure,5.3,33.0,2652.0,575.0,1455.0,890.0,3,0,1.0,3.5263605246161616
Hero,1983.0,173.0,"Action, Drama, Romance",6.7,810.0,2730.0,1980.0,2297.0,988.0,3,1,0.0,6.698268054115413
Hero,2015.0,145.0,"Action, Drama, Musical",3.5,2398.0,1715.0,2199.0,375.0,2815.0,3,1,0.0,7.782807262839695
Hero Hindustani,1998.0,152.0,"Action, Comedy, Drama",4.8,308.0,429.0,341.0,1489.0,1110.0,3,1,0.0,5.733341276897746
Hero Hiralal,1988.0,146.0,"Action, Comedy, Drama",6.2,263.0,1279.0,2402.0,1510.0,2328.0,3,1,0.0,5.575949103146316
Hero No. 1,1997.0,134.0,"Comedy, Drama, Musical",6.2,2737.0,629.0,767.0,1065.0,1110.0,3,1,4.0,7.914983005848394
Heroes,2008.0,139.0,"Action, Adventure, Comedy",5.5,2059.0,2419.0,2171.0,2725.0,209.0,3,1,0.0,7.630461261783627
Heroine,2012.0,149.0,Drama,5.1,4132.0,1412.0,1023.0,300.0,2071.0,3,0,7.0,8.326758814511733
Heropanti,2014.0,146.0,"Action, Romance",5.3,8372.0,2359.0,2352.0,1131.0,1780.0,3,1,0.0,9.032767522204432
Hey Bro,2015.0,113.0,"Action, Comedy, Drama",2.9,169.0,110.0,725.0,1280.0,1737.0,3,1,0.0,5.135798437050262
Hey Ram,2000.0,186.0,"Crime, Drama, History",7.9,11870.0,1211.0,982.0,2270.0,2076.0,3,1,5.0,9.381853730053534
Hey Ram Hamne Gandhi Ko maar Diya,2018.0,106.0,Drama,6.3,166.0,1645.0,892.0,2163.0,2663.0,3,0,7.0,5.117993812416755
Heyy Babyy,2007.0,144.0,"Comedy, Drama",6.0,13705.0,2391.0,145.0,686.0,2169.0,3,1,4.0,9.52558897214577
Hichki,2018.0,116.0,"Comedy, Drama",7.5,11094.0,2672.0,386.0,1958.0,1663.0,3,1,4.0,9.314249835366695
Hide & Seek,2010.0,105.0,"Drama, Horror, Thriller",4.2,220.0,2603.0,1628.0,295.0,1548.0,3,1,7.0,5.3981627015177525
Hifazat,1987.0,136.0,"Drama, Family",5.4,140.0,1905.0,376.0,1628.0,249.0,3,1,7.0,4.948759890378168
High Jack,2018.0,102.0,Comedy,5.4,303.0,142.0,2253.0,1321.0,2635.0,3,0,4.0,5.717027701406222
Highway,2014.0,133.0,"Crime, Drama, Romance",7.6,27168.0,973.0,159.0,1954.0,755.0,3,1,5.0,10.209831896443099
Highway 203,2007.0,,Thriller,5.5,13.0,2539.0,1039.0,293.0,1796.0,3,0,18.0,2.6390573296152584
Highway Courtesans,2004.0,71.0,Documentary,7.3,30.0,1623.0,2385.0,2681.0,2853.0,0,0,6.0,3.4339872044851463
Hijack,2008.0,117.0,"Action, Thriller",3.7,312.0,1353.0,2097.0,1420.0,975.0,3,1,0.0,5.746203190540153
Hill Station,1957.0,,Romance,7.2,11.0,2563.0,1563.0,466.0,2566.0,3,0,15.0,2.4849066497880004
Himalay Ki Godmein,1965.0,120.0,"Adventure, Drama, Family",6.8,92.0,3005.0,1181.0,1308.0,2478.0,3,1,1.0,4.532599493153256
Himalay Putra,1997.0,,"Drama, Romance",5.0,127.0,1785.0,2487.0,818.0,138.0,3,1,7.0,4.852030263919617
Himalay Se Ooncha,1975.0,,"Action, Adventure, Drama",5.7,39.0,450.0,2262.0,1264.0,2081.0,3,1,0.0,3.6888794541139363
Himmat,1970.0,152.0,"Action, Drama, Thriller",6.4,31.0,2230.0,919.0,1455.0,1872.0,3,1,0.0,3.4657359027997265
Himmat,1996.0,138.0,"Action, Drama, Thriller",4.5,196.0,2807.0,228.0,2557.0,2771.0,3,1,0.0,5.2832037287379885
Himmat Aur Mehanat,1987.0,137.0,"Action, Comedy, Drama",5.0,43.0,1146.0,919.0,2488.0,427.0,3,1,0.0,3.784189633918261
Himmatvar,1996.0,149.0,"Action, Drama",5.1,18.0,2875.0,343.0,722.0,703.0,3,1,0.0,2.9444389791664403
Himmatwala,1983.0,179.0,"Action, Comedy, Drama",4.5,275.0,1156.0,2215.0,949.0,203.0,3,1,0.0,5.62040086571715
Himmatwala,1998.0,120.0,Action,4.3,26.0,1072.0,2356.0,439.0,1494.0,3,0,0.0,3.295836866004329
Himmatwala,2013.0,150.0,"Action, Comedy, Drama",1.7,8186.0,2391.0,108.0,2614.0,1349.0,3,1,0.0,9.010302809376448
Hind Ka Napak Ko Jawab,2017.0,130.0,"Action, Thriller",6.6,3993.0,958.0,778.0,780.0,937.0,3,1,0.0,8.29254851397576
Hindi Medium,2017.0,132.0,"Comedy, Drama",7.9,24676.0,2394.0,853.0,2100.0,738.0,3,1,4.0,10.113626914715084
Hindustan Ki Kasam,1973.0,152.0,"Action, Drama, War",6.2,120.0,591.0,1635.0,1777.0,481.0,3,1,0.0,4.795790545596741
Hindustani Sipahi,2002.0,128.0,Action,5.3,7.0,1811.0,2434.0,2104.0,1494.0,3,0,0.0,2.0794415416798357
Hinsa Par Vijay,2015.0,,Family,6.6,8.0,1352.0,2431.0,2164.0,2336.0,3,0,8.0,2.1972245773362196
Hip Hip Hurray,1984.0,,"Drama, Sport",7.1,84.0,1864.0,1671.0,593.0,2373.0,3,1,7.0,4.442651256490317
Hira Aur Patthar,1977.0,125.0,Family,5.9,14.0,3005.0,376.0,2321.0,2417.0,3,0,8.0,2.70805020110221
Hiraasat,1987.0,180.0,"Action, Crime, Drama",5.4,33.0,2823.0,809.0,2325.0,1494.0,3,1,0.0,3.5263605246161616
Hisaab Khoon Ka,1989.0,,"Drama, Mystery",5.4,33.0,2823.0,1304.0,1714.0,1375.0,3,1,7.0,3.5263605246161616
Hisss,2010.0,98.0,"Comedy, Drama, Horror",2.9,1661.0,1094.0,1184.0,879.0,1059.0,3,1,4.0,7.415776975415394
History of Yoga,2015.0,,"Documentary, History",7.5,6.0,659.0,1754.0,2681.0,2853.0,1,1,6.0,1.9459101490553132
Hitler,1988.0,138.0,"Action, Crime, Drama",5.4,53.0,2864.0,1304.0,2358.0,1380.0,3,1,0.0,3.9889840465642745
Ho Jaata Hai Pyaar,2005.0,,"Drama, Romance",2.8,15.0,473.0,1786.0,118.0,488.0,3,1,7.0,2.772588722239781
Ho Sakta Hai!,2004.0,101.0,"Crime, Horror, Thriller",6.1,45.0,3099.0,2434.0,1124.0,1346.0,3,1,5.0,3.828641396489095
Hogaya Dimaagh Ka Dahi,2015.0,124.0,"Comedy, Drama",3.8,45.0,778.0,1698.0,561.0,565.0,3,1,4.0,3.828641396489095
Hogi Pyaar Ki Jeet,1999.0,180.0,"Action, Comedy, Drama",4.3,513.0,1761.0,108.0,2264.0,360.0,3,1,0.0,6.2422232654551655
Holi,1985.0,120.0,"Comedy, Drama",7.4,557.0,1279.0,381.0,11.0,1960.0,3,1,4.0,6.324358962381311
Holi Ayee Re,1970.0,144.0,"Drama, Family",5.9,9.0,925.0,1181.0,428.0,1877.0,3,1,7.0,2.302585092994046
Holiday,2006.0,,"Drama, Musical, Romance",4.3,139.0,1834.0,1499.0,635.0,1180.0,3,1,7.0,4.941642422609304
Holiday in Bombay,1963.0,,Drama,5.8,19.0,1767.0,2082.0,2759.0,1998.0,3,0,7.0,2.995732273553991
Holiday: A Soldier is Never Off Duty,2014.0,160.0,"Action, Thriller",7.2,26163.0,16.0,145.0,2457.0,799.0,3,1,0.0,10.172139699081104
Hollywood,2003.0,130.0,"Comedy, Sci-Fi",7.0,196.0,608.0,692.0,704.0,233.0,3,1,4.0,5.2832037287379885
Home Delivery: Aapko... Ghar Tak,2005.0,151.0,"Comedy, Romance",3.1,600.0,2765.0,2508.0,1249.0,449.0,3,1,4.0,6.398594934535208
Home Stories,2020.0,47.0,Comedy,6.6,18.0,2882.0,288.0,363.0,2265.0,3,0,4.0,2.9444389791664403
Honeymoon,1973.0,128.0,"Comedy, Drama, Family",6.5,33.0,950.0,1130.0,205.0,1647.0,3,1,4.0,3.5263605246161616
Honeymoon,1992.0,160.0,"Comedy, Drama",5.6,51.0,2823.0,1835.0,2717.0,419.0,3,1,4.0,3.9512437185814275
Honeymoon Travels Pvt. Ltd.,2007.0,118.0,"Comedy, Drama, Romance",6.1,2411.0,2240.0,34.0,1388.0,553.0,3,1,4.0,7.788211557847076
Hope Aur Hum,2018.0,96.0,"Comedy, Drama, Family",6.3,414.0,2757.0,1405.0,1004.0,2991.0,3,1,4.0,6.028278520230698
Horn 'OK' Pleassss,2009.0,,Comedy,3.8,41.0,2137.0,1371.0,1490.0,2155.0,3,0,4.0,3.7376696182833684
Horror Night,2017.0,115.0,Horror,3.5,11.0,2817.0,1923.0,972.0,2557.0,3,0,11.0,2.4849066497880004
Horror Story,2013.0,91.0,Horror,4.2,1747.0,421.0,1014.0,1608.0,913.0,3,0,11.0,7.466227556215481
Hoshiyar,1985.0,147.0,"Action, Comedy, Drama",4.7,33.0,1156.0,919.0,2325.0,427.0,3,1,0.0,3.5263605246161616
Hostel,2011.0,111.0,"Action, Crime, Drama",5.2,579.0,1465.0,2423.0,2666.0,1559.0,3,1,0.0,6.363028103540465
Hota Hai Dil Pyaar Mein Paagal,2006.0,118.0,Romance,5.1,15.0,1424.0,389.0,478.0,1411.0,3,0,15.0,2.772588722239781
Hote Hote Pyar Hogaya,1999.0,140.0,"Romance, Action, Crime",5.0,291.0,784.0,977.0,376.0,988.0,3,1,15.0,5.676753802268282
Hotel,1981.0,135.0,"Horror, Mystery",6.2,97.0,2665.0,2370.0,1527.0,2040.0,3,1,11.0,4.584967478670572
Hotel Beautifool,2017.0,130.0,Comedy,5.8,10.0,2424.0,1713.0,488.0,1081.0,3,0,4.0,2.3978952727983707
Hotel Milan,2018.0,130.0,"Comedy, Drama",3.8,78.0,3073.0,1104.0,1064.0,3060.0,3,1,4.0,4.3694478524670215
Hotel Mumbai,2018.0,123.0,"Action, Drama, History",7.6,56048.0,287.0,619.0,305.0,1645.0,3,1,0.0,10.933981587127947
Hotel Salvation,2016.0,102.0,"Comedy, Drama",7.1,2009.0,2657.0,69.0,1171.0,837.0,3,1,4.0,7.605890001053122
House Arrest,2019.0,104.0,Comedy,5.5,1486.0,2422.0,2080.0,124.0,2550.0,3,0,4.0,7.304515946460155
House No. 13,1991.0,112.0,Horror,5.8,36.0,459.0,1937.0,418.0,246.0,3,0,11.0,3.6109179126442243
House No. 44,1955.0,,"Crime, Drama",7.3,70.0,1396.0,616.0,1016.0,1106.0,3,1,5.0,4.2626798770413155
House No. 446,2021.0,,"Horror, Thriller",7.8,8.0,1335.0,2412.0,2804.0,1882.0,3,1,11.0,2.1972245773362196
House of Memories,2000.0,130.0,"Drama, Family",7.3,311.0,307.0,2206.0,276.0,2172.0,3,1,7.0,5.7430031878094825
Houseful,2009.0,127.0,Drama,6.4,37.0,470.0,1577.0,2022.0,2647.0,3,0,7.0,3.6375861597263857
Housefull,2010.0,144.0,"Comedy, Romance",5.5,13169.0,2391.0,145.0,591.0,2169.0,3,1,4.0,9.485696794737327
Housefull 2,2012.0,145.0,"Action, Comedy, Musical",5.3,13576.0,2391.0,145.0,969.0,424.0,3,1,0.0,9.51613246360028
Housefull 3,2016.0,140.0,"Action, Comedy, Romance",5.0,8653.0,2389.0,702.0,114.0,48.0,3,1,0.0,9.06577692078483
Housefull 4,2019.0,145.0,"Action, Comedy, Drama",3.5,10908.0,773.0,145.0,2153.0,2169.0,3,1,0.0,9.297343415597757
Howrah Bridge,1958.0,153.0,"Musical, Thriller",6.9,200.0,2563.0,1165.0,358.0,1106.0,3,1,13.0,5.303304908059076
Hu Tu Tu,1999.0,172.0,Drama,6.4,442.0,869.0,1389.0,2552.0,2771.0,3,0,7.0,6.093569770045136
Hukumat,1987.0,130.0,"Action, Drama",6.1,140.0,264.0,631.0,1975.0,2449.0,3,1,0.0,4.948759890378168
Hulchul,1951.0,,Drama,7.5,54.0,2327.0,1400.0,2434.0,717.0,3,0,7.0,4.007333185232471
Hulchul,1995.0,152.0,"Action, Romance, Comedy",4.6,416.0,244.0,2487.0,90.0,1114.0,3,1,0.0,6.0330862217988015
Hulchul,1971.0,149.0,"Adventure, Comedy, Crime",7.1,83.0,1742.0,1492.0,1759.0,1324.0,3,1,1.0,4.430816798843313
Hulchul,2004.0,149.0,"Action, Comedy, Drama",7.0,7251.0,1924.0,148.0,1059.0,207.0,3,1,0.0,8.889032571874742
Hulla,2008.0,107.0,"Comedy, Drama",6.4,234.0,1040.0,2297.0,1068.0,1988.0,3,1,4.0,5.459585514144159
Hum,1991.0,184.0,"Action, Comedy, Drama",6.8,2794.0,1606.0,206.0,1897.0,868.0,3,1,0.0,7.9355873855892
Hum Aapke Dil Mein Rehte Hain,1999.0,168.0,"Drama, Romance",5.7,1564.0,2508.0,250.0,1011.0,312.0,3,1,7.0,7.355641102974253
Hum Aapke Hain Koun...!,1994.0,206.0,"Comedy, Drama, Musical",7.5,19669.0,2698.0,1167.0,2150.0,1520.0,3,1,4.0,9.886849911383104
Hum Bhi Insaan Hain,1948.0,,Drama,7.1,16.0,1824.0,616.0,1948.0,184.0,3,0,7.0,2.833213344056216
Hum Bhi Insaan Hain,1989.0,149.0,"Action, Crime, Drama",5.8,37.0,1477.0,1969.0,900.0,1654.0,3,1,0.0,3.6375861597263857
Hum Chaar,2019.0,143.0,Drama,5.7,286.0,62.0,1609.0,2432.0,293.0,3,0,7.0,5.659482215759621
Hum Dil De Chuke Sanam,1999.0,177.0,"Comedy, Drama, Musical",7.5,17490.0,2457.0,101.0,2150.0,104.0,3,1,4.0,9.769441741907062
Hum Do Anjaane,2011.0,,"Action, Crime, Drama",3.3,15.0,1547.0,1398.0,235.0,988.0,3,1,0.0,2.772588722239781
Hum Do Hamare Do,1984.0,,"Drama, Family",5.2,11.0,447.0,1667.0,2436.0,2532.0,3,1,7.0,2.4849066497880004
Hum Dono,1985.0,156.0,"Comedy, Family, Musical",6.6,56.0,448.0,1702.0,818.0,2130.0,3,1,4.0,4.04305126783455
Hum Dono,1961.0,164.0,"Drama, Musical, Romance",7.5,394.0,185.0,616.0,1493.0,2248.0,3,1,7.0,5.978885764901122
Hum Dono,1995.0,154.0,"Action, Comedy, Thriller",6.3,192.0,2543.0,1835.0,1490.0,1805.0,3,1,0.0,5.262690188904886
Hum Dum,2005.0,,"Comedy, Romance",6.9,99.0,1361.0,1860.0,232.0,491.0,3,1,4.0,4.605170185988092
Hum Ek Hain,1946.0,121.0,Drama,7.1,28.0,1767.0,684.0,1022.0,682.0,3,0,7.0,3.367295829986474
Hum Farishte Nahin,1988.0,,"Action, Thriller",4.7,15.0,1066.0,1667.0,1632.0,666.0,3,1,0.0,2.772588722239781
Hum Hai Raahi CAR Ke,2013.0,,"Comedy, Romance",3.0,145.0,1139.0,617.0,50.0,2330.0,3,1,4.0,4.983606621708336
Hum Hai Teen Khurafaati,2014.0,126.0,Comedy,6.2,10.0,2756.0,1364.0,1306.0,2489.0,3,0,4.0,2.3978952727983707
Hum Hain Bemisaal,1994.0,145.0,"Action, Crime, Drama",4.8,586.0,646.0,593.0,114.0,2715.0,3,1,0.0,6.375024819828097
Hum Hain Kamaal Ke,1993.0,142.0,"Action, Comedy, Crime",5.5,177.0,3020.0,2087.0,2520.0,1110.0,3,1,0.0,5.181783550292085
Hum Hain Karan Arjun,1994.0,,Action,5.7,10.0,751.0,1378.0,1950.0,595.0,3,0,0.0,2.3978952727983707
Hum Hain Lajawaab,1984.0,,"Action, Comedy, Drama",4.4,18.0,1567.0,1099.0,1647.0,1535.0,3,1,0.0,2.9444389791664403
Hum Hain Pyaar Mein,2002.0,,"Drama, Romance",3.2,6.0,1273.0,1737.0,1549.0,922.0,3,1,7.0,1.9459101490553132
Hum Hain Rahi Pyar Ke,1993.0,163.0,"Comedy, Drama, Romance",7.4,5476.0,1422.0,18.0,982.0,2466.0,3,1,4.0,8.608312784783722
Hum Hindustani,1960.0,,"Drama, Family",7.2,55.0,2155.0,2262.0,977.0,391.0,3,1,7.0,4.02535169073515
Hum Ho Gaye Aap Ke,2001.0,168.0,"Drama, Musical, Romance",4.2,399.0,101.0,2263.0,686.0,2128.0,3,1,7.0,5.991464547107982
Hum Intezaar Karenge,1989.0,,"Drama, Romance",5.5,25.0,1844.0,1304.0,1647.0,2982.0,3,1,7.0,3.258096538021482
Hum Kaun Hai?,2004.0,119.0,"Horror, Drama, Mystery",3.6,322.0,2223.0,206.0,629.0,703.0,3,1,11.0,5.777652323222656
Hum Kisi Se Kum Nahin,2002.0,161.0,"Action, Comedy, Drama",4.4,1351.0,629.0,206.0,2195.0,384.0,3,1,0.0,7.20934025660291
Hum Kisise Kum Naheen,1977.0,169.0,"Action, Comedy, Drama",7.2,477.0,1680.0,1835.0,2632.0,1107.0,3,1,0.0,6.169610732491456
Hum Log,1951.0,144.0,Drama,6.5,15.0,3135.0,1490.0,2411.0,754.0,3,0,7.0,2.772588722239781
Hum Nahin Sudhrenge,1980.0,122.0,"Comedy, Crime, Drama",5.6,11.0,402.0,389.0,2844.0,2167.0,3,1,4.0,2.4849066497880004
Hum Naujawan,1985.0,137.0,"Drama, Thriller",5.3,69.0,670.0,616.0,491.0,2147.0,3,1,7.0,4.248495242049359
Hum Paanch,1980.0,163.0,"Action, Drama",6.5,189.0,472.0,1980.0,2263.0,1494.0,3,1,0.0,5.247024072160486
Hum Panchhi Ek Daal Ke,1957.0,,Drama,6.7,11.0,1767.0,1259.0,2235.0,628.0,3,0,7.0,2.4849066497880004
Hum Panchi Ek Daal Ke,2003.0,,"Adventure, Fantasy",4.7,16.0,1370.0,101.0,360.0,2715.0,3,1,1.0,2.833213344056216
Hum Phirr Milein Na Milein,2009.0,,"Drama, Romance",4.0,7.0,1464.0,1999.0,1112.0,2960.0,3,1,7.0,2.0794415416798357
Hum Pyar Tumhi Se Kar Baithe,2002.0,138.0,"Musical, Romance",5.7,46.0,1570.0,948.0,2652.0,2243.0,3,1,13.0,3.8501476017100584
Hum Rahe Na Hum,1984.0,,Drama,6.4,12.0,591.0,1043.0,2748.0,2417.0,3,0,7.0,2.5649493574615367
Hum Saath-Saath Hain: We Stand United,1999.0,177.0,"Drama, Musical",6.3,7359.0,2698.0,1324.0,2150.0,2271.0,3,1,7.0,8.903815211722922
Hum Sab Chor Hain,1995.0,143.0,"Action, Drama, Romance",3.5,37.0,187.0,919.0,607.0,1129.0,3,1,0.0,3.6375861597263857
Hum Sab Ustad Hain,1965.0,,"Action, Comedy",6.7,22.0,1511.0,1067.0,563.0,2496.0,3,1,0.0,3.1354942159291497
Hum Se Badkar Kaun,1981.0,,"Adventure, Drama",6.0,42.0,646.0,500.0,1401.0,1503.0,3,1,1.0,3.7612001156935624
Hum Se Hai Zamana,1983.0,119.0,Action,6.0,47.0,646.0,1304.0,2864.0,637.0,3,0,0.0,3.871201010907891
Hum Se Na Takrana,1990.0,145.0,"Action, Crime, Drama",4.5,48.0,646.0,631.0,1401.0,264.0,3,1,0.0,3.8918202981106265
Hum Sey Hai Jahaan,2008.0,,Romance,3.5,18.0,1513.0,1246.0,1759.0,868.0,3,0,15.0,2.9444389791664403
Hum Tere Ashiq Hain,1979.0,,Drama,6.5,24.0,1914.0,919.0,818.0,203.0,3,0,7.0,3.2188758248682006
Hum To Chale Pardes,1988.0,137.0,Drama,5.8,19.0,2236.0,2082.0,1273.0,2017.0,3,0,7.0,2.995732273553991
Hum To Mohabbat Karega,2000.0,153.0,"Action, Comedy, Romance",2.7,384.0,1357.0,1025.0,479.0,2194.0,3,1,0.0,5.953243334287785
Hum Tum,2004.0,143.0,"Comedy, Drama, Romance",7.0,13486.0,1351.0,1925.0,1958.0,1211.0,3,1,4.0,9.509481537516857
Hum Tum Aur Ghost,2010.0,125.0,"Comedy, Drama, Fantasy",4.7,673.0,1191.0,341.0,617.0,553.0,3,1,4.0,6.513230110912307
Hum Tum Aur Mom: Mother Never Misguides,2005.0,134.0,Drama,4.6,42.0,382.0,1677.0,1123.0,1520.0,3,0,7.0,3.7612001156935624
Hum Tum Aur Woh,1971.0,142.0,Drama,5.9,10.0,2624.0,376.0,2791.0,506.0,3,0,7.0,2.3978952727983707
Hum Tum Dushman Dushman,2015.0,114.0,"Drama, War",6.4,18.0,990.0,1245.0,2448.0,1557.0,3,1,7.0,2.9444389791664403
Hum Tum Pe Marte Hain,1999.0,165.0,"Comedy, Drama, Romance",5.3,488.0,1639.0,767.0,2689.0,722.0,3,1,4.0,6.192362489474872
Hum Tum Shabana,2011.0,126.0,"Comedy, Crime, Drama",3.6,291.0,2378.0,2376.0,2391.0,1484.0,3,1,4.0,5.676753802268282
Hum Tumhare Hain Sanam,2002.0,174.0,"Drama, Romance",5.4,6610.0,1180.0,2038.0,1234.0,2288.0,3,1,7.0,8.796490207333578
Humayun,1945.0,118.0,"Drama, History",7.5,46.0,1529.0,376.0,2730.0,1621.0,3,1,7.0,3.8501476017100584
Hume Tumse Pyaar Kitna,2019.0,91.0,"Action, Drama, Romance",4.9,115.0,1367.0,1022.0,1773.0,1345.0,3,1,0.0,4.7535901911063645
Humein Tumse Pyar Ho Gaya Chupke Chupke,2003.0,135.0,Drama,1.7,27.0,1874.0,1285.0,2418.0,726.0,3,0,7.0,3.332204510175204
Humjoli,1970.0,,"Comedy, Drama, Romance",5.9,84.0,2168.0,919.0,1188.0,1845.0,3,1,4.0,4.442651256490317
Humkadam,1980.0,124.0,"Musical, Drama, Family",6.7,26.0,254.0,1735.0,1668.0,545.0,3,1,13.0,3.295836866004329
Humko Deewana Kar Gaye,2006.0,155.0,"Drama, Romance",5.2,3977.0,2009.0,145.0,1073.0,541.0,3,1,7.0,8.288534459413917
Humko Tumse Pyaar Hai,2006.0,128.0,"Drama, Romance",4.8,552.0,553.0,331.0,153.0,550.0,3,1,7.0,6.315358001522335
Humlaa,1992.0,,"Action, Drama",4.7,51.0,1624.0,376.0,607.0,249.0,3,1,0.0,3.9512437185814275
Humne Jeena Seekh Liya,2007.0,149.0,Drama,6.9,51.0,1548.0,1496.0,2417.0,819.0,3,0,7.0,3.9512437185814275
Humpty Sharma Ki Dulhania,2014.0,133.0,"Comedy, Drama, Romance",6.0,11840.0,2590.0,2419.0,130.0,418.0,3,1,4.0,9.379323364330956
Humraaz,2002.0,173.0,"Action, Musical, Romance",6.4,3207.0,38.0,1251.0,479.0,138.0,3,1,0.0,8.073402968986406
Humsafar,1953.0,,"Drama, Romance",7.9,9.0,13.0,538.0,596.0,1123.0,3,1,7.0,2.302585092994046
Humsaya,1968.0,,"Action, Drama, Mystery",6.4,18.0,1129.0,1181.0,977.0,2464.0,3,1,0.0,2.9444389791664403
Humse Badhkar Kaun: The Entertainer,1998.0,,"Action, Comedy",3.3,119.0,645.0,2266.0,2126.0,2625.0,3,1,0.0,4.787491742782046
Humse Na Jeeta Koi,1983.0,120.0,Comedy,5.3,9.0,2616.0,211.0,1955.0,1971.0,3,0,4.0,2.302585092994046
Humshakal,1992.0,,"Action, Comedy, Drama",5.3,24.0,1206.0,2058.0,2791.0,1452.0,3,1,0.0,3.2188758248682006
Humshakal,1974.0,142.0,"Thriller, Mystery, Family",6.1,38.0,1049.0,1702.0,2623.0,1544.0,3,1,18.0,3.6635616461296463
Humshakals,2014.0,159.0,"Comedy, Drama, Romance",1.8,7840.0,2391.0,1925.0,2035.0,2047.0,3,1,4.0,8.967121656230923
Hungama,1971.0,,Comedy,7.1,39.0,2330.0,1067.0,2791.0,3058.0,3,0,4.0,3.6888794541139363
Hungama,2003.0,153.0,"Comedy, Drama, Romance",7.5,13768.0,1924.0,148.0,72.0,2155.0,3,1,4.0,9.530174967444372
Hungama in Dubai,2007.0,,Comedy,6.2,19.0,1514.0,1249.0,1344.0,454.0,3,0,4.0,2.995732273553991
Hunterrr,2015.0,141.0,"Comedy, Romance",7.0,5798.0,924.0,773.0,1827.0,2270.0,3,1,4.0,8.66544076787644
Husband Material,2018.0,156.0,"Comedy, Drama, Romance",6.9,7441.0,299.0,2317.0,42.0,2916.0,3,1,4.0,8.914894908906568
Husn aur Ishq,1966.0,,"Adventure, Fantasy",6.4,14.0,1674.0,1980.0,1164.0,959.0,3,1,1.0,2.70805020110221
Husn Ke Lootere,2001.0,,Action,3.8,6.0,2868.0,536.0,2229.0,2853.0,2,0,0.0,1.9459101490553132
Hyderabad Blues,1998.0,85.0,"Comedy, Drama, Romance",7.2,903.0,1650.0,1380.0,1914.0,2961.0,3,1,4.0,6.806829360392176
Hyderabad Blues 2,2004.0,,"Drama, Comedy",6.1,229.0,1650.0,2357.0,989.0,305.0,3,1,7.0,5.438079308923196
Hyderabad Nawabs,2006.0,118.0,Comedy,6.8,118.0,1364.0,1263.0,541.0,2890.0,3,0,4.0,4.77912349311153
Hyderabad Nawabs 2,2019.0,125.0,Comedy,5.2,27.0,1441.0,771.0,687.0,454.0,3,0,4.0,3.332204510175204
I - Proud to be an Indian,2004.0,129.0,"Action, Crime, Drama",6.1,526.0,1936.0,2171.0,2647.0,1524.0,3,1,0.0,6.267200548541362
I Am,2010.0,95.0,Drama,6.8,948.0,1747.0,951.0,1843.0,1943.0,3,0,7.0,6.855408798609928
I Am 24,2010.0,118.0,"Comedy, Romance",6.0,1185.0,2524.0,1688.0,1967.0,1672.0,3,1,4.0,7.078341579557671
"I Am Alone, So Are You...",2019.0,117.0,Romance,6.5,897.0,916.0,285.0,2858.0,2111.0,3,0,15.0,6.8001700683022
I Am Kalam,2010.0,88.0,"Comedy, Drama, Family",8.0,3895.0,1716.0,1457.0,772.0,907.0,3,1,4.0,8.267705664762426
I Am Mr Mother,2015.0,90.0,"Drama, Romance",5.7,23.0,967.0,1291.0,610.0,1571.0,3,1,7.0,3.1780538303479458
I Am Not Blind,2020.0,101.0,"Drama, Family",7.2,12.0,859.0,2472.0,166.0,2507.0,3,1,7.0,2.5649493574615367
I Am Offended,2015.0,102.0,Documentary,8.6,17.0,1040.0,2328.0,555.0,2986.0,3,0,6.0,2.8903717578961645
I Am Roshni,2018.0,80.0,"Drama, Family, Romance",5.4,11.0,1491.0,2293.0,236.0,3027.0,3,1,7.0,2.4849066497880004
I Am Zero,2019.0,,Drama,8.2,8.0,2820.0,1809.0,2677.0,2538.0,3,0,7.0,2.1972245773362196
I Did Not Kill Gandhi,2005.0,100.0,Drama,7.3,700.0,1036.0,296.0,2689.0,1784.0,3,0,7.0,6.55250788703459
I Don't Luv U,2013.0,120.0,Romance,6.0,25.0,196.0,890.0,2085.0,604.0,3,0,15.0,3.258096538021482
I Hate Luv Storys,2010.0,129.0,"Comedy, Drama, Romance",5.6,7675.0,1937.0,842.0,2468.0,2304.0,3,1,4.0,8.94585385712759
I Know You,2020.0,98.0,Horror,3.5,20.0,1083.0,88.0,1605.0,1581.0,3,0,11.0,3.044522437723423
I Love NY,2015.0,127.0,"Comedy, Romance",3.4,648.0,1984.0,2478.0,2557.0,1144.0,3,1,4.0,6.47543271670409
I Love You,1992.0,,"Drama, Romance",3.7,9.0,2970.0,1889.0,2375.0,207.0,3,1,7.0,2.302585092994046
I See You,2006.0,122.0,"Comedy, Drama, Fantasy",4.1,1119.0,3092.0,331.0,2796.0,615.0,3,1,4.0,7.02108396428914
I Was Born in Delhi,2011.0,93.0,Drama,3.7,7.0,534.0,2385.0,2681.0,2853.0,0,0,7.0,2.0794415416798357
"I, Me aur Main",2013.0,108.0,"Comedy, Drama, Musical",4.6,1824.0,1240.0,937.0,543.0,1827.0,3,1,4.0,7.509335266016592
I.D.,2012.0,87.0,Drama,6.9,152.0,1212.0,742.0,1465.0,2476.0,3,0,7.0,5.030437921392435
Idam Jagath,2018.0,126.0,"Action, Thriller",5.4,115.0,265.0,2251.0,233.0,640.0,3,1,0.0,4.7535901911063645
Identity Card,2014.0,92.0,"Comedy, Drama, Sci-Fi",5.9,63.0,1994.0,2351.0,711.0,1951.0,3,1,4.0,4.1588830833596715
Idiot Box,2010.0,131.0,"Comedy, Drama",4.5,38.0,2783.0,2297.0,836.0,1481.0,3,1,4.0,3.6635616461296463
III Smoking Barrels,2017.0,127.0,Drama,6.5,117.0,2476.0,2227.0,865.0,1376.0,3,0,7.0,4.770684624465665
Ikke Pe Ikka,1994.0,134.0,"Action, Comedy",3.6,631.0,2019.0,145.0,2302.0,1884.0,3,1,0.0,6.448889394146858
Ilaaka,1989.0,161.0,"Action, Drama",4.7,147.0,429.0,1304.0,2195.0,1338.0,3,1,0.0,4.997212273764115
Ilaaka Kishorganj,2018.0,,"Action, Thriller",5.9,18.0,1010.0,1857.0,2354.0,663.0,3,1,0.0,2.9444389791664403
Ilzaam,1986.0,164.0,"Drama, Family",6.0,95.0,2616.0,2082.0,2325.0,1971.0,3,1,7.0,4.564348191467836
Ilzam,1954.0,133.0,"Drama, Family, Romance",6.1,7.0,1959.0,1067.0,1355.0,994.0,3,1,7.0,2.0794415416798357
I'm in Love,2007.0,140.0,Action,9.2,36.0,2914.0,507.0,205.0,1208.0,3,0,0.0,3.6109179126442243
Imaan,1974.0,131.0,Romance,7.4,27.0,434.0,1980.0,1188.0,1082.0,3,0,15.0,3.332204510175204
Imaandaar,1987.0,152.0,"Action, Crime, Drama",5.4,62.0,2843.0,2455.0,472.0,593.0,3,1,0.0,4.143134726391533
Immaan Dharam,1977.0,156.0,"Action, Drama",5.7,177.0,669.0,2082.0,2202.0,199.0,3,1,0.0,5.181783550292085
Impatient Vivek,2011.0,,"Comedy, Drama, Romance",2.1,76.0,1994.0,2509.0,2253.0,2203.0,3,1,4.0,4.343805421853684
Imtihaan,1994.0,152.0,"Action, Drama, Romance",5.3,338.0,920.0,2270.0,2126.0,2107.0,3,1,0.0,5.82600010738045
Imtihan,1974.0,153.0,"Family, Drama",7.4,63.0,1408.0,2487.0,2623.0,692.0,3,1,8.0,4.1588830833596715
In Camera,2010.0,78.0,Documentary,6.4,14.0,2197.0,2385.0,2681.0,2853.0,0,0,6.0,2.70805020110221
In Custody,1994.0,126.0,"Comedy, Drama",7.1,348.0,1003.0,2082.0,2263.0,1746.0,3,1,4.0,5.855071922202427
In the Name of Tai,2012.0,143.0,Drama,5.9,7.0,2930.0,1519.0,373.0,463.0,3,0,7.0,2.0794415416798357
In the Shadows,2017.0,117.0,"Drama, Thriller",7.1,577.0,736.0,1224.0,1967.0,1663.0,3,1,7.0,6.359573868672378
In Their Shoes,2015.0,92.0,Documentary,6.8,41.0,410.0,2385.0,2681.0,2853.0,0,0,6.0,3.7376696182833684
In Your Name,2003.0,132.0,"Action, Drama, Romance",7.1,17628.0,2508.0,1939.0,459.0,2243.0,3,1,0.0,9.777300552285743
Inaam Dus Hazaar,1987.0,,"Action, Thriller",6.0,142.0,1139.0,1969.0,1357.0,207.0,3,1,0.0,4.962844630259907
Independence,1999.0,,"Action, Thriller",4.5,61.0,3045.0,1681.0,2485.0,618.0,3,1,0.0,4.127134385045092
India Untouched: Stories of a People Apart,2007.0,108.0,Documentary,8.9,208.0,2723.0,2385.0,2681.0,2853.0,0,0,6.0,5.342334251964811
Indian,2001.0,178.0,"Action, Crime, Drama",5.4,2213.0,1626.0,2270.0,2357.0,1965.0,3,1,0.0,7.7025561132685825
Indian Babu,2003.0,,"Drama, Romance",4.5,52.0,1373.0,917.0,779.0,1557.0,3,1,7.0,3.970291913552122
Indian Never Again Nirbhaya,2018.0,,Drama,6.5,27.0,518.0,995.0,1689.0,2152.0,3,0,7.0,3.332204510175204
India's Daughter,2015.0,63.0,"Documentary, Biography, Crime",8.2,1998.0,1382.0,367.0,420.0,2369.0,3,1,6.0,7.6004023345004
India's Daughter,2015.0,120.0,"Action, Crime, Drama",6.9,21.0,2302.0,1497.0,143.0,2998.0,3,1,0.0,3.091042453358316
India's Most Wanted,2019.0,123.0,"Action, Adventure, Thriller",4.5,1991.0,2014.0,327.0,2505.0,2010.0,3,1,0.0,7.596894438144544
Indira,1996.0,143.0,Drama,7.0,218.0,2762.0,298.0,328.0,1626.0,3,0,7.0,5.389071729816501
Indoo Ki Jawani,2020.0,118.0,"Comedy, Drama",3.0,5032.0,72.0,1049.0,64.0,1577.0,3,1,4.0,8.52377150677636
"Indradhanush, the Grey Shades of Love",2021.0,90.0,Mystery,8.8,5.0,1655.0,2323.0,2453.0,2853.0,2,0,14.0,1.791759469228055
Indrajeet,1991.0,,"Action, Drama",4.5,258.0,1189.0,206.0,934.0,1251.0,3,1,0.0,5.556828061699537
Indrani,1958.0,121.0,Drama,7.3,57.0,1719.0,2229.0,2701.0,535.0,3,0,7.0,4.060443010546419
Indrasabha,1932.0,211.0,"Musical, Romance",6.0,12.0,1014.0,1472.0,952.0,31.0,3,1,13.0,2.5649493574615367
Indrudu Chandrudu,1989.0,158.0,"Comedy, Drama",7.2,293.0,2829.0,982.0,2763.0,595.0,3,1,4.0,5.683579767338681
Indu Sarkar,2017.0,139.0,"Drama, Thriller",6.0,1446.0,1412.0,1063.0,2657.0,1680.0,3,1,7.0,7.277247726631484
Inimey Nangathan,2007.0,,Animation,6.5,23.0,2987.0,2385.0,2681.0,2853.0,0,0,2.0,3.1780538303479458
Inkaar,1977.0,135.0,"Mystery, Thriller",6.9,189.0,2019.0,2487.0,2747.0,2542.0,3,1,14.0,5.247024072160486
Inkaar,2013.0,125.0,"Drama, Romance, Thriller",6.0,2491.0,2753.0,331.0,543.0,2985.0,3,1,7.0,7.820840879907344
Inquilaab,1984.0,152.0,"Action, Drama, Thriller",5.8,271.0,2160.0,206.0,494.0,2871.0,3,1,0.0,5.605802066295998
Inquilab,1935.0,144.0,Drama,7.4,38.0,636.0,684.0,1769.0,2768.0,3,0,7.0,3.6635616461296463
Insaaf,1987.0,,"Action, Drama",6.7,68.0,1606.0,2487.0,629.0,2742.0,3,1,0.0,4.23410650459726
Insaaf,1966.0,129.0,"Action, Adventure, Drama",5.7,6.0,1981.0,1612.0,563.0,452.0,3,1,0.0,1.9459101490553132
Insaaf Apne Lahoo Se,1994.0,140.0,"Action, Drama",4.7,43.0,1372.0,2084.0,2195.0,2503.0,3,1,0.0,3.784189633918261
Insaaf Kaun Karega,1984.0,,"Action, Drama",4.9,44.0,2741.0,631.0,1897.0,1039.0,3,1,0.0,3.8066624897703196
Insaaf Ki Awaaz,1986.0,162.0,"Action, Drama",4.8,28.0,609.0,1818.0,207.0,2147.0,3,1,0.0,3.367295829986474
Insaaf Ki Devi,1992.0,,Action,3.0,25.0,2321.0,919.0,2003.0,1708.0,3,0,0.0,3.258096538021482
Insaaf Main Karoonga,1985.0,,"Crime, Mystery, Thriller",6.8,38.0,2616.0,1702.0,1647.0,2817.0,3,1,5.0,3.6635616461296463
Insaaf: The Final Justice,1997.0,155.0,"Action, Comedy, Drama",4.2,864.0,631.0,145.0,2357.0,1774.0,3,1,0.0,6.762729506931879
Insaaf: The Justice,2004.0,136.0,"Action, Drama",3.9,92.0,2648.0,665.0,1489.0,2335.0,3,1,0.0,4.532599493153256
Insaan,1982.0,150.0,"Action, Drama, Family",5.4,29.0,1670.0,919.0,2791.0,2130.0,3,1,0.0,3.4011973816621555
Insaan Aur Shaitan,1970.0,,Action,5.1,14.0,401.0,1980.0,697.0,2496.0,3,0,0.0,2.70805020110221
Insaan Bana Shaitan,1992.0,,Horror,3.4,11.0,1560.0,2037.0,274.0,2025.0,3,0,11.0,2.4849066497880004
Insaan Jaag Utha,1959.0,135.0,"Drama, Family, Musical",6.8,38.0,2563.0,2262.0,1230.0,1624.0,3,1,7.0,3.6635616461296463
Insaaniyat,1974.0,133.0,"Drama, Family",6.5,13.0,1905.0,2082.0,1224.0,2686.0,3,1,7.0,2.6390573296152584
Insaf Ka Mandir,1969.0,,"Crime, Drama",6.4,5.0,447.0,1980.0,2443.0,1586.0,3,1,5.0,1.791759469228055
Insaf Ka Tarazu,1980.0,146.0,"Crime, Drama",6.4,231.0,446.0,2549.0,1852.0,665.0,3,1,5.0,5.44673737166631
Insaf Ki Pukar,1987.0,,"Action, Drama",5.2,32.0,2160.0,631.0,949.0,264.0,3,1,0.0,3.4965075614664802
Insan,2005.0,141.0,"Action, Crime, Drama",4.6,1295.0,1164.0,145.0,90.0,2838.0,3,1,0.0,7.16703787691222
Insaniyat,1994.0,180.0,"Action, Crime, Drama",3.0,262.0,2916.0,2360.0,2111.0,1344.0,3,1,0.0,5.572154032177765
Insaniyat,1955.0,185.0,"Action, Drama, Romance",7.4,79.0,2347.0,657.0,596.0,536.0,3,1,0.0,4.382026634673881
Insaniyat Ke Devta,1993.0,,"Action, Drama",5.1,64.0,1171.0,2455.0,1918.0,2167.0,3,1,0.0,4.174387269895637
Insaniyat Ke Dushman,1987.0,145.0,Action,4.6,52.0,2107.0,631.0,2325.0,264.0,3,0,0.0,3.970291913552122
"Inshallah, Kashmir",2012.0,82.0,Documentary,6.8,131.0,392.0,1495.0,437.0,3016.0,3,0,6.0,4.882801922586371
Inspector,1957.0,,Action,5.6,15.0,2563.0,376.0,744.0,1469.0,3,0,0.0,2.772588722239781
Inspector Balram,1991.0,143.0,"Action, Drama, Thriller",6.9,342.0,969.0,1186.0,1464.0,1209.0,3,1,0.0,5.8377304471659395
Inspector Dhanush,1991.0,150.0,"Action, Drama",6.2,29.0,2665.0,2370.0,2808.0,2325.0,3,1,0.0,3.4011973816621555
Inspector Eagle,1979.0,,Adventure,6.1,7.0,3083.0,1980.0,1548.0,538.0,3,0,1.0,2.0794415416798357
Inspector Gullu,2018.0,124.0,Action,6.8,32.0,428.0,785.0,67.0,1926.0,3,0,0.0,3.4965075614664802
Inspector Pratap,1988.0,,Action,6.6,8.0,1661.0,1369.0,2763.0,2853.0,2,0,0.0,2.1972245773362196
Intaquam,1969.0,144.0,"Drama, Thriller",6.8,48.0,1963.0,376.0,2112.0,2332.0,3,1,7.0,3.8918202981106265
Inteha,1984.0,,"Drama, Family",5.3,9.0,2616.0,1667.0,1998.0,2438.0,3,1,7.0,2.302585092994046
Inteha,2003.0,155.0,"Action, Drama, Thriller",5.1,153.0,3035.0,374.0,2746.0,1632.0,3,1,0.0,5.0369526024136295
Inteha Pyar Ki,1992.0,159.0,"Drama, Family, Musical",3.8,30.0,1015.0,2455.0,274.0,427.0,3,1,7.0,3.4339872044851463
Inteqam,1988.0,,Drama,5.2,73.0,2107.0,2270.0,207.0,1202.0,3,0,7.0,4.30406509320417
Inteqam,2001.0,138.0,"Comedy, Crime",2.6,10.0,400.0,142.0,2654.0,1807.0,3,1,4.0,2.3978952727983707
Inteqam: The Perfect Game,2004.0,127.0,"Action, Thriller",5.0,85.0,1785.0,1224.0,884.0,1682.0,3,1,0.0,4.454347296253507
International Crook,1974.0,138.0,"Action, Crime",6.5,62.0,1773.0,631.0,2129.0,795.0,3,1,0.0,4.143134726391533
International Khiladi,1999.0,175.0,"Action, Crime, Drama",4.8,2082.0,2934.0,145.0,2670.0,1987.0,3,1,0.0,7.641564441260972
Intezar,1973.0,116.0,Drama,5.8,5.0,1569.0,1830.0,1646.0,480.0,3,0,7.0,1.791759469228055
Inth Ka Jawab Patthar,2002.0,,"Musical, Action",3.0,10.0,1553.0,2231.0,474.0,741.0,3,1,13.0,2.3978952727983707
Iqbal,2005.0,132.0,"Drama, Sport",8.1,16185.0,1650.0,2121.0,1510.0,2560.0,3,1,7.0,9.691901950055648
Iqraar,1979.0,,"Musical, Mystery",4.8,5.0,1197.0,500.0,317.0,3041.0,3,1,13.0,1.791759469228055
Iqraar: By Chance,2006.0,130.0,"Comedy, Romance",4.7,41.0,1159.0,181.0,2355.0,658.0,3,1,4.0,3.7376696182833684
Iraada,1991.0,,Drama,4.4,17.0,985.0,2084.0,1677.0,1538.0,3,0,7.0,2.8903717578961645
Irada,2017.0,109.0,"Drama, Mystery, Thriller",6.3,1284.0,308.0,1405.0,311.0,741.0,3,1,7.0,7.158513997329321
Is Pyaar Ko Kya Naam Doon,2001.0,,Comedy,5.8,50.0,2005.0,937.0,101.0,1746.0,3,0,4.0,3.9318256327243257
Is Raat Ki Subah Nahin,1996.0,131.0,"Crime, Thriller",6.7,279.0,2753.0,1365.0,2628.0,1217.0,3,1,5.0,5.634789603169249
Is She Raju?,2019.0,155.0,Comedy,5.0,38.0,2002.0,72.0,245.0,187.0,3,0,4.0,3.6635616461296463
Ishaara,1964.0,129.0,Drama,5.4,10.0,1142.0,945.0,2824.0,1045.0,3,0,7.0,2.3978952727983707
Ishaara,2008.0,152.0,Crime,4.7,7.0,687.0,241.0,1385.0,1505.0,3,0,5.0,2.0794415416798357
Ishaqzaade,2012.0,120.0,"Action, Drama, Romance",6.5,7145.0,891.0,327.0,1669.0,816.0,3,1,0.0,8.874308038583354
Ishk Actually,2013.0,103.0,Romance,2.6,143.0,271.0,1443.0,1815.0,1673.0,3,0,15.0,4.969813299576001
Ishk Ishk Ishk,1974.0,131.0,"Drama, Romance",7.3,59.0,670.0,616.0,2864.0,2417.0,3,1,7.0,4.0943445622221
Ishkq in Paris,2013.0,95.0,"Comedy, Romance",3.8,751.0,1915.0,1598.0,880.0,818.0,3,1,4.0,6.62273632394984
Ishq,1997.0,161.0,"Action, Comedy, Drama",6.9,10128.0,980.0,18.0,90.0,1090.0,3,1,0.0,9.223157875686796
Ishq Forever,2016.0,125.0,Romance,4.0,96.0,2414.0,1081.0,2080.0,1028.0,3,0,15.0,4.574710978503383
Ishq Hai Tumse,2004.0,148.0,Romance,3.1,151.0,789.0,665.0,471.0,488.0,3,0,15.0,5.0238805208462765
Ishq Ka Manjan,2017.0,135.0,"Comedy, Drama",5.8,12.0,2187.0,1362.0,373.0,2438.0,3,1,4.0,2.5649493574615367
Ishq Ke Parindey,2015.0,120.0,"Music, Romance",6.8,51.0,2559.0,1837.0,1788.0,1402.0,3,1,12.0,3.9512437185814275
Ishq Mein Jeena Ishq Mein Marna,1994.0,134.0,Romance,5.7,10.0,1435.0,674.0,487.0,2423.0,3,0,15.0,2.3978952727983707
Ishq Ne Krazy Kiya Re,2015.0,,Romance,7.6,18.0,1676.0,1491.0,1443.0,1723.0,3,0,15.0,2.9444389791664403
Ishq Par Zor Nahin,1970.0,,Romance,6.7,48.0,2180.0,1902.0,607.0,545.0,3,0,15.0,3.8918202981106265
Ishq Qayamat,2004.0,,Thriller,5.5,17.0,2949.0,2249.0,1385.0,662.0,3,0,18.0,2.8903717578961645
Ishq Tera,2018.0,122.0,"Drama, Romance, Thriller",5.5,12.0,1122.0,829.0,2272.0,1517.0,3,1,7.0,2.5649493574615367
Ishq Vishk,2003.0,134.0,"Comedy, Romance",6.0,3937.0,1271.0,2042.0,181.0,2504.0,3,1,4.0,8.278428259199071
Ishqedarriyaan,2015.0,132.0,Romance,4.8,151.0,2960.0,1299.0,1076.0,1515.0,3,0,15.0,5.0238805208462765
Ishqeria,2018.0,118.0,"Comedy, Romance",4.1,167.0,1918.0,1206.0,1852.0,2144.0,3,1,4.0,5.123963979403259
Ishqiya,2010.0,118.0,"Comedy, Drama, Romance",7.3,10075.0,60.0,2436.0,1510.0,360.0,3,1,4.0,9.2179116374725
Isi Ka Naam Zindagi,1992.0,140.0,"Action, Comedy, Drama",5.7,604.0,1203.0,18.0,688.0,427.0,3,1,0.0,6.405228458030842
Isi Life Mein...!,2010.0,139.0,"Comedy, Drama, Romance",5.4,391.0,2999.0,146.0,2181.0,1520.0,3,1,4.0,5.971261839790462
ISIS,2017.0,92.0,Action,6.4,18.0,3126.0,221.0,1433.0,2607.0,3,0,0.0,2.9444389791664403
ISIS: Enemies of Humanity,2017.0,135.0,Action,7.5,8.0,3126.0,2537.0,1312.0,2096.0,3,0,0.0,2.1972245773362196
Iski Topi Uske Sarr,1998.0,129.0,"Action, Crime, Drama",4.4,45.0,2122.0,343.0,1759.0,2720.0,3,1,0.0,3.828641396489095
Island City,2015.0,108.0,Drama,6.7,315.0,2297.0,2476.0,184.0,2781.0,3,0,7.0,5.755742213586912
Issaq,2013.0,148.0,"Drama, Romance",4.5,439.0,1475.0,1589.0,187.0,2112.0,3,1,7.0,6.0867747269123065
Issi Ka Naam Dunia Hai,1962.0,130.0,"Drama, Music",6.7,6.0,2563.0,376.0,2411.0,1469.0,3,1,7.0,1.9459101490553132
It Happens That Way Too: Part II,2003.0,137.0,"Comedy, Crime, Drama",7.3,719.0,2593.0,341.0,1738.0,2321.0,3,1,4.0,6.579251212010101
Iti Mrinalini: An Unfinished Letter...,2010.0,131.0,Drama,6.8,503.0,307.0,1074.0,229.0,1988.0,3,0,7.0,6.222576268071369
Itihaas,1987.0,138.0,"Drama, Family",5.0,34.0,2946.0,1635.0,2263.0,2104.0,3,1,7.0,3.5553480614894135
Itihaas,1997.0,154.0,"Action, Drama, Romance",3.5,292.0,2009.0,108.0,2670.0,207.0,3,1,0.0,5.680172609017068
Itni Si Baat,1981.0,138.0,"Comedy, Family",6.9,71.0,1410.0,1980.0,1436.0,369.0,3,1,4.0,4.276666119016055
It's Breaking News,2007.0,,"Crime, Drama",5.4,62.0,3071.0,2474.0,33.0,527.0,3,1,5.0,4.143134726391533
It's Entertainment,2014.0,140.0,"Action, Comedy, Drama",4.5,7875.0,2389.0,702.0,114.0,2777.0,3,1,0.0,8.971575439759016
It's Rocking: Dard-E-Disco,2012.0,93.0,Comedy,4.3,9.0,385.0,389.0,314.0,726.0,3,0,4.0,2.302585092994046
Ittefaq,1969.0,104.0,"Crime, Mystery, Thriller",7.4,985.0,3106.0,1702.0,1493.0,2686.0,3,1,5.0,6.893656354602635
Ittefaq,2001.0,138.0,"Action, Comedy, Drama",4.5,80.0,2456.0,2266.0,1454.0,1802.0,3,1,0.0,4.394449154672439
Ittefaq,2017.0,105.0,"Crime, Mystery, Thriller",7.2,10842.0,44.0,2155.0,2457.0,138.0,3,1,5.0,9.291274989472182
Izzat,1937.0,108.0,Unknown,6.1,17.0,787.0,626.0,358.0,1138.0,3,0,19.0,2.8903717578961645
Izzat,1968.0,135.0,"Drama, Romance",7.0,74.0,2862.0,631.0,2623.0,1042.0,3,1,7.0,4.31748811353631
Izzat,1952.0,,Unknown,6.4,5.0,2873.0,89.0,950.0,1416.0,3,0,19.0,1.791759469228055
Izzat,1991.0,156.0,"Action, Drama",5.8,43.0,373.0,870.0,2186.0,877.0,3,1,0.0,3.784189633918261
Izzat Ki Roti,1993.0,,Drama,4.9,76.0,1154.0,2389.0,472.0,1090.0,3,0,7.0,4.343805421853684
Izzatdaar,1990.0,172.0,"Action, Crime, Drama",5.0,183.0,1146.0,891.0,622.0,868.0,3,1,0.0,5.214935757608986
J.D.,2017.0,127.0,Drama,5.3,18.0,2552.0,1829.0,323.0,1023.0,3,0,7.0,2.9444389791664403
Jaadugar,1989.0,173.0,"Comedy, Fantasy",4.1,484.0,1867.0,206.0,934.0,212.0,3,1,4.0,6.184148890937483
Jaag Utha Insan,1984.0,,"Drama, Family",6.2,69.0,1168.0,1304.0,2488.0,2040.0,3,1,7.0,4.248495242049359
Jaago,2004.0,122.0,"Crime, Drama, Thriller",6.5,154.0,1535.0,1971.0,1980.0,1407.0,3,1,5.0,5.043425116919247
Jaagruti,1993.0,134.0,"Action, Drama",4.2,973.0,2829.0,1939.0,1065.0,411.0,3,1,0.0,6.881411303642535
Jaal,1952.0,165.0,"Crime, Thriller",7.2,115.0,879.0,616.0,744.0,1106.0,3,1,5.0,4.7535901911063645
Jaal,1986.0,,"Action, Drama, Thriller",5.0,103.0,2934.0,1818.0,1401.0,1375.0,3,1,0.0,4.6443908991413725
Jaal,1967.0,156.0,"Action, Crime, Drama",5.8,31.0,1586.0,503.0,1258.0,2686.0,3,1,0.0,3.4657359027997265
Jaal Saaz,1969.0,136.0,Action,6.9,8.0,1557.0,317.0,430.0,490.0,3,0,0.0,2.1972245773362196
Jaal: The Trap,2003.0,142.0,"Action, Drama, Romance",4.1,459.0,865.0,2270.0,2607.0,2128.0,3,1,0.0,6.131226489483141
Jaali Note,1960.0,155.0,"Action, Crime, Drama",7.3,77.0,2563.0,616.0,1230.0,1266.0,3,1,0.0,4.356708826689592
Jaalsaaz,1999.0,,Thriller,6.4,15.0,2624.0,986.0,1223.0,2201.0,3,0,18.0,2.772588722239781
Jaan,1996.0,170.0,"Action, Drama, Romance",4.1,540.0,2009.0,108.0,2670.0,207.0,3,1,0.0,6.293419278846481
Jaan Hatheli Pe,1987.0,160.0,Action,5.6,48.0,1990.0,631.0,949.0,920.0,3,0,0.0,3.8918202981106265
Jaan Hazir Hai,1975.0,140.0,Drama,5.9,7.0,1487.0,2389.0,847.0,1013.0,3,0,7.0,2.0794415416798357
Jaan Ki Baazi,1985.0,139.0,Action,4.7,43.0,118.0,1969.0,219.0,316.0,3,0,0.0,3.784189633918261
Jaan Lada Denge,1990.0,137.0,Action,6.6,5.0,715.0,810.0,2124.0,1630.0,3,0,0.0,1.791759469228055
Jaan Likhu Janam Likhu,2001.0,,"Music, Romance",3.3,9.0,2547.0,417.0,2681.0,2853.0,1,1,12.0,2.302585092994046
Jaan Pechaan,1991.0,,"Comedy, Drama",4.3,10.0,1219.0,2093.0,2506.0,2377.0,3,1,4.0,2.3978952727983707
Jaan Se Pyaara,1992.0,180.0,"Action, Crime, Drama",5.3,106.0,223.0,767.0,642.0,371.0,3,1,0.0,4.672828834461906
Jaan Tere Naam,1992.0,150.0,"Drama, Romance",5.9,147.0,648.0,1862.0,691.0,2691.0,3,1,7.0,4.997212273764115
Jaana Pehchana,2011.0,,Drama,4.8,26.0,2368.0,1895.0,472.0,1919.0,3,0,7.0,3.295836866004329
Jaana... Let's Fall in Love,2006.0,,"Comedy, Drama, Romance",5.7,34.0,2549.0,1702.0,2864.0,2132.0,3,1,4.0,3.5553480614894135
Jaanam,1992.0,127.0,Romance,4.6,68.0,3035.0,1659.0,1707.0,1774.0,3,0,15.0,4.23410650459726
Jaanam Samjha Karo,1999.0,153.0,"Drama, Romance",4.8,1705.0,241.0,1939.0,2689.0,1019.0,3,1,7.0,7.441906728051625
Jaandaar,1979.0,,"Action, Crime, Thriller",4.6,5.0,2326.0,2489.0,468.0,1342.0,3,1,0.0,1.791759469228055
Jaane Bhi Do Yaaro,1983.0,132.0,"Comedy, Crime, Drama",8.4,13465.0,1357.0,1405.0,1982.0,497.0,3,1,4.0,9.507923269105227
Jaane Hoga Kya,2006.0,155.0,"Action, Crime, Sci-Fi",2.7,167.0,276.0,759.0,757.0,87.0,3,1,0.0,5.123963979403259
Jaane Jigar,1998.0,175.0,"Comedy, Drama, Family",3.3,30.0,334.0,2320.0,900.0,450.0,3,1,4.0,3.4339872044851463
Jaane Kahan Se Aayi Hai,2010.0,94.0,"Comedy, Drama, Fantasy",3.8,570.0,1543.0,1622.0,114.0,990.0,3,1,4.0,6.3473892096560105
Jaane Kyun De Yaaron,2018.0,131.0,Drama,4.8,38.0,161.0,1364.0,111.0,1109.0,3,0,7.0,3.6635616461296463
Jaane Tu,2008.0,155.0,"Comedy, Drama, Romance",7.5,25819.0,39.0,842.0,749.0,1396.0,3,1,4.0,10.158904664400634
Jaane-Anjaane,1971.0,139.0,Drama,6.5,40.0,2563.0,2058.0,1188.0,2322.0,3,0,7.0,3.713572066704308
Jaan-E-Bahaar,1979.0,,"Drama, Family, Romance",6.4,7.0,1865.0,389.0,1295.0,1429.0,3,1,7.0,2.0794415416798357
Jaanejaan,1983.0,,"Romance, Thriller",4.2,5.0,2174.0,1763.0,1559.0,111.0,3,1,15.0,1.791759469228055
Jaaneman,1976.0,110.0,"Crime, Drama, Romance",6.8,48.0,591.0,616.0,818.0,1874.0,3,1,5.0,3.8918202981106265
Jaan-E-Mann: Let's Fall in Love... Again,2006.0,165.0,"Comedy, Drama, Musical",6.1,8218.0,2621.0,1939.0,114.0,1869.0,3,1,4.0,9.0142038261485
Jaani Dost,1983.0,153.0,"Action, Comedy, Drama",5.8,70.0,1156.0,631.0,949.0,1781.0,3,1,0.0,4.2626798770413155
Jaani Dushman,1979.0,154.0,"Action, Horror, Mystery",6.1,455.0,2107.0,2262.0,2202.0,2480.0,3,1,0.0,6.1224928095143865
Jaani Dushman: Ek Anokhi Kahani,2002.0,170.0,"Action, Fantasy, Thriller",2.8,3240.0,2107.0,2270.0,304.0,1393.0,3,1,0.0,8.083637203141548
Jaanisaar,2015.0,124.0,"Drama, Romance",5.0,116.0,1622.0,840.0,1693.0,1580.0,3,1,7.0,4.762173934797756
Jaanleva Black Blood,2012.0,,Mystery,6.0,14.0,2138.0,1702.0,1975.0,2824.0,3,0,14.0,2.70805020110221
Jaanoo,1985.0,,"Drama, Family, Romance",5.3,24.0,1044.0,870.0,1162.0,2104.0,3,1,7.0,3.2188758248682006
Jaanwar,1999.0,172.0,"Action, Crime, Drama",6.0,2578.0,2789.0,145.0,1065.0,2511.0,3,1,0.0,7.8551570058813445
Jaanwar,1982.0,,"Action, Adventure, Drama",6.8,43.0,2304.0,1702.0,2864.0,1831.0,3,1,0.0,3.784189633918261
Jaanwar Aur Insaan,1972.0,155.0,"Action, Adventure, Thriller",6.3,36.0,2886.0,2082.0,1921.0,2420.0,3,1,0.0,3.6109179126442243
Jaaydaad,1989.0,129.0,"Crime, Drama",4.2,16.0,718.0,2082.0,1852.0,1325.0,3,1,5.0,2.833213344056216
Jab Andhera Hota Hai,1974.0,,"Crime, Drama, Mystery",6.1,9.0,646.0,2466.0,1763.0,1324.0,3,1,5.0,2.302585092994046
Jab Harry Met Sejal,2017.0,143.0,"Comedy, Drama, Romance",5.3,19349.0,973.0,2038.0,269.0,546.0,3,1,4.0,9.870447698457928
Jab Jab Phool Khile,1965.0,141.0,"Musical, Romance",6.9,278.0,2819.0,1390.0,2321.0,88.0,3,1,13.0,5.631211781821365
Jab Pyar Kisise Hota Hai,1961.0,139.0,"Comedy, Drama, Musical",6.8,120.0,1680.0,616.0,337.0,2695.0,3,1,4.0,4.795790545596741
Jab Pyar Kiya to Darna Kya,1991.0,,Drama,4.5,10.0,1128.0,2360.0,26.0,416.0,3,0,7.0,2.3978952727983707
Jab Se Tumhe Dekha Hai,1963.0,136.0,"Drama, Romance",6.2,26.0,1269.0,1563.0,744.0,2579.0,3,1,7.0,3.295836866004329
Jab Tak Hai Jaan,2012.0,176.0,"Drama, Romance",6.7,52231.0,3106.0,2038.0,1073.0,321.0,3,1,7.0,10.863450612866469
Jab Tum Kaho,2016.0,94.0,Drama,5.6,14.0,2574.0,1532.0,149.0,188.0,3,0,7.0,2.70805020110221
Jab We Met,2007.0,138.0,"Comedy, Drama, Romance",7.9,49012.0,973.0,2042.0,1059.0,2801.0,3,1,4.0,10.799840848027767
Jab Yaad Kisi Ki Aati Hai,1967.0,158.0,"Family, Romance",6.5,24.0,1677.0,1181.0,607.0,289.0,3,1,8.0,3.2188758248682006
Jabariya Jodi,2019.0,125.0,"Action, Comedy, Drama",4.4,1317.0,1887.0,2155.0,1669.0,1028.0,3,1,0.0,7.183870715062453
Jack & Dil,2018.0,98.0,"Comedy, Family",7.5,715.0,2367.0,203.0,284.0,2620.0,3,1,4.0,6.573680166960646
Jackpot,2013.0,132.0,"Comedy, Thriller",2.0,721.0,1200.0,1405.0,2559.0,2240.0,3,1,4.0,6.582025138892826
Jacqueline I Am Coming,2019.0,112.0,Drama,8.1,17.0,469.0,1645.0,1097.0,2439.0,3,0,7.0,2.8903717578961645
Jadoo,1951.0,,"Drama, Fantasy",5.8,8.0,41.0,2288.0,2410.0,1600.0,3,1,7.0,2.1972245773362196
Jadu Ka Shankh,1974.0,,"Adventure, Family, Fantasy",7.6,9.0,2384.0,1392.0,2527.0,850.0,3,1,1.0,2.302585092994046
Jadu Nagari,1986.0,,"Action, Adventure, Fantasy",4.0,9.0,1160.0,1991.0,2488.0,2853.0,2,1,0.0,2.302585092994046
Jadu Tona,1977.0,112.0,"Horror, Romance",6.1,46.0,2230.0,376.0,706.0,2130.0,3,1,11.0,3.8501476017100584
Jagadguru Aadi Sankaran,1977.0,,Unknown,8.0,7.0,1751.0,1366.0,1080.0,983.0,3,0,19.0,2.0794415416798357
Jaganmohini,1978.0,163.0,Fantasy,6.6,31.0,438.0,905.0,1502.0,1824.0,3,0,9.0,3.4657359027997265
Jagga Jasoos,2017.0,161.0,"Action, Adventure, Comedy",6.5,9428.0,297.0,1760.0,1073.0,2366.0,3,1,0.0,9.151545325465678
Jaggu,1975.0,,Crime,5.9,12.0,2417.0,956.0,861.0,1429.0,3,0,5.0,2.5649493574615367
Jaggu,2004.0,,Action,4.1,9.0,2190.0,1571.0,301.0,2128.0,3,0,0.0,2.302585092994046
Jaggu Bhai,1996.0,,Action,7.9,38.0,1559.0,1328.0,1950.0,2853.0,2,0,0.0,3.6635616461296463
Jagir,1984.0,135.0,"Action, Adventure, Drama",6.4,156.0,1872.0,631.0,2864.0,1494.0,3,1,0.0,5.056245805348308
Jagira,2001.0,139.0,"Action, Crime, Drama",5.1,17.0,1233.0,861.0,819.0,1798.0,3,1,0.0,2.8903717578961645
Jagriti,1955.0,138.0,"Comedy, Drama, Family",6.8,140.0,2519.0,36.0,1734.0,542.0,3,1,4.0,4.948759890378168
Jahan Ara,1964.0,,Romance,5.6,18.0,3053.0,463.0,1258.0,2478.0,3,0,15.0,2.9444389791664403
Jahan Jaaeyega Hamen Paaeyega,2007.0,137.0,"Action, Comedy, Crime",3.9,42.0,1056.0,767.0,647.0,2124.0,3,1,0.0,3.7612001156935624
Jahan Pyar Miley,1969.0,138.0,"Drama, Family",6.4,27.0,1380.0,2082.0,818.0,1586.0,3,1,7.0,3.332204510175204
Jahan Tum Le Chalo,1999.0,173.0,Romance,6.1,23.0,667.0,1758.0,2282.0,2626.0,3,0,15.0,3.1780538303479458
Jai Bangladesh,1971.0,,Comedy,6.5,12.0,968.0,656.0,151.0,947.0,3,0,4.0,2.5649493574615367
Jai Bhim Comrade,2011.0,199.0,Documentary,8.7,141.0,230.0,2385.0,2681.0,2853.0,0,0,6.0,4.955827057601261
Jai Chhathi Maa,2019.0,141.0,Family,7.8,8.0,1615.0,1595.0,1989.0,884.0,3,0,8.0,2.1972245773362196
Jai Chitod,1961.0,,"Action, History",7.0,11.0,1064.0,1463.0,1649.0,2051.0,3,1,0.0,2.4849066497880004
Jai Devaa,1993.0,,Romance,3.6,7.0,1373.0,1126.0,1401.0,637.0,3,0,15.0,2.0794415416798357
Jai Dhakshineshwari Kali Maa,1996.0,,Drama,6.7,11.0,2581.0,117.0,945.0,920.0,3,0,7.0,2.4849066497880004
Jai Ganesh Deva,2001.0,,Fantasy,3.5,6.0,1160.0,614.0,910.0,1734.0,3,0,9.0,1.9459101490553132
Jai Gangaajal,2016.0,149.0,"Crime, Drama",5.6,2455.0,1864.0,1622.0,1728.0,1373.0,3,1,5.0,7.806289289267033
Jai Hanuman,1948.0,,Musical,7.4,10.0,2171.0,1463.0,1638.0,2048.0,3,0,13.0,2.3978952727983707
Jai Ho,2014.0,135.0,"Action, Drama",5.1,18411.0,2686.0,1939.0,558.0,2771.0,3,1,0.0,9.820757904937132
Jai Ho! Democracy,2015.0,85.0,"Comedy, War",5.2,55.0,522.0,1773.0,400.0,749.0,3,1,4.0,4.02535169073515
Jai Jagannath,2007.0,127.0,"Drama, Fantasy, History",7.9,37.0,2360.0,2220.0,486.0,2413.0,3,1,7.0,3.6375861597263857
Jai Jawaan Jai Kisaan,2015.0,100.0,"Biography, Drama, History",5.2,28.0,1542.0,1786.0,1034.0,2163.0,3,1,3.0,3.367295829986474
Jai Kaali,1992.0,,Thriller,5.7,11.0,1714.0,809.0,949.0,1774.0,3,0,18.0,2.4849066497880004
Jai Kishen,1994.0,129.0,"Action, Drama",5.1,623.0,2794.0,145.0,390.0,588.0,3,1,0.0,6.436150368369428
Jai Maa Vaishno Devi,1994.0,,Drama,8.3,47.0,2599.0,1731.0,722.0,694.0,3,0,7.0,3.871201010907891
Jai Mahakali,1951.0,162.0,Fantasy,7.2,5.0,701.0,1463.0,2281.0,2847.0,3,0,9.0,1.791759469228055
Jai Mahalaxmi Maa,1976.0,,Fantasy,7.2,8.0,3023.0,373.0,1031.0,261.0,3,0,9.0,2.1972245773362196
Jai Mahalaxmi Maa,1997.0,,Drama,6.0,8.0,1837.0,389.0,1907.0,2002.0,3,0,7.0,2.1972245773362196
Jai Mummy Di,2020.0,103.0,"Comedy, Drama, Romance",3.6,827.0,1687.0,1555.0,2563.0,2724.0,3,1,4.0,6.71901315438526
Jai Santoshi Maa,1975.0,145.0,"Drama, Fantasy",6.2,118.0,3023.0,463.0,346.0,1140.0,3,1,7.0,4.77912349311153
Jai Santoshi Maa,2006.0,,"Drama, Family",6.6,33.0,104.0,1489.0,1172.0,2336.0,3,1,7.0,3.5263605246161616
Jai Shiv Shankar,1990.0,90.0,Drama,5.3,19.0,2321.0,1702.0,949.0,722.0,3,0,7.0,2.995732273553991
Jai Surya,2004.0,,"Action, Crime, Drama",4.1,17.0,1493.0,1670.0,1083.0,1275.0,3,1,0.0,2.8903717578961645
Jai Veeru: Friends Forever,2009.0,160.0,"Action, Adventure, Crime",3.6,271.0,1936.0,700.0,1157.0,711.0,3,1,0.0,5.605802066295998
Jai Vikraanta,1995.0,195.0,Action,5.0,87.0,2772.0,1969.0,2862.0,207.0,3,0,0.0,4.477336814478207
Jail,2009.0,131.0,Drama,6.2,1242.0,1412.0,1224.0,378.0,1680.0,3,0,7.0,7.1252830915107115
Jail Yatra,1947.0,,Unknown,6.8,10.0,802.0,677.0,797.0,924.0,3,0,19.0,2.3978952727983707
Jail Yatra,1981.0,,"Action, Romance",6.6,39.0,496.0,376.0,2791.0,2130.0,3,1,0.0,3.6888794541139363
Jailor,1958.0,,"Crime, Drama",6.0,12.0,2691.0,2176.0,744.0,38.0,3,1,5.0,2.5649493574615367
Jaise Ko Taisa,1973.0,134.0,"Drama, Family",5.3,35.0,1617.0,919.0,1998.0,2655.0,3,1,7.0,3.58351893845611
Jaisi Karni Waisi Bharni,1989.0,168.0,"Comedy, Drama",5.6,223.0,3042.0,767.0,1096.0,1110.0,3,1,4.0,5.4116460518550396
Jai-Vijay,1977.0,152.0,"Action, Adventure, Drama",5.2,16.0,1362.0,919.0,1998.0,1873.0,3,1,0.0,2.833213344056216
Jajantaram Mamantaram,2003.0,122.0,"Action, Adventure, Comedy",5.8,864.0,2701.0,897.0,772.0,1085.0,3,1,0.0,6.762729506931879
Jal,2013.0,126.0,Drama,6.7,454.0,838.0,1628.0,2621.0,1212.0,3,0,7.0,6.12029741895095
Jal Bin Machhli Nritya Bin Bijli,1971.0,,"Musical, Romance",6.9,31.0,2579.0,1961.0,2726.0,948.0,3,1,13.0,3.4657359027997265
Jal Mahal,1980.0,130.0,Fantasy,5.7,15.0,1990.0,919.0,2003.0,692.0,3,0,9.0,2.772588722239781
Jalebi,2018.0,112.0,"Drama, Romance",6.0,2479.0,1942.0,1822.0,2720.0,714.0,3,1,7.0,7.8160138391590275
Jallaad,1995.0,144.0,"Action, Drama",5.7,162.0,2864.0,1304.0,1223.0,2055.0,3,1,0.0,5.093750200806762
Jallad No. 1,2000.0,,"Action, Drama",4.7,26.0,1233.0,861.0,607.0,2438.0,3,1,0.0,3.295836866004329
Jallian Wala Bagh,1977.0,185.0,History,7.0,33.0,463.0,2030.0,774.0,2981.0,3,0,10.0,3.5263605246161616
Jalpari: The Desert Mermaid,2012.0,94.0,"Drama, Family, Mystery",7.1,375.0,1716.0,1457.0,1192.0,1234.0,3,1,7.0,5.929589143389895
Jalte Badan,1973.0,,Drama,5.7,15.0,2164.0,1102.0,1099.0,1660.0,3,0,7.0,2.772588722239781
Jalwa,1987.0,134.0,"Action, Thriller",6.6,149.0,1785.0,1405.0,289.0,2807.0,3,1,0.0,5.0106352940962555
Jalwa: Fun in Love,2005.0,,"Comedy, Drama",4.4,10.0,2103.0,725.0,1562.0,627.0,3,1,4.0,2.3978952727983707
Jamai Raja,1990.0,,"Drama, Romance",5.4,533.0,1309.0,809.0,207.0,1338.0,3,1,7.0,6.280395838960195
James,2005.0,,"Action, Romance",3.7,330.0,2275.0,1320.0,1787.0,1501.0,3,1,0.0,5.802118375377063
Jamun,2021.0,92.0,"Drama, Family",7.5,409.0,814.0,1645.0,2402.0,2722.0,3,1,7.0,6.016157159698354
Jan Pahchan,1950.0,114.0,"Drama, Romance",7.1,61.0,768.0,1400.0,1853.0,1057.0,3,1,7.0,4.127134385045092
Janam Janam,1988.0,,"Mystery, Romance, Thriller",5.7,43.0,3022.0,1835.0,562.0,207.0,3,1,14.0,3.784189633918261
Janam Janam Ke Phere: Alias Sati Anapurna,1957.0,,"Drama, Family",5.7,6.0,1482.0,1463.0,1278.0,460.0,3,1,7.0,1.9459101490553132
Janam Kundli,1995.0,157.0,"Action, Drama",4.0,27.0,2892.0,919.0,2791.0,2130.0,3,1,0.0,3.332204510175204
Janam Se Pehle,1994.0,150.0,"Crime, Thriller",4.0,14.0,447.0,1667.0,688.0,2701.0,3,1,5.0,2.70805020110221
Janani,2006.0,124.0,"Drama, Romance",4.4,28.0,567.0,455.0,390.0,2632.0,3,1,7.0,3.367295829986474
Janasheen,2003.0,162.0,"Musical, Action, Drama",2.9,358.0,783.0,714.0,686.0,576.0,3,1,13.0,5.883322388488279
Janata Ki Adalat,1994.0,,Musical,5.1,31.0,2864.0,1901.0,2526.0,427.0,3,0,13.0,3.4657359027997265
Janbaaz,1986.0,175.0,"Action, Drama",6.2,662.0,783.0,714.0,207.0,722.0,3,1,0.0,6.4967749901858625
Jangal Mein Mangal,1972.0,140.0,"Adventure, Romance",6.7,64.0,2063.0,1055.0,1998.0,2631.0,3,1,1.0,4.174387269895637
Jango,2016.0,110.0,Mystery,2.7,11.0,75.0,1346.0,919.0,63.0,3,0,14.0,2.4849066497880004
Janleva 555,2012.0,140.0,"Musical, Romance, Thriller",4.2,20.0,2786.0,2113.0,1864.0,122.0,3,1,13.0,3.044522437723423
Janmabhoomi,1936.0,139.0,Drama,5.9,9.0,787.0,626.0,358.0,1841.0,3,0,7.0,2.302585092994046
Jannat,1949.0,,Unknown,7.1,8.0,1616.0,1815.0,1541.0,1572.0,3,0,19.0,2.1972245773362196
Jannat 2,2012.0,150.0,"Crime, Drama, Thriller",6.2,5333.0,1350.0,693.0,1954.0,772.0,3,1,5.0,8.58185670474196
Jannat E Milan,2018.0,135.0,Musical,2.8,8.0,2612.0,1832.0,2285.0,102.0,3,0,13.0,2.1972245773362196
Jannat: In Search of Heaven...,2008.0,140.0,"Crime, Drama, Romance",6.9,6080.0,1350.0,693.0,2458.0,358.0,3,1,5.0,8.71292443512011
Janta Hawaldar,1979.0,126.0,"Comedy, Crime, Drama",6.5,44.0,1531.0,1702.0,358.0,3035.0,3,1,4.0,3.8066624897703196
Janwar,1965.0,247.0,"Musical, Romance",7.0,168.0,496.0,2058.0,1911.0,2134.0,3,1,13.0,5.1298987149230735
Jappanil Kalyanaraman,1985.0,138.0,"Action, Comedy, Romance",6.0,121.0,2339.0,982.0,1819.0,2370.0,3,1,0.0,4.804021044733257
Jashnn: The Music Within,2009.0,125.0,"Drama, Musical, Romance",3.9,250.0,926.0,1736.0,53.0,2426.0,3,1,7.0,5.5254529391317835
Jattu Engineer,2017.0,139.0,Comedy,5.8,3336.0,958.0,778.0,1461.0,172.0,3,0,4.0,8.112827478751374
Jawaab,1985.0,,"Romance, Thriller",6.7,30.0,2225.0,2455.0,1852.0,1966.0,3,1,15.0,3.4339872044851463
Jawaani,1984.0,160.0,"Romance, Action, Drama",5.6,19.0,2174.0,1017.0,1547.0,1544.0,3,1,15.0,2.995732273553991
Jawaani Jaaneman,2020.0,119.0,"Comedy, Drama",6.6,6371.0,1729.0,1925.0,117.0,2771.0,3,1,4.0,8.759668671029939
Jawab,1970.0,134.0,"Action, Drama, Romance",5.2,20.0,2168.0,376.0,1355.0,1055.0,3,1,0.0,3.044522437723423
Jawab,1942.0,157.0,Drama,7.6,8.0,1764.0,1787.0,1639.0,91.0,3,0,7.0,2.1972245773362196
Jawab,1995.0,,"Action, Drama, Romance",4.1,45.0,118.0,1635.0,1065.0,898.0,3,1,0.0,3.828641396489095
Jawab,1955.0,,"Comedy, Crime, Drama",4.1,8.0,1002.0,740.0,1512.0,1082.0,3,1,4.0,2.1972245773362196
Jawab Ayega,1968.0,82.0,Family,6.0,5.0,1004.0,2041.0,2845.0,1449.0,3,0,8.0,1.791759469228055
Jawab Hum Denge,1987.0,135.0,Action,5.6,37.0,3020.0,870.0,2488.0,2480.0,3,0,0.0,3.6375861597263857
Jawan Muhabat,1971.0,,"Drama, Romance",6.9,29.0,496.0,2058.0,337.0,481.0,3,1,7.0,3.4011973816621555
Jawani Diwani,1972.0,,"Musical, Family, Romance",6.9,95.0,1670.0,1763.0,933.0,481.0,3,1,13.0,4.564348191467836
Jawani Diwani: A Youthful Joyride,2006.0,111.0,"Comedy, Drama, Romance",2.9,464.0,1473.0,693.0,501.0,938.0,3,1,4.0,6.142037405587356
Jawani Ke Gunah,1989.0,120.0,Drama,4.6,8.0,2340.0,1731.0,2124.0,2819.0,3,0,7.0,2.1972245773362196
Jawani Ki Hawa,1959.0,143.0,Drama,5.0,7.0,1391.0,1563.0,2824.0,1915.0,3,0,7.0,2.0794415416798357
Jawani Ki Kahani,1986.0,,Drama,6.2,6.0,1178.0,40.0,2749.0,2057.0,3,0,7.0,1.9459101490553132
Jawani Zindabad,1990.0,163.0,"Drama, Romance",5.6,652.0,336.0,18.0,688.0,1028.0,3,1,7.0,6.481577129276431
Jayantabhai Ki Luv Story,2013.0,130.0,"Action, Comedy, Romance",5.3,1270.0,3048.0,2508.0,1571.0,1962.0,3,1,0.0,7.147559271189454
Jayasimha,1955.0,,Drama,7.5,15.0,3111.0,1373.0,224.0,2232.0,3,0,7.0,2.772588722239781
Jazbaa,2015.0,119.0,"Action, Crime, Drama",5.8,3375.0,2450.0,101.0,879.0,2417.0,3,1,0.0,8.124446855715847
Jazbaat,1994.0,,Romance,2.0,28.0,235.0,2228.0,2059.0,1165.0,3,0,15.0,3.367295829986474
Jazbaat,1980.0,124.0,Drama,4.2,26.0,2819.0,1667.0,2859.0,2474.0,3,0,7.0,3.295836866004329
Jeena Hai Toh Thok Daal,2012.0,123.0,"Action, Crime, Drama",5.5,31.0,1476.0,1801.0,1288.0,3030.0,3,1,0.0,3.4657359027997265
Jeena Isi Ka Naam Hai,2017.0,173.0,Drama,5.4,99.0,1275.0,318.0,827.0,418.0,3,0,7.0,4.605170185988092
Jeena Marna Tere Sang,1992.0,150.0,"Action, Romance",4.8,70.0,3020.0,1969.0,1980.0,1028.0,3,1,0.0,4.2626798770413155
Jeena Nahin Bin Tere,1995.0,,Romance,6.1,10.0,1380.0,448.0,1736.0,2423.0,3,0,15.0,2.3978952727983707
Jeena Sirf Merre Liye,2002.0,137.0,"Comedy, Romance",4.4,728.0,2875.0,1023.0,2669.0,1367.0,3,1,4.0,6.591673732008658
Jeena Teri Gali Mein,1991.0,144.0,Romance,4.8,17.0,2910.0,1035.0,172.0,1267.0,3,0,15.0,2.8903717578961645
Jeena Yahan,1979.0,93.0,Drama,6.7,18.0,475.0,2092.0,2263.0,723.0,3,0,7.0,2.9444389791664403
Jeene Do,1990.0,125.0,"Action, Drama",4.6,47.0,2088.0,1707.0,2195.0,988.0,3,1,0.0,3.871201010907891
Jeene Ki Arzoo,1981.0,132.0,Drama,5.9,22.0,2046.0,1304.0,1975.0,593.0,3,0,7.0,3.1354942159291497
Jeene Ki Raah,1969.0,152.0,"Drama, Romance",6.9,82.0,1362.0,919.0,2623.0,268.0,3,1,7.0,4.418840607796598
Jeene Nahi Doonga,1984.0,133.0,Action,5.9,55.0,2107.0,631.0,2325.0,1965.0,3,0,0.0,4.02535169073515
Jeene Nahin Doonga,2005.0,,Action,7.3,37.0,1841.0,2366.0,1730.0,2828.0,3,0,0.0,3.6375861597263857
Jeeo Aur Jeene Do,1982.0,,"Action, Drama",4.8,16.0,2664.0,919.0,1998.0,1738.0,3,1,0.0,2.833213344056216
Jeeo Shaan Se,1997.0,,"Comedy, Drama, Romance",5.5,13.0,2875.0,631.0,1998.0,2948.0,3,1,4.0,2.6390573296152584
Jeet,1996.0,180.0,"Action, Romance",5.7,2169.0,2009.0,2270.0,1065.0,2288.0,3,1,0.0,7.682482446534506
Jeet,1949.0,,"Drama, Romance",7.0,30.0,1571.0,2280.0,596.0,1145.0,3,1,7.0,3.4339872044851463
Jeet,1972.0,,"Romance, Drama, Action",4.7,13.0,92.0,1763.0,411.0,916.0,3,1,15.0,2.6390573296152584
Jeet Hamaari,1983.0,149.0,Action,4.8,22.0,1957.0,1734.0,1897.0,2083.0,3,0,0.0,3.1354942159291497
Jeete Hain Shaan Se,1988.0,,"Action, Drama",4.7,131.0,1268.0,1304.0,2195.0,868.0,3,1,0.0,4.882801922586371
Jeetenge Hum,2001.0,,Action,5.6,9.0,2795.0,666.0,1776.0,877.0,3,0,0.0,2.302585092994046
Jeeva,1986.0,123.0,"Action, Drama, Music",4.1,55.0,2019.0,1969.0,1273.0,203.0,3,1,0.0,4.02535169073515
Jeevan Daata,1991.0,120.0,Action,3.8,9.0,2857.0,559.0,63.0,1202.0,3,0,0.0,2.302585092994046
Jeevan Dhaara,1982.0,137.0,"Family, Drama",6.6,70.0,2160.0,1818.0,175.0,1965.0,3,1,8.0,4.2626798770413155
Jeevan Ek Sanghursh,1990.0,159.0,"Drama, Family",4.9,168.0,2005.0,1735.0,207.0,1338.0,3,1,7.0,5.1298987149230735
Jeevan Jyoti,1976.0,136.0,"Drama, Family",6.3,11.0,1617.0,2441.0,468.0,2039.0,3,1,7.0,2.4849066497880004
Jeevan Ki Shatranj,1993.0,,"Action, Comedy, Crime",4.6,11.0,2321.0,1304.0,387.0,371.0,3,1,0.0,2.4849066497880004
Jeevan Mrityu,1970.0,140.0,"Drama, Romance, Thriller",7.1,216.0,2519.0,631.0,1921.0,111.0,3,1,7.0,5.37989735354046
Jeevan Natak,1935.0,139.0,Unknown,6.2,12.0,636.0,684.0,1949.0,139.0,3,0,19.0,2.5649493574615367
Jeevan Naya,1936.0,140.0,Drama,7.3,6.0,787.0,626.0,358.0,1138.0,3,0,7.0,1.9459101490553132
Jeevan Sangram,1974.0,,"Action, Drama",6.8,12.0,2054.0,2082.0,1822.0,1002.0,3,1,0.0,2.5649493574615367
Jeevan Yudh,1997.0,136.0,"Action, Drama, Family",5.1,32.0,1804.0,1304.0,376.0,1370.0,3,1,0.0,3.4965075614664802
Jeewan Jyoti,1953.0,,Drama,6.4,22.0,1425.0,2058.0,2323.0,1296.0,3,0,7.0,3.1354942159291497
Jewel Thief,1967.0,186.0,"Crime, Drama, Musical",8.0,1771.0,3003.0,376.0,596.0,3012.0,3,1,5.0,7.4798641311650265
Jhakaas!,2018.0,56.0,"Comedy, Drama",6.1,11.0,269.0,1355.0,2188.0,2355.0,3,1,4.0,2.4849066497880004
Jhalki,2019.0,104.0,Drama,7.2,672.0,544.0,2337.0,481.0,2781.0,3,0,7.0,6.511745329644728
Jhanak Jhanak Payal Baaje,1955.0,143.0,"Drama, Musical, Romance",6.5,105.0,2579.0,763.0,2182.0,1190.0,3,1,7.0,4.663439094112067
Jhanjaar,1986.0,,"Action, Drama, Thriller",3.5,6.0,2579.0,1507.0,2415.0,2079.0,3,1,0.0,1.9459101490553132
Jhankaar Beats,2003.0,143.0,"Comedy, Music, Romance",7.2,1976.0,2765.0,1978.0,1843.0,1090.0,3,1,4.0,7.589335823170617
Jhansi Ki Rani,1953.0,97.0,"Biography, Drama, History",6.9,89.0,2691.0,1290.0,2450.0,1550.0,3,1,3.0,4.499809670330265
Jhansi Ki Rani Laxmibai,2012.0,140.0,History,7.1,15.0,2079.0,2360.0,2111.0,337.0,3,0,10.0,2.772588722239781
Jheel Ke Us Paar,1973.0,142.0,"Drama, Romance",7.2,88.0,496.0,631.0,1455.0,1872.0,3,1,7.0,4.48863636973214
Jhol,2019.0,112.0,"Comedy, Drama",8.2,42.0,2562.0,163.0,530.0,1392.0,3,1,4.0,3.7612001156935624
Jhoola,1941.0,177.0,Drama,6.3,13.0,883.0,1127.0,358.0,2424.0,3,0,7.0,2.6390573296152584
Jhoola,1962.0,147.0,"Drama, Family",5.9,11.0,1160.0,2262.0,2824.0,1845.0,3,1,7.0,2.4849066497880004
Jhoom Barabar Jhoom,2007.0,138.0,"Comedy, Drama, Musical",3.7,3043.0,2538.0,45.0,1758.0,550.0,3,1,4.0,8.020927718981577
Jhoota Kahin Ka,1979.0,,"Comedy, Drama, Romance",6.8,73.0,2225.0,1835.0,1559.0,962.0,3,1,4.0,4.30406509320417
Jhooth Bole Kauwa Kaate,1998.0,148.0,"Comedy, Romance",5.7,771.0,962.0,250.0,982.0,207.0,3,1,4.0,6.648984550024776
Jhootha Hi Sahi,2010.0,142.0,"Comedy, Drama, Romance",6.1,1870.0,39.0,937.0,1641.0,1949.0,3,1,4.0,7.534228326274089
Jhootha Kahin Ka,2019.0,133.0,Comedy,4.7,330.0,2683.0,1835.0,960.0,2724.0,3,0,4.0,5.802118375377063
Jhoothi,1985.0,136.0,Comedy,6.6,129.0,962.0,1818.0,1852.0,204.0,3,0,4.0,4.867534450455582
Jhoothi Shaan,1991.0,139.0,"Action, Drama",4.6,20.0,2195.0,2030.0,1401.0,1816.0,3,1,0.0,3.044522437723423
Jhumroo,1961.0,171.0,"Comedy, Drama, Musical",7.0,539.0,2572.0,1067.0,1230.0,583.0,3,1,4.0,6.29156913955832
Jhutha Sach,1984.0,,"Drama, Family",6.1,44.0,759.0,631.0,2003.0,207.0,3,1,7.0,3.8066624897703196
Ji Chahta Hai,1964.0,99.0,"Drama, Family",5.9,15.0,517.0,945.0,1911.0,1057.0,3,1,7.0,2.772588722239781
Jia aur Jia,2017.0,93.0,Drama,4.4,167.0,959.0,1824.0,1014.0,362.0,3,0,7.0,5.123963979403259
Jiban Maran,1938.0,144.0,"Drama, Romance",5.2,6.0,1726.0,967.0,1185.0,690.0,3,1,7.0,1.9459101490553132
Jigar,1949.0,,Unknown,2.6,28.0,1515.0,1256.0,2681.0,2853.0,1,0,19.0,3.367295829986474
Jigariyaa,2014.0,142.0,Drama,4.9,301.0,2021.0,802.0,528.0,660.0,3,0,7.0,5.71042701737487
Jigarwala,1991.0,132.0,"Action, Drama",2.5,34.0,2857.0,250.0,2648.0,2859.0,3,1,0.0,3.5553480614894135
Jigri Dost,1969.0,154.0,Drama,6.4,32.0,2230.0,919.0,1455.0,1106.0,3,0,7.0,3.4965075614664802
Jigyaasa,2006.0,147.0,Drama,3.4,263.0,765.0,1408.0,1918.0,938.0,3,0,7.0,5.575949103146316
Jihad,2017.0,144.0,Drama,8.6,47.0,2133.0,701.0,121.0,93.0,3,0,7.0,3.871201010907891
Jimmy,2008.0,,"Action, Crime, Drama",1.6,249.0,2019.0,1299.0,2765.0,1956.0,3,1,0.0,5.521460917862246
Jis Desh Mein Ganga Rehta Hain,2000.0,141.0,"Comedy, Crime, Drama",4.9,1187.0,1428.0,767.0,2462.0,2157.0,3,1,4.0,7.080026499922591
Jis Desh Men Ganga Behti Hai,1960.0,167.0,"Drama, Musical, Romance",7.4,435.0,1985.0,1670.0,1645.0,1845.0,3,1,7.0,6.077642243349034
Jism,2003.0,136.0,"Drama, Romance, Thriller",5.2,2061.0,204.0,498.0,969.0,877.0,3,1,7.0,7.631431664576906
Jism 2,2012.0,130.0,"Drama, Romance, Thriller",3.0,3290.0,1834.0,1761.0,321.0,345.0,3,1,7.0,8.098946748943339
Jism Ka Rishta,1989.0,,Drama,2.9,11.0,1422.0,1052.0,789.0,1503.0,3,0,7.0,2.4849066497880004
Jiyaala,1998.0,,Action,3.2,6.0,2912.0,2162.0,1715.0,327.0,3,0,0.0,1.9459101490553132
Jiyo To Aise Jiyo,1981.0,,"Drama, Family",4.3,7.0,1224.0,344.0,574.0,1051.0,3,1,7.0,2.0794415416798357
Jo Bole So Nihaal,2005.0,125.0,"Action, Comedy, Thriller",3.6,646.0,2005.0,2270.0,2640.0,813.0,3,1,0.0,6.472346294500901
Jo Dooba So Paar: It's Love in Bihar!,2011.0,90.0,"Comedy, Crime, Drama",5.7,71.0,1899.0,234.0,1873.0,2592.0,3,1,4.0,4.276666119016055
Jo Hum Chahein,2011.0,,"Drama, Romance",4.5,100.0,1817.0,2271.0,2431.0,164.0,3,1,7.0,4.61512051684126
Jo Jeeta Wohi Sikandar,1992.0,174.0,"Comedy, Drama, Romance",8.2,22147.0,1501.0,18.0,390.0,668.0,3,1,4.0,10.005502477942859
Jodhaa Akbar,2008.0,213.0,"Action, Drama, History",7.6,30717.0,391.0,830.0,85.0,2637.0,3,1,0.0,10.332604080975573
Jodi,1999.0,161.0,Romance,6.1,188.0,1901.0,1189.0,2140.0,972.0,3,0,15.0,5.241747015059643
Jodi Breakers,2012.0,127.0,"Comedy, Musical, Romance",3.5,1116.0,395.0,498.0,815.0,1830.0,3,1,4.0,7.018401799069201
Jodi Kya Banayi Wah Wah Ramji,2003.0,,Comedy,3.8,47.0,2162.0,1868.0,1918.0,442.0,3,0,4.0,3.871201010907891
Jodi No. 1,2001.0,140.0,"Comedy, Romance",5.8,2299.0,629.0,1969.0,763.0,2839.0,3,1,4.0,7.7406644019172415
Jogan,1950.0,116.0,"Drama, Musical, Romance",7.4,80.0,1292.0,1400.0,622.0,1860.0,3,1,7.0,4.394449154672439
Joggers' Park,2003.0,133.0,"Comedy, Romance",6.2,353.0,235.0,2434.0,1692.0,741.0,3,1,4.0,5.869296913133774
Jogi the King,2005.0,172.0,"Action, Drama",7.3,266.0,1906.0,2109.0,1552.0,3023.0,3,1,0.0,5.58724865840025
Johar in Bombay,1967.0,150.0,"Comedy, Drama, Fantasy",6.4,14.0,2581.0,836.0,2473.0,1998.0,3,1,4.0,2.70805020110221
Johar in Kashmir,1966.0,122.0,"Action, Drama, Thriller",6.8,12.0,968.0,1359.0,1866.0,947.0,3,1,0.0,2.5649493574615367
Johar Mehmood in Hong Kong,1971.0,134.0,Comedy,6.8,49.0,2320.0,836.0,1375.0,2631.0,3,0,4.0,3.912023005428146
Johar-Mehmood in Goa,1965.0,145.0,"Action, Adventure, Comedy",6.8,44.0,968.0,1288.0,2426.0,947.0,3,1,0.0,3.8066624897703196
John Day,2013.0,138.0,"Action, Crime, Drama",5.6,831.0,102.0,1405.0,1954.0,762.0,3,1,0.0,6.723832440821209
John Jani Janardhan,1984.0,,"Action, Comedy, Drama",6.4,39.0,2160.0,1786.0,896.0,526.0,3,1,0.0,3.6888794541139363
Johnny,1980.0,140.0,"Action, Crime, Drama",7.5,423.0,1008.0,1711.0,994.0,2854.0,3,1,0.0,6.049733455231958
Johnny Gaddaar,2007.0,135.0,"Crime, Drama, Mystery",7.8,11795.0,2719.0,631.0,2021.0,420.0,3,1,5.0,9.375515769935166
Johnny-Walker,1957.0,151.0,"Comedy, Romance",6.0,9.0,1404.0,570.0,2411.0,1082.0,3,1,4.0,2.302585092994046
Johny I Love You,1982.0,171.0,"Action, Romance",4.9,36.0,2130.0,1969.0,1975.0,2742.0,3,1,0.0,3.6109179126442243
Johny Mera Naam,1970.0,159.0,"Action, Drama, Musical",7.3,760.0,3003.0,616.0,818.0,1845.0,3,1,0.0,6.634633357861686
Johny Ustad,1984.0,,Action,5.4,13.0,1008.0,2386.0,1897.0,2650.0,3,0,0.0,2.6390573296152584
Joker,2012.0,104.0,"Comedy, Family, Sci-Fi",2.4,5235.0,2621.0,145.0,2457.0,2544.0,3,1,4.0,8.56331312702979
Jolly LLB,2013.0,135.0,"Comedy, Drama",7.5,18466.0,2731.0,341.0,181.0,553.0,3,1,4.0,9.823740634445873
Jolly LLB 2,2017.0,137.0,"Comedy, Drama",7.2,23030.0,2731.0,145.0,841.0,2393.0,3,1,4.0,10.044596413496008
Joroo Ka Ghulam,1972.0,,"Comedy, Family",6.9,91.0,0.0,1390.0,1889.0,2455.0,3,1,4.0,4.5217885770490405
Joru Ka Ghulam,2000.0,169.0,"Comedy, Drama, Romance",5.1,1038.0,2558.0,767.0,2670.0,1110.0,3,1,4.0,6.946013991099227
Josef - Born in Grace,2019.0,100.0,Drama,9.0,12.0,2839.0,2434.0,2496.0,2666.0,3,0,7.0,2.5649493574615367
Josh,2000.0,162.0,"Action, Drama, Musical",6.2,9667.0,1501.0,658.0,2270.0,100.0,3,1,0.0,9.176576741823373
Josh,1981.0,,Action,5.6,8.0,2019.0,248.0,356.0,919.0,3,0,0.0,2.1972245773362196
Josh-E-Jawaani,2001.0,,Romance,4.2,9.0,552.0,1731.0,1108.0,2058.0,3,0,15.0,2.302585092994046
Joshila,1973.0,137.0,"Drama, Thriller",6.2,104.0,3106.0,616.0,818.0,1845.0,3,1,7.0,4.653960350157523
Joshilaay,1989.0,107.0,"Action, Drama, Western",5.7,265.0,2669.0,2270.0,207.0,2650.0,3,1,0.0,5.583496308781699
Journey Bombay to Goa: Laughter Unlimited,2007.0,138.0,"Action, Adventure, Comedy",4.6,376.0,2020.0,2264.0,2756.0,2037.0,3,1,0.0,5.932245187448011
Journeyings and Conversations,2004.0,88.0,Documentary,7.4,13.0,349.0,2385.0,2681.0,2853.0,0,0,6.0,2.6390573296152584
Joy: The Real Love Story,2007.0,127.0,"Drama, Romance, Thriller",2.1,1619.0,1881.0,823.0,793.0,1367.0,3,1,7.0,7.3901814282264295
Juaari,1994.0,184.0,"Action, Drama",3.1,34.0,1029.0,631.0,304.0,2512.0,3,1,0.0,3.5553480614894135
Juari,1968.0,155.0,Romance,6.6,21.0,2819.0,2082.0,1493.0,2782.0,3,0,15.0,3.091042453358316
Judaai,1997.0,167.0,"Comedy, Drama, Romance",6.1,2249.0,2009.0,250.0,2488.0,2861.0,3,1,4.0,7.718685495198466
Judaai,1980.0,149.0,"Family, Drama",5.9,70.0,2160.0,376.0,949.0,2136.0,3,1,8.0,4.2626798770413155
Judge Mujrim,1997.0,137.0,"Action, Drama",3.9,66.0,1029.0,919.0,2552.0,2685.0,3,1,0.0,4.204692619390966
Judgementall Hai Kya,2019.0,121.0,"Comedy, Drama, Mystery",5.9,5419.0,1866.0,997.0,1905.0,217.0,3,1,4.0,8.597851094433691
Judwaa,1997.0,138.0,"Action, Comedy, Drama",6.1,5679.0,629.0,1939.0,1065.0,2055.0,3,1,0.0,8.644706511715198
Judwaa 2,2017.0,145.0,"Action, Comedy",3.6,9622.0,629.0,2419.0,902.0,2770.0,3,1,0.0,9.171911345356401
Jugaad,2009.0,,"Comedy, Drama",5.3,73.0,1341.0,1224.0,836.0,2933.0,3,1,4.0,4.30406509320417
Jugni,2016.0,115.0,Drama,6.2,137.0,2605.0,303.0,2113.0,2679.0,3,0,7.0,4.927253685157205
Jugnu,1973.0,149.0,"Action, Drama, Thriller",6.5,182.0,1872.0,631.0,818.0,1845.0,3,1,0.0,5.209486152841421
Jugnu,1947.0,,"Drama, Musical, Romance",7.5,81.0,2601.0,657.0,1622.0,2478.0,3,1,7.0,4.406719247264253
Julie,1975.0,145.0,"Family, Musical, Romance",6.1,261.0,1187.0,1115.0,2775.0,1586.0,3,1,8.0,5.568344503761097
Julie,2004.0,144.0,"Drama, Romance",4.0,404.0,655.0,1445.0,1793.0,3028.0,3,1,7.0,6.003887067106539
Julie 2,2017.0,159.0,"Drama, Romance, Thriller",2.3,311.0,655.0,1471.0,1812.0,2104.0,3,1,7.0,5.7430031878094825
Jumbish: A Movement - The Movie,1986.0,,Romance,3.9,11.0,2397.0,1507.0,106.0,2423.0,3,0,15.0,2.4849066497880004
Junction Varanasi,2019.0,149.0,Drama,3.7,22.0,697.0,620.0,223.0,706.0,3,0,7.0,3.1354942159291497
June,2021.0,93.0,Drama,9.4,18.0,2763.0,2407.0,1594.0,1075.0,3,0,7.0,2.9444389791664403
Jung,1996.0,146.0,"Action, Crime, Drama",4.0,233.0,2160.0,1304.0,90.0,2055.0,3,1,0.0,5.455321115357702
Jung,2000.0,147.0,"Action, Crime, Drama",4.2,364.0,2450.0,1969.0,900.0,78.0,3,1,0.0,5.8998973535824915
Jung Aur Aman,1968.0,128.0,Unknown,5.1,8.0,1658.0,1357.0,563.0,1503.0,3,0,19.0,2.1972245773362196
Jung Baaz,1989.0,143.0,"Action, Crime",5.6,75.0,1535.0,767.0,562.0,1872.0,3,1,0.0,4.330733340286331
Jungle,2000.0,146.0,"Action, Adventure, Romance",6.1,1102.0,2146.0,2266.0,686.0,2861.0,3,1,0.0,7.005789019253503
Jungle Beauty,1991.0,,"Action, Adventure",3.7,11.0,715.0,944.0,1879.0,1910.0,3,1,0.0,2.4849066497880004
Jungle Hero,2002.0,,"Action, Comedy",4.9,7.0,1174.0,202.0,1106.0,2347.0,3,1,0.0,2.0794415416798357
Jungle Ki Beti,1988.0,,Adventure,3.3,11.0,1956.0,1938.0,296.0,560.0,3,0,1.0,2.4849066497880004
Jungle Ki Rani,1936.0,,Adventure,2.8,15.0,1664.0,2385.0,2681.0,2853.0,0,0,1.0,2.772588722239781
Jungle Ki Sherni,2001.0,,"Action, Adventure, Drama",5.5,12.0,1233.0,1985.0,169.0,2984.0,3,1,0.0,2.5649493574615367
Jungle Love Story,1998.0,133.0,Romance,6.2,6.0,715.0,1809.0,178.0,2037.0,3,0,15.0,1.9459101490553132
Junglee,1961.0,139.0,"Comedy, Drama, Musical",7.3,467.0,2736.0,2058.0,2129.0,2478.0,3,1,4.0,6.148468295917647
Junglee,2019.0,115.0,"Action, Adventure, Thriller",5.6,1658.0,604.0,2438.0,1178.0,387.0,3,1,0.0,7.413970290190444
Junko,2017.0,78.0,Crime,3.1,8.0,54.0,1437.0,23.0,15.0,3,0,5.0,2.1972245773362196
Junoon,1979.0,141.0,Drama,7.6,503.0,2661.0,2082.0,1472.0,2417.0,3,0,7.0,6.222576268071369
Junoon,1992.0,123.0,"Drama, Horror, Musical",5.6,531.0,1422.0,1659.0,1707.0,439.0,3,1,7.0,6.2766434893416445
Junoon,2002.0,,Drama,4.2,12.0,2456.0,532.0,2357.0,2626.0,3,0,7.0,2.5649493574615367
Junooniyat,2016.0,155.0,"Drama, Romance",4.2,708.0,3087.0,1625.0,2834.0,876.0,3,1,7.0,6.5638555265321274
Jurm,1990.0,103.0,"Action, Crime, Romance",5.6,129.0,1422.0,2487.0,1357.0,2325.0,3,1,0.0,4.867534450455582
Jurm,2005.0,150.0,"Crime, Drama, Mystery",5.4,482.0,3035.0,981.0,479.0,1289.0,3,1,5.0,6.180016653652572
Jurmana,1979.0,139.0,"Drama, Romance",6.8,176.0,962.0,1735.0,173.0,2542.0,3,1,7.0,5.176149732573829
Jurmana,1996.0,134.0,Action,5.4,31.0,2864.0,1304.0,1937.0,419.0,3,0,0.0,3.4657359027997265
Jurrat,1989.0,146.0,"Action, Crime",4.6,23.0,629.0,2084.0,1145.0,166.0,3,1,0.0,3.1780538303479458
Just Like That,2019.0,109.0,Drama,7.9,30.0,1308.0,2364.0,799.0,1513.0,3,0,7.0,3.4339872044851463
Just Married: Marriage Was Only the Beginning!,2007.0,135.0,"Comedy, Drama, Romance",5.3,495.0,1528.0,700.0,677.0,1657.0,3,1,4.0,6.206575926724928
Justice,1973.0,,"Crime, Drama",6.0,8.0,92.0,2511.0,2749.0,2782.0,3,1,5.0,2.1972245773362196
Justice Chaudhury,1983.0,156.0,"Drama, Action, Comedy",5.6,75.0,1156.0,919.0,818.0,2650.0,3,1,7.0,4.330733340286331
Justice Chowdhary,2000.0,,Action,4.3,21.0,1468.0,343.0,1401.0,1798.0,3,0,0.0,3.091042453358316
Jwaala Daaku,1981.0,,Action,5.3,9.0,1968.0,1169.0,338.0,789.0,3,0,0.0,2.302585092994046
Jwala,1971.0,,"Action, Crime",5.2,33.0,1403.0,2262.0,1230.0,2611.0,3,1,0.0,3.5263605246161616
Jwalamukhi,1980.0,162.0,"Action, Romance, Drama",5.8,28.0,1867.0,2511.0,2325.0,2130.0,3,1,0.0,3.367295829986474
Jwalamukhi,2000.0,135.0,"Action, Drama",4.2,29.0,1029.0,2446.0,25.0,348.0,3,1,0.0,3.4011973816621555
Jwar Bhata,1944.0,120.0,"Drama, Romance",7.6,34.0,211.0,1873.0,73.0,2962.0,3,1,7.0,3.5553480614894135
Jwar Bhata,1973.0,,"Drama, Family",6.7,58.0,92.0,1926.0,607.0,2686.0,3,1,7.0,4.07753744390572
Jwlwi - The Seed,2019.0,90.0,Drama,8.0,24.0,2111.0,1665.0,1424.0,2026.0,3,0,7.0,3.2188758248682006
Jyoti,1969.0,,"Drama, Family",6.2,6.0,744.0,1980.0,1616.0,38.0,3,1,7.0,1.9459101490553132
Jyoti,1981.0,144.0,Drama,5.9,31.0,1872.0,118.0,472.0,2943.0,3,0,7.0,3.4657359027997265
Jyoti Bane Jwala,1980.0,166.0,"Drama, Family, Action",5.0,38.0,1668.0,919.0,2793.0,409.0,3,1,7.0,3.6635616461296463
Kaabil,2017.0,139.0,"Action, Crime, Drama",7.1,24942.0,2450.0,830.0,2834.0,2201.0,3,1,0.0,10.124348500692786
Kaaboo,2002.0,135.0,Action,6.5,29.0,2996.0,1687.0,2503.0,33.0,3,0,0.0,3.4011973816621555
Kaadan,2021.0,170.0,"Action, Drama, Fantasy",9.1,2219.0,1850.0,1643.0,1951.0,57.0,3,1,0.0,7.705262474866325
Kaadhal Parisu,1987.0,143.0,"Drama, Romance",6.1,97.0,1.0,982.0,1819.0,176.0,3,1,7.0,4.584967478670572
Kaafila,1990.0,,"Drama, Thriller",3.4,18.0,2746.0,675.0,2111.0,1084.0,3,1,7.0,2.9444389791664403
Kaafila,2007.0,,Action,3.3,174.0,210.0,2270.0,2503.0,2311.0,3,0,0.0,5.1647859739235145
Kaafiron Ki Namaaz,2013.0,149.0,"Drama, Thriller",7.1,274.0,2159.0,169.0,509.0,1088.0,3,1,7.0,5.616771097666572
Kaagaz,2021.0,109.0,"Biography, Comedy, Drama",7.6,6738.0,2508.0,1516.0,1422.0,2376.0,3,1,3.0,8.815666824946216
Kaagaz Ke Fools,2015.0,109.0,Comedy,3.9,136.0,249.0,2476.0,1443.0,1963.0,3,0,4.0,4.919980925828125
Kaagaz Ke Phool,1959.0,148.0,Romance,8.0,2136.0,879.0,2511.0,784.0,1255.0,3,0,15.0,7.667158255319148
Kaagaz Ki Kashti,2017.0,127.0,Documentary,8.9,203.0,544.0,750.0,2612.0,1346.0,3,0,6.0,5.318119993844216
Kaagaz Ki Nao,1975.0,,Drama,6.5,11.0,447.0,1993.0,1996.0,1435.0,3,0,7.0,2.4849066497880004
Kaajal,1965.0,168.0,"Drama, Musical, Romance",6.2,119.0,2154.0,1273.0,607.0,1754.0,3,1,7.0,4.787491742782046
Kaal,2005.0,126.0,"Adventure, Horror, Mystery",4.6,5039.0,2688.0,108.0,2819.0,1080.0,3,1,1.0,8.525161361065415
Kaal Chakra,1988.0,,"Action, Drama",5.8,13.0,719.0,861.0,2111.0,1323.0,3,1,0.0,2.6390573296152584
Kaala,2018.0,162.0,"Action, Drama",6.7,8163.0,1771.0,1711.0,1490.0,2309.0,3,1,0.0,9.007489523929735
Kaala Aadmi,1978.0,,"Action, Thriller",6.3,11.0,2176.0,2262.0,2129.0,1845.0,3,1,0.0,2.4849066497880004
Kaala Mandir,2000.0,,Horror,2.6,5.0,1693.0,1066.0,472.0,2438.0,3,0,11.0,1.791759469228055
Kaala Patthar,1979.0,176.0,"Action, Drama, History",7.7,2207.0,3106.0,206.0,2321.0,2480.0,3,1,0.0,7.699842407396986
Kaala Samrajya,1999.0,119.0,"Action, Crime, Romance",4.2,36.0,646.0,2266.0,1425.0,207.0,3,1,0.0,3.6109179126442243
Kaala Sona,1975.0,137.0,"Action, Thriller",6.4,61.0,2230.0,714.0,1677.0,1872.0,3,1,0.0,4.127134385045092
Kaalakaandi,2018.0,112.0,"Comedy, Thriller",6.3,2612.0,159.0,1925.0,369.0,1679.0,3,1,4.0,7.868254265520613
Kaali Khuhi,2020.0,90.0,"Drama, Horror, Mystery",3.4,1032.0,2902.0,2030.0,2200.0,2177.0,3,1,7.0,6.940222469119639
Kaali Ki Saugandh,2000.0,90.0,Action,5.0,7.0,2352.0,276.0,607.0,1083.0,3,0,0.0,2.0794415416798357
Kaali Topi Lal Rumaal,2000.0,,"Action, Crime, Drama",6.2,29.0,3020.0,1304.0,2865.0,1129.0,3,1,0.0,3.4011973816621555
Kaalia,1981.0,157.0,"Action, Drama",6.8,1412.0,2910.0,206.0,337.0,1781.0,3,1,0.0,7.253470382684528
Kaalia,1997.0,,Action,5.9,42.0,663.0,1304.0,1099.0,1081.0,3,0,0.0,3.7612001156935624
Kaalo,2010.0,79.0,"Action, Drama, Horror",3.3,260.0,3099.0,83.0,2600.0,77.0,3,1,0.0,5.564520407322694
Kaam Jwala: The Fire,2004.0,73.0,Drama,2.7,9.0,1233.0,202.0,2210.0,1094.0,3,0,7.0,2.302585092994046
Kaam Shastra,1975.0,136.0,Thriller,6.4,13.0,1909.0,164.0,1939.0,2859.0,3,0,18.0,2.6390573296152584
Kaamaagni,1987.0,134.0,"Drama, Music",4.6,7.0,380.0,2299.0,2648.0,1300.0,3,1,7.0,2.0794415416798357
Kaamannana Makkalu,2008.0,,"Action, Comedy, Drama",6.6,75.0,595.0,2230.0,2049.0,676.0,3,1,0.0,4.330733340286331
Kaamchor,1982.0,135.0,"Drama, Family",6.6,131.0,1168.0,1734.0,934.0,2782.0,3,1,7.0,4.882801922586371
Kaamyaab,1984.0,,Action,5.5,18.0,1156.0,919.0,2263.0,1938.0,3,0,0.0,2.9444389791664403
Kaanch Ki Deewar,1986.0,,"Drama, Family",4.5,8.0,1399.0,1980.0,2436.0,2438.0,3,1,7.0,2.1972245773362196
Kaanchi,2014.0,151.0,"Drama, Musical, Romance",4.2,590.0,2730.0,1301.0,1067.0,2165.0,3,1,7.0,6.3818160174060985
Kaanchli Life in a Slough,2020.0,101.0,Drama,7.3,85.0,641.0,1974.0,2353.0,1620.0,3,0,7.0,4.454347296253507
Kaanoon Ki Awaaz,1989.0,127.0,"Action, Crime",3.8,10.0,1754.0,1634.0,429.0,2480.0,3,1,0.0,2.3978952727983707
Kaante,2002.0,150.0,"Action, Crime, Drama",6.5,4738.0,2450.0,206.0,2195.0,2715.0,3,1,0.0,8.463581421967588
Kaaranama,1990.0,138.0,Drama,4.8,17.0,2199.0,2487.0,1096.0,785.0,3,0,7.0,2.8903717578961645
Kaash,1987.0,140.0,Drama,6.3,197.0,1422.0,870.0,629.0,1434.0,3,0,7.0,5.288267030694535
Kaash,2015.0,106.0,Drama,5.0,20.0,998.0,1451.0,1081.0,2898.0,3,0,7.0,3.044522437723423
Kaash Mere Hote,2009.0,,Thriller,5.7,21.0,441.0,1702.0,2441.0,1254.0,3,0,18.0,3.091042453358316
Kaash... Hamara Dil Pagal Na Hota,2003.0,149.0,Comedy,3.6,7.0,1451.0,2267.0,529.0,1495.0,3,0,4.0,2.0794415416798357
Kaashi in Search of Ganga,2018.0,125.0,Thriller,5.4,259.0,699.0,1606.0,84.0,1232.0,3,0,18.0,5.560681631015528
Kab Tak Chup Rahungi,1988.0,,Drama,5.8,9.0,2862.0,172.0,2765.0,642.0,3,0,7.0,2.302585092994046
Kab? Kyoon? Aur Kahan?,1970.0,136.0,"Action, Mystery, Romance",6.8,117.0,323.0,631.0,411.0,1845.0,3,1,0.0,4.770684624465665
Kabaad- The Coin,2021.0,132.0,Drama,6.6,76.0,2971.0,2505.0,2870.0,49.0,3,0,7.0,4.343805421853684
Kabali,2016.0,153.0,"Action, Crime, Drama",6.2,11886.0,1771.0,1711.0,2831.0,1943.0,3,1,0.0,9.383200644980624
Kabeela,1976.0,,"Action, Adventure, Crime",6.5,19.0,540.0,714.0,2003.0,1133.0,3,1,0.0,2.995732273553991
Kabhi Ajnabi Thé,1985.0,,"Romance, Sport",5.0,14.0,3024.0,1555.0,2179.0,655.0,3,1,15.0,2.70805020110221
Kabhi Alvida Naa Kehna,2006.0,193.0,"Drama, Romance",6.1,18783.0,1247.0,2038.0,1958.0,199.0,3,1,7.0,9.840760722627824
Kabhi Haan Kabhi Naa,1994.0,158.0,"Comedy, Drama, Music",7.8,17567.0,1357.0,2038.0,2500.0,668.0,3,1,4.0,9.773834344309257
Kabhi Khushi Kabhie Gham...,2001.0,210.0,"Drama, Musical, Romance",7.4,46172.0,1247.0,2038.0,1011.0,199.0,3,1,7.0,10.740150490648064
Kabhi Na Kabhi,1998.0,157.0,"Action, Drama, Romance",4.3,158.0,1924.0,870.0,207.0,1805.0,3,1,0.0,5.0689042022202315
Kabhi Paas Kabhi Fail,1999.0,95.0,"Comedy, Family",6.2,20.0,3065.0,1929.0,2248.0,2616.0,3,1,4.0,3.044522437723423
Kabhie Kabhie,1976.0,177.0,"Drama, Romance",7.4,1986.0,3106.0,206.0,2321.0,2041.0,3,1,7.0,7.594381242551817
Kabhie Tum Kabhie Hum,2002.0,,"Comedy, Drama, Family",4.4,14.0,2289.0,1188.0,526.0,272.0,3,1,4.0,2.70805020110221
Kabir Singh,2019.0,173.0,"Action, Drama, Romance",7.1,27731.0,2437.0,2042.0,1092.0,1698.0,3,1,0.0,10.23034226006238
Kabli Khan,1963.0,123.0,"Action, Musical",4.8,9.0,1142.0,118.0,815.0,2307.0,3,1,0.0,2.302585092994046
Kabrastan,1988.0,135.0,Horror,3.7,27.0,1560.0,810.0,1027.0,1029.0,3,0,11.0,3.332204510175204
Kabrastan,2000.0,109.0,Horror,3.1,16.0,2183.0,199.0,2236.0,2495.0,3,0,11.0,2.833213344056216
Kabul Express,2006.0,105.0,"Adventure, Comedy, Drama",6.8,3181.0,1192.0,937.0,311.0,2289.0,3,1,1.0,8.065265208897733
Kabuliwala,1961.0,95.0,Drama,7.8,317.0,941.0,442.0,417.0,2865.0,3,0,7.0,5.762051382780177
Kabzaa,1988.0,143.0,"Action, Crime, Drama",5.9,185.0,1422.0,1667.0,2195.0,212.0,3,1,0.0,5.225746673713202
Kaccha Limboo,2011.0,141.0,"Comedy, Family",6.4,88.0,2378.0,1364.0,1046.0,496.0,3,1,4.0,4.48863636973214
Kacha Chor,1977.0,,Drama,4.4,7.0,1049.0,1763.0,2003.0,2613.0,3,0,7.0,2.0794415416798357
Kachche Dhaage,1999.0,144.0,"Action, Drama, Thriller",6.0,1428.0,1541.0,108.0,2126.0,1393.0,3,1,0.0,7.264730177929867
Kachche Heere,1982.0,,Action,5.3,27.0,1670.0,714.0,1998.0,637.0,3,0,0.0,3.332204510175204
Kachchi Sadak,2006.0,145.0,"Action, Drama",6.1,34.0,2445.0,1660.0,1671.0,2820.0,3,1,0.0,3.5553480614894135
Kadakh,2019.0,108.0,"Comedy, Drama, Thriller",7.0,1381.0,2048.0,1778.0,1316.0,1763.0,3,1,4.0,7.231287004327616
Kadal Meengal,1981.0,137.0,Drama,6.6,76.0,794.0,982.0,2518.0,176.0,3,0,7.0,4.343805421853684
Kadamban,2017.0,142.0,"Action, Adventure, Drama",5.3,417.0,1628.0,357.0,500.0,672.0,3,1,0.0,6.035481432524756
Kadambari,1976.0,,"Drama, Romance",6.4,7.0,952.0,2030.0,2749.0,584.0,3,1,7.0,2.0794415416798357
Kadhal Desam,1996.0,158.0,"Comedy, Drama, Romance",6.8,458.0,1262.0,31.0,2090.0,594.0,3,1,4.0,6.129050210060545
Kadhal Mannan,1998.0,135.0,"Drama, Romance",7.1,789.0,2491.0,126.0,1212.0,1318.0,3,1,7.0,6.672032945461067
Kadke Kamal Ke,2019.0,136.0,Comedy,6.8,5.0,1375.0,23.0,1556.0,2030.0,3,0,4.0,1.791759469228055
Kadvi Hawa,2017.0,95.0,Drama,8.1,985.0,1716.0,1457.0,2198.0,2091.0,3,0,7.0,6.893656354602635
Kafan,1990.0,147.0,Horror,5.8,48.0,700.0,898.0,916.0,2945.0,3,0,11.0,3.8918202981106265
Kagaar: Life on the Edge,2003.0,150.0,"Crime, Drama",5.7,50.0,1624.0,1494.0,1498.0,200.0,3,1,5.0,3.9318256327243257
Kahaani,2012.0,122.0,"Mystery, Thriller",8.1,59060.0,2765.0,2436.0,1662.0,961.0,3,1,14.0,10.986326087088196
Kahaani 2,2016.0,127.0,"Mystery, Thriller",6.6,5159.0,2765.0,2436.0,300.0,1089.0,3,1,14.0,8.548691858475609
Kahaani Gudiya Ki...: True Story of a Woman,2008.0,112.0,"Biography, Drama",5.8,32.0,1840.0,674.0,293.0,2030.0,3,1,3.0,3.4965075614664802
Kahan Hai Kanoon,1989.0,131.0,Action,6.9,7.0,648.0,1901.0,192.0,2674.0,3,0,0.0,2.0794415416798357
Kahan Ho Tum,2003.0,,"Drama, Family",3.9,22.0,3013.0,860.0,2166.0,2463.0,3,1,7.0,3.1354942159291497
Kahan Kahan Se Guzar,1986.0,,"Drama, Musical",5.4,10.0,256.0,2385.0,2681.0,2853.0,0,1,7.0,2.3978952727983707
Kahan Kahan Se Guzar Gaya,1981.0,,Drama,5.3,11.0,1402.0,1247.0,99.0,767.0,3,0,7.0,2.4849066497880004
Kahani Ek Chor Ki,1981.0,138.0,"Action, Crime",5.2,9.0,2314.0,389.0,1335.0,593.0,3,1,0.0,2.302585092994046
Kahani Hum Subb Ki,1973.0,,"Drama, Romance",3.1,9.0,2107.0,1181.0,1631.0,368.0,3,1,7.0,2.302585092994046
Kahani Kismat Ki,1973.0,131.0,"Action, Drama",6.0,90.0,323.0,631.0,2003.0,111.0,3,1,0.0,4.51085950651685
Kahani Kismat Ki,1999.0,,Action,4.9,8.0,775.0,1126.0,1401.0,2444.0,3,0,0.0,2.1972245773362196
Kahin Aur Chal,1968.0,,Drama,6.9,14.0,3003.0,616.0,337.0,2556.0,3,0,7.0,2.70805020110221
Kahin Din Kahin Raat,1968.0,165.0,"Action, Crime, Thriller",5.6,14.0,626.0,503.0,2209.0,1845.0,3,1,0.0,2.70805020110221
Kahin Hai Mera Pyar,2014.0,138.0,"Drama, Musical, Romance",5.7,18.0,1433.0,1190.0,664.0,806.0,3,1,7.0,2.9444389791664403
Kahin Pyaar Na Ho Jaaye,1963.0,120.0,Comedy,7.5,24.0,1206.0,2049.0,1375.0,1745.0,3,0,4.0,3.2188758248682006
Kaho Naa... Pyaar Hai,2000.0,172.0,"Action, Musical, Romance",6.9,14186.0,2136.0,830.0,153.0,312.0,3,1,0.0,9.560081331311986
Kahtey Hain Mujhko Raja,1975.0,,"Action, Family",5.2,21.0,536.0,631.0,474.0,920.0,3,1,0.0,3.091042453358316
Kai Kodukkam Kai,1984.0,131.0,"Action, Drama",6.3,75.0,1008.0,546.0,2832.0,2014.0,3,1,0.0,4.330733340286331
Kai Po Che,2013.0,120.0,"Drama, Sport",7.8,34048.0,66.0,203.0,2577.0,2023.0,3,1,7.0,10.435555942570769
Kairee,1999.0,93.0,Drama,5.4,104.0,214.0,2534.0,2356.0,1504.0,3,0,7.0,4.653960350157523
Kaisay Kahein...,2007.0,123.0,"Drama, Romance",6.2,54.0,1579.0,1728.0,1567.0,69.0,3,1,7.0,4.007333185232471
Kaise Kahoon,1964.0,,Drama,6.6,11.0,406.0,503.0,1493.0,1745.0,3,0,7.0,2.4849066497880004
Kaise Kahoon Ke... Pyaar Hai,2003.0,,"Crime, Romance",3.3,34.0,258.0,198.0,2307.0,703.0,3,1,5.0,3.5553480614894135
Kaise Kaise Rishte,1993.0,,Romance,4.9,7.0,145.0,416.0,2272.0,2947.0,3,0,15.0,2.0794415416798357
Kajarya,2013.0,132.0,Drama,6.6,131.0,1413.0,1277.0,2019.0,1247.0,3,0,7.0,4.882801922586371
Kajraare,2010.0,112.0,"Crime, Drama, Romance",2.8,404.0,1834.0,823.0,2214.0,212.0,3,1,5.0,6.003887067106539
Kajri,2013.0,84.0,Drama,6.0,48.0,965.0,337.0,2681.0,2853.0,1,0,7.0,3.8918202981106265
Kaksparsh,2012.0,140.0,"Drama, Family, History",7.9,779.0,1428.0,1896.0,1774.0,40.0,3,1,7.0,6.659293919683638
Kal Aaj Aur Kal,1971.0,156.0,"Family, Musical, Romance",6.9,308.0,2192.0,1612.0,1853.0,464.0,3,1,8.0,5.733341276897746
Kal Hamara Hai,1959.0,127.0,Drama,6.7,18.0,2328.0,1165.0,448.0,1045.0,3,0,7.0,2.9444389791664403
Kal Hamara Hai,2016.0,,Drama,5.9,9.0,704.0,2107.0,2637.0,929.0,3,0,7.0,2.302585092994046
Kal Ho Naa Ho,2003.0,186.0,"Comedy, Drama, Musical",7.9,64972.0,1715.0,1598.0,2270.0,2271.0,3,1,4.0,11.081727077966303
Kal Ki Awaz,1992.0,162.0,Action,6.2,65.0,446.0,1798.0,607.0,1965.0,3,0,0.0,4.189654742026425
Kal Kissne Dekha,2009.0,134.0,"Action, Crime, Romance",3.6,435.0,3091.0,871.0,1626.0,651.0,3,1,0.0,6.077642243349034
Kal: Yesterday and Tomorrow,2005.0,120.0,"Drama, Mystery, Thriller",6.3,111.0,2295.0,2097.0,1463.0,92.0,3,1,7.0,4.718498871295094
Kala Aadmi,1960.0,140.0,"Action, Drama, Mystery",6.0,7.0,2980.0,376.0,2411.0,1082.0,3,1,0.0,2.0794415416798357
Kala Bazaar,1989.0,160.0,"Action, Drama",5.5,203.0,2136.0,250.0,900.0,785.0,3,1,0.0,5.318119993844216
Kala Bazar,1960.0,163.0,"Crime, Drama, Musical",7.4,262.0,3003.0,616.0,2827.0,1607.0,3,1,5.0,5.572154032177765
Kala Coat,1993.0,,"Action, Crime, Drama",3.3,6.0,1532.0,1006.0,1364.0,484.0,3,1,0.0,1.9459101490553132
Kala Dhanda Goray Log,1986.0,158.0,"Drama, Family",5.7,35.0,2454.0,2262.0,2197.0,264.0,3,1,7.0,3.58351893845611
Kala Jigar,1939.0,,Unknown,3.3,173.0,988.0,2385.0,2681.0,2853.0,0,0,19.0,5.159055299214529
Kala Pani,1958.0,164.0,"Crime, Musical, Romance",7.1,277.0,2012.0,616.0,1230.0,1600.0,3,1,5.0,5.627621113690637
Kala Pani,1980.0,126.0,Action,5.6,16.0,2616.0,2082.0,1559.0,538.0,3,0,0.0,2.833213344056216
Kala Suraj,1985.0,,"Action, Drama",4.3,6.0,668.0,2084.0,2528.0,2040.0,3,1,0.0,1.9459101490553132
Kalaakaar,1983.0,,"Family, Romance",6.2,76.0,1758.0,1106.0,2488.0,2038.0,3,1,8.0,4.343805421853684
Kalabaaz,1977.0,145.0,"Action, Adventure, Drama",6.4,29.0,384.0,616.0,2864.0,1831.0,3,1,0.0,3.4011973816621555
Kalaignan,1993.0,143.0,"Action, Drama, Thriller",6.3,221.0,793.0,982.0,467.0,786.0,3,1,0.0,5.402677381872279
Kalank,1979.0,,Drama,5.4,12.0,1538.0,2385.0,2681.0,2853.0,0,0,7.0,2.5649493574615367
Kalank,2019.0,166.0,"Drama, Romance",3.6,11873.0,71.0,2419.0,130.0,1338.0,3,1,7.0,9.38210641483062
Kali Ganga,1990.0,,Action,4.0,16.0,2019.0,662.0,2571.0,868.0,3,0,0.0,2.833213344056216
Kali Ghata,1951.0,145.0,"Drama, Romance",6.3,9.0,1306.0,1069.0,466.0,390.0,3,1,7.0,2.302585092994046
Kali Ghata,1980.0,131.0,"Romance, Thriller, Mystery",5.8,33.0,2979.0,2082.0,2003.0,637.0,3,1,15.0,3.5263605246161616
Kali Salwaar,2002.0,112.0,Drama,6.2,95.0,772.0,1909.0,879.0,2734.0,3,0,7.0,4.564348191467836
Kali Topi Lal Rumal,1959.0,129.0,"Musical, Romance",5.7,15.0,2887.0,2049.0,514.0,88.0,3,1,13.0,2.772588722239781
Kalichaat,2018.0,70.0,Drama,8.0,6.0,2748.0,1569.0,2802.0,839.0,3,0,7.0,1.9459101490553132
Kalicharan,1976.0,143.0,"Action, Adventure, Crime",6.7,251.0,2730.0,2084.0,1998.0,111.0,3,1,0.0,5.529429087511423
Kalicharan,1998.0,,Action,4.9,11.0,971.0,861.0,1425.0,548.0,3,0,0.0,2.4849066497880004
Kalidas,1931.0,,"Drama, History, Musical",6.2,12.0,889.0,2314.0,1640.0,1274.0,3,1,7.0,2.5649493574615367
Kalka,1983.0,,Drama,6.0,8.0,1384.0,2084.0,1852.0,2060.0,3,0,7.0,2.1972245773362196
Kalloori Vaasal,1996.0,135.0,"Comedy, Romance",5.1,159.0,1816.0,126.0,1741.0,1805.0,3,1,4.0,5.075173815233827
Kalpana,1960.0,,Romance,7.1,19.0,1964.0,376.0,1645.0,1952.0,3,0,15.0,2.995732273553991
Kalpana,1948.0,122.0,Musical,6.7,39.0,2924.0,1116.0,2697.0,1287.0,3,0,13.0,3.6888794541139363
Kalsandhya,1997.0,124.0,Drama,7.2,13.0,486.0,813.0,1459.0,1546.0,3,0,7.0,2.6390573296152584
Kalyug,1981.0,152.0,Drama,7.8,501.0,2661.0,2082.0,2003.0,1965.0,3,0,7.0,6.218600119691729
Kalyug,2005.0,126.0,"Action, Crime, Drama",6.5,2566.0,1581.0,1108.0,586.0,2597.0,3,1,0.0,7.8504931808711405
Kalyug Aur Ramayan,1987.0,,Drama,4.4,53.0,458.0,1230.0,1899.0,1325.0,3,0,7.0,3.9889840465642745
Kalyug Ke Avtaar,1995.0,,"Action, Romance",3.2,13.0,2664.0,919.0,1998.0,1326.0,3,1,0.0,2.6390573296152584
Kama Sundari,2001.0,130.0,Thriller,5.2,17.0,465.0,1329.0,1474.0,2386.0,3,0,18.0,2.8903717578961645
Kamaal Dhamaal Malamaal,2012.0,148.0,"Comedy, Drama",4.1,750.0,1924.0,1389.0,2391.0,1746.0,3,1,4.0,6.621405651764134
Kamasutra 3D,2013.0,110.0,"Drama, Romance",6.5,510.0,2302.0,1315.0,28.0,1358.0,3,1,7.0,6.236369590203704
Kambakkht Ishq,2009.0,142.0,"Action, Comedy, Romance",3.9,6741.0,2359.0,2311.0,594.0,561.0,3,1,0.0,8.816111895794005
Kaminey,2009.0,130.0,"Action, Crime, Drama",7.4,16640.0,3070.0,2042.0,1785.0,654.0,3,1,0.0,9.719624808723344
Kamla,1984.0,120.0,Drama,7.1,55.0,1020.0,2030.0,593.0,1423.0,3,0,7.0,4.02535169073515
Kamla Ki Maut,1989.0,95.0,Drama,7.2,212.0,475.0,1514.0,2563.0,2207.0,3,0,7.0,5.3612921657094255
Kamlabai,1992.0,46.0,Documentary,7.6,8.0,2242.0,990.0,2681.0,2853.0,1,0,6.0,2.1972245773362196
Kamsin: The Untouched,1997.0,88.0,Drama,5.1,12.0,206.0,500.0,998.0,1097.0,3,0,7.0,2.5649493574615367
Kan Kan Men Bhagwan,1963.0,124.0,"Adventure, Drama, Fantasy",5.8,10.0,458.0,260.0,1251.0,2051.0,3,1,1.0,2.3978952727983707
Kanave Kalaiyadhe,1999.0,157.0,"Action, Drama",6.0,22.0,2945.0,1891.0,521.0,609.0,3,1,0.0,3.1354942159291497
Kanch Ki Gudiya,1961.0,,"Drama, Family",4.7,7.0,919.0,1230.0,2255.0,2556.0,3,1,7.0,2.0794415416798357
Kandy Twist,2019.0,113.0,Drama,8.2,8.0,2627.0,663.0,1666.0,870.0,3,0,7.0,2.1972245773362196
Kaneez,1949.0,140.0,"Drama, History",6.2,5.0,1326.0,1361.0,2409.0,2858.0,3,1,7.0,1.791759469228055
Kangan,1959.0,144.0,Mystery,6.8,9.0,1658.0,1463.0,358.0,1915.0,3,0,14.0,2.302585092994046
Kangan,1971.0,139.0,Drama,6.6,16.0,1170.0,376.0,1258.0,2339.0,3,0,7.0,2.833213344056216
Kanhaiya,1959.0,175.0,"Romance, Drama, Family",6.7,45.0,1743.0,1670.0,1628.0,1286.0,3,1,15.0,3.828641396489095
Kanhaiyaa,1981.0,,"Action, Crime, Drama",5.4,5.0,1287.0,1254.0,1337.0,389.0,3,1,0.0,1.791759469228055
Kanmani,1994.0,137.0,"Drama, Romance",3.7,7.0,1965.0,882.0,1319.0,1277.0,3,1,7.0,2.0794415416798357
Kannan Varuvaan,2000.0,135.0,Romance,5.8,39.0,2785.0,1026.0,1320.0,746.0,3,0,15.0,3.6888794541139363
Kanoon,1960.0,150.0,"Drama, Crime, Mystery",7.9,415.0,446.0,1695.0,358.0,1607.0,3,1,7.0,6.030685260261263
Kanoon,1994.0,104.0,"Action, Drama",3.1,135.0,2846.0,108.0,2689.0,1209.0,3,1,0.0,4.912654885736052
Kanoon Apna Apna,1989.0,162.0,"Action, Crime, Drama",5.6,146.0,847.0,657.0,1628.0,2330.0,3,1,0.0,4.990432586778736
Kanoon Ki Hathkadee,1988.0,,Action,4.0,9.0,1146.0,2215.0,1122.0,878.0,3,0,0.0,2.302585092994046
Kanoon Ki Zanjeer,1990.0,,"Action, Crime",4.2,11.0,1755.0,631.0,934.0,1965.0,3,1,0.0,2.4849066497880004
Kanoon Kya Karega,1984.0,,Thriller,6.2,45.0,1606.0,2292.0,593.0,948.0,3,0,18.0,3.828641396489095
Kanoon Meri Mutthi Mein,1984.0,,Action,6.6,5.0,565.0,961.0,1852.0,1781.0,3,0,0.0,1.791759469228055
Kanpuriye,2019.0,103.0,Drama,6.3,1098.0,358.0,312.0,649.0,2933.0,3,0,7.0,7.002155954403621
Kanwarlal,1988.0,150.0,"Action, Drama",4.6,18.0,2345.0,1938.0,296.0,1965.0,3,1,0.0,2.9444389791664403
Kanyadaan,1968.0,149.0,"Drama, Romance",7.3,78.0,1567.0,368.0,2321.0,2404.0,3,1,7.0,4.3694478524670215
Kanyadaan,2017.0,114.0,Drama,6.9,17.0,162.0,606.0,1439.0,643.0,3,0,7.0,2.8903717578961645
Kaphal: Wild Berries,2013.0,90.0,"Action, Adventure, Drama",8.2,45.0,478.0,808.0,1946.0,2663.0,3,1,0.0,3.828641396489095
Kapoor & Sons,2016.0,132.0,"Comedy, Drama, Family",7.7,23991.0,2564.0,1835.0,1873.0,2105.0,3,1,4.0,10.085475720428844
Karam,2005.0,117.0,"Action, Crime, Drama",5.5,1324.0,2447.0,937.0,1785.0,502.0,3,1,0.0,7.1891677384203225
Karamati Coat,1993.0,86.0,"Comedy, Family, Fantasy",7.1,182.0,117.0,1562.0,2589.0,2957.0,3,1,4.0,5.209486152841421
Karamdaata,1986.0,,Drama,5.7,21.0,2598.0,2058.0,1401.0,212.0,3,0,7.0,3.091042453358316
Karan,1994.0,120.0,Action,4.0,23.0,2624.0,2494.0,1759.0,482.0,3,0,0.0,3.1780538303479458
Karan Arjun,1995.0,175.0,"Action, Drama, Fantasy",6.8,13394.0,2136.0,1735.0,2150.0,2425.0,3,1,0.0,9.502636781978708
Karar: The Deal,2014.0,115.0,Thriller,4.2,64.0,2358.0,1168.0,2636.0,2477.0,3,0,18.0,4.174387269895637
Karate,1983.0,127.0,"Action, Drama, Musical",6.2,56.0,635.0,1304.0,573.0,1107.0,3,1,0.0,4.04305126783455
Kareeb,1998.0,145.0,"Drama, Romance",6.5,1094.0,3000.0,508.0,2264.0,34.0,3,1,7.0,6.9985096422506015
Karim Mohammed,2018.0,99.0,Drama,4.8,30.0,1820.0,165.0,2734.0,2003.0,3,0,7.0,3.4339872044851463
Karishma Kali Kaa,1990.0,,Horror,4.1,13.0,383.0,220.0,2325.0,2859.0,3,0,11.0,2.6390573296152584
Karishma Kudrat Kaa,1985.0,185.0,"Action, Drama",6.1,57.0,2797.0,1786.0,2688.0,1494.0,3,1,0.0,4.060443010546419
Karishmaa,1984.0,130.0,"Crime, Thriller",6.5,43.0,969.0,982.0,1998.0,2817.0,3,1,5.0,3.784189633918261
Karle Pyaar Karle,2014.0,110.0,"Action, Romance",2.7,128.0,2082.0,2100.0,810.0,90.0,3,1,0.0,4.859812404361672
Karm,1977.0,156.0,"Drama, Family",6.7,72.0,446.0,1702.0,2747.0,2417.0,3,1,7.0,4.290459441148391
Karma,1986.0,193.0,"Action, Adventure, Drama",7.4,1946.0,2730.0,657.0,1628.0,1623.0,3,1,0.0,7.5740450053721995
"Karma, Confessions and Holi",2009.0,110.0,Drama,2.9,125.0,1465.0,1786.0,306.0,1249.0,3,0,7.0,4.836281906951478
Karma: Crime. Passion. Reincarnation,2008.0,97.0,"Crime, Drama, Mystery",5.0,105.0,1400.0,168.0,498.0,2943.0,3,1,5.0,4.663439094112067
Karmayogi,1978.0,,"Action, Drama",6.0,42.0,2154.0,1181.0,1813.0,1055.0,3,1,0.0,3.7612001156935624
Karmveer,1980.0,,Action,7.6,15.0,1559.0,1991.0,224.0,1043.0,3,0,0.0,2.772588722239781
Karmyoddha,1992.0,,"Action, Drama",6.2,22.0,631.0,1667.0,629.0,1028.0,3,1,0.0,3.1354942159291497
Karmyudh,1985.0,130.0,Action,4.4,16.0,2857.0,1304.0,219.0,1845.0,3,0,0.0,2.833213344056216
Karobaar: The Business of Love,2000.0,180.0,"Drama, Romance",4.4,237.0,2136.0,951.0,207.0,2165.0,3,1,7.0,5.472270673671475
Karodpati,1936.0,,Unknown,6.3,9.0,1982.0,2083.0,1000.0,2853.0,2,0,19.0,2.302585092994046
Kartavya,1995.0,,"Action, Drama, Thriller",5.0,58.0,2009.0,1971.0,982.0,1544.0,3,1,0.0,4.07753744390572
Kartavya,1979.0,168.0,"Action, Drama",7.0,55.0,1567.0,631.0,2003.0,1715.0,3,1,0.0,4.02535169073515
Karthik Calling Karthik,2010.0,135.0,"Drama, Mystery, Romance",7.1,11005.0,3015.0,703.0,591.0,2047.0,3,1,7.0,9.306195857619704
Kartoos,1999.0,124.0,"Action, Thriller",5.1,514.0,1422.0,1969.0,900.0,1393.0,3,1,0.0,6.244166900663736
Kartooz,2014.0,97.0,"Action, Adventure",3.0,7.0,1791.0,710.0,210.0,2706.0,3,1,0.0,2.0794415416798357
Karunamayudu,1978.0,160.0,"Biography, Drama, Family",7.7,37.0,0.0,558.0,513.0,1986.0,3,1,3.0,3.6375861597263857
Karwaan,2018.0,114.0,"Adventure, Comedy, Drama",7.6,13986.0,142.0,853.0,657.0,1491.0,3,1,1.0,9.545883605779304
Karwat,1982.0,,Action,3.8,5.0,254.0,1304.0,468.0,2686.0,3,0,0.0,1.791759469228055
Karz,1980.0,159.0,"Action, Musical, Romance",7.5,2146.0,2730.0,1835.0,2648.0,2586.0,3,1,0.0,7.671826797878781
Karz Chukana Hai,1991.0,,Drama,5.5,95.0,3042.0,767.0,982.0,1971.0,3,0,7.0,4.564348191467836
Karz: The Burden of Truth,2002.0,173.0,"Action, Crime, Drama",3.9,390.0,920.0,2270.0,2552.0,2511.0,3,1,0.0,5.968707559985366
Karzzzz,2008.0,142.0,"Action, Drama, Musical",2.1,1238.0,2508.0,823.0,2689.0,2562.0,3,1,0.0,7.122059881629142
Kasaai,2019.0,96.0,Drama,6.6,29.0,805.0,1745.0,352.0,189.0,3,0,7.0,3.4011973816621555
Kasak,1992.0,150.0,"Drama, Romance",5.1,27.0,1146.0,310.0,373.0,1293.0,3,1,7.0,3.332204510175204
Kasak,2005.0,107.0,Drama,4.5,63.0,2094.0,1143.0,1359.0,1910.0,3,0,7.0,4.1588830833596715
Kasam,1988.0,157.0,"Action, Drama, Romance",5.1,53.0,2934.0,1257.0,2510.0,1192.0,3,1,0.0,3.9889840465642745
Kasam,2001.0,,"Action, Drama",2.9,105.0,2616.0,1405.0,2557.0,615.0,3,1,0.0,4.663439094112067
Kasam Bhawani Ki,1981.0,,Action,6.4,5.0,565.0,1151.0,2844.0,2943.0,3,0,0.0,1.791759469228055
Kasam Khoon Ki,1977.0,,"Action, Thriller",5.3,10.0,384.0,919.0,2528.0,427.0,3,1,0.0,2.3978952727983707
Kasam Paida Karne Wale Ki,1984.0,145.0,"Action, Drama",5.7,131.0,453.0,1304.0,2436.0,2286.0,3,1,0.0,4.882801922586371
Kasam Suhag Ki,1989.0,,"Action, Crime, Drama",4.9,21.0,1567.0,631.0,2003.0,2742.0,3,1,0.0,3.091042453358316
Kasam Tere Pyar Ki,2001.0,,Romance,5.6,7.0,2346.0,2385.0,2681.0,2853.0,0,0,15.0,2.0794415416798357
Kasam Teri Kasam,1993.0,156.0,"Drama, Romance",4.3,15.0,2162.0,1077.0,1033.0,1267.0,3,1,7.0,2.772588722239781
Kasam Vardi Kee,1989.0,,"Action, Crime",4.3,13.0,2616.0,919.0,447.0,615.0,3,1,0.0,2.6390573296152584
Kasauti,1974.0,131.0,"Drama, Romance",5.9,115.0,315.0,809.0,173.0,1845.0,3,1,7.0,4.7535901911063645
Kasba,1991.0,121.0,Drama,7.0,49.0,1347.0,1426.0,999.0,1406.0,3,0,7.0,3.912023005428146
Kash... Aap Hamare Hote,2003.0,,"Family, Musical, Romance",5.0,86.0,2236.0,950.0,2477.0,1746.0,3,1,8.0,4.465908118654584
Kashmakash,1973.0,134.0,"Action, Family, Mystery",5.4,13.0,782.0,714.0,2003.0,2480.0,3,1,0.0,2.6390573296152584
Kashmir Daily,2018.0,148.0,"Drama, Thriller",6.7,23.0,964.0,2545.0,2276.0,944.0,3,1,7.0,3.1780538303479458
Kashmir Ki Kali,1964.0,168.0,"Comedy, Musical, Romance",7.1,487.0,2563.0,2058.0,2312.0,1845.0,3,1,4.0,6.1903154058531475
Kashmira,1983.0,,Unknown,2.7,9.0,2766.0,2424.0,1431.0,1935.0,3,0,19.0,2.302585092994046
Kashmoraa,1990.0,,Horror,6.6,25.0,2493.0,461.0,1883.0,2853.0,2,0,11.0,3.258096538021482
Kasme Vaade,1978.0,,"Action, Crime, Drama",6.6,411.0,2174.0,1735.0,173.0,2074.0,3,1,0.0,6.021023349349527
Kasoor,2001.0,151.0,"Drama, Mystery, Thriller",6.0,937.0,3035.0,674.0,2498.0,1308.0,3,1,7.0,6.843749949006225
Kastoori,2019.0,100.0,Drama,8.7,31.0,3052.0,1941.0,2383.0,2853.0,2,0,7.0,3.4657359027997265
Kasturi,1980.0,,Drama,5.6,11.0,523.0,89.0,1401.0,376.0,3,0,7.0,2.4849066497880004
Kath Putli,1957.0,152.0,"Drama, Family",6.9,29.0,1726.0,210.0,2824.0,481.0,3,1,7.0,3.4011973816621555
Katha,1983.0,141.0,"Comedy, Drama",7.8,1113.0,2384.0,1405.0,696.0,675.0,3,1,4.0,7.01571242048723
Kathor,2018.0,110.0,Drama,5.6,10.0,1249.0,1117.0,2335.0,46.0,3,0,7.0,2.3978952727983707
Kathputli,1971.0,148.0,"Drama, Romance",6.9,34.0,546.0,919.0,1455.0,919.0,3,1,7.0,3.5553480614894135
Kati Patang,1970.0,167.0,"Drama, Family, Musical",7.2,946.0,2563.0,1702.0,337.0,1872.0,3,1,7.0,6.853299093186078
Katilon Ke Kaatil,1981.0,199.0,"Action, Comedy, Drama",6.4,92.0,255.0,326.0,607.0,2165.0,3,1,0.0,4.532599493153256
Katiyabaaz,2013.0,84.0,"Documentary, Drama",7.8,485.0,665.0,695.0,2039.0,1309.0,3,1,6.0,6.186208623900494
Katputtli,2006.0,119.0,Thriller,5.6,24.0,2456.0,1297.0,1389.0,2295.0,3,0,18.0,3.2188758248682006
Katti Batti,2015.0,135.0,"Comedy, Drama, Romance",4.9,2856.0,1715.0,842.0,1036.0,2681.0,3,1,4.0,7.957527402230773
Kaun Apna Kaun Paraya,1963.0,,"Drama, Family",4.7,9.0,1718.0,2511.0,2753.0,1082.0,3,1,7.0,2.302585092994046
Kaun Hai Jo Sapno Mein Aaya,2004.0,127.0,Musical,5.1,46.0,2071.0,1825.0,255.0,1110.0,3,0,13.0,3.8501476017100584
Kaun Jeeta Kaun Haara,1987.0,119.0,"Comedy, Drama",5.9,29.0,2130.0,2356.0,173.0,510.0,3,1,4.0,3.4011973816621555
Kaun Kare Kurbanie,1991.0,154.0,"Action, Crime, Drama",3.2,49.0,323.0,631.0,763.0,264.0,3,1,0.0,3.912023005428146
Kaun Kitney Paani Mein,2015.0,112.0,"Comedy, Drama, Family",6.1,458.0,1716.0,1107.0,1827.0,2393.0,3,1,4.0,6.129050210060545
Kaun Kitney Pani Mein,1987.0,,"Action, Thriller",6.4,33.0,2616.0,1169.0,483.0,1503.0,3,1,0.0,3.5263605246161616
Kaun Rokega Mujhe,1997.0,123.0,"Action, Thriller",3.8,18.0,1216.0,560.0,2111.0,427.0,3,1,0.0,2.9444389791664403
Kaun Sachcha Kaun Jhootha,1997.0,130.0,"Drama, Mystery, Thriller",5.5,101.0,1804.0,1835.0,2488.0,2742.0,3,1,7.0,4.624972813284271
Kaun?,1999.0,90.0,"Mystery, Thriller",7.8,3764.0,2146.0,2390.0,1305.0,2751.0,3,1,14.0,8.233503140233994
Kaun? Kaisey?,1983.0,127.0,Crime,6.4,45.0,1694.0,449.0,465.0,342.0,3,0,5.0,3.828641396489095
Kavi,1954.0,,Romance,3.6,8.0,636.0,463.0,744.0,1600.0,3,0,15.0,2.1972245773362196
Kavi Kalidas,1959.0,139.0,"Drama, Musical",7.1,17.0,2336.0,463.0,1603.0,261.0,3,1,7.0,2.8903717578961645
Kaya Palat,1983.0,121.0,"Comedy, Fantasy",6.7,14.0,2519.0,2290.0,243.0,409.0,3,1,4.0,2.70805020110221
Kayda Kanoon,1993.0,150.0,"Action, Crime, Drama",5.0,504.0,1854.0,145.0,2503.0,419.0,3,1,0.0,6.22455842927536
Kedarnath,2018.0,116.0,"Drama, Romance",6.9,11446.0,66.0,2298.0,2212.0,1729.0,3,1,7.0,9.345482965918476
Keemat,1973.0,132.0,Action,6.8,48.0,2230.0,631.0,2003.0,1872.0,3,0,0.0,3.8918202981106265
Keemat: They Are Back,1998.0,162.0,"Action, Comedy, Drama",5.7,1146.0,2411.0,145.0,1980.0,2271.0,3,1,0.0,7.044905117129371
Kehta Hai Yeh Dil,2020.0,116.0,"Comedy, Drama",3.3,10.0,1972.0,1759.0,2314.0,763.0,3,1,4.0,2.3978952727983707
Kehtaa Hai Dil Baar Baar,2002.0,119.0,"Comedy, Drama, Romance",4.7,182.0,2000.0,1522.0,960.0,1201.0,3,1,4.0,5.209486152841421
Kerry on Kutton,2016.0,125.0,Drama,5.7,216.0,387.0,471.0,2239.0,336.0,3,0,7.0,5.37989735354046
Kesari,2019.0,150.0,"Action, Drama, History",7.4,15660.0,301.0,145.0,1669.0,2757.0,3,1,0.0,9.658928824466434
Kevi Rite Jaish,2012.0,128.0,"Comedy, Family",8.1,869.0,64.0,2360.0,40.0,2034.0,3,1,4.0,6.76849321164863
Khaali Peeli,2020.0,119.0,"Action, Comedy, Romance",2.3,8106.0,1506.0,858.0,199.0,1000.0,3,1,0.0,9.000483164987708
Khaan Dost,1976.0,157.0,"Action, Crime, Drama",5.6,38.0,744.0,1670.0,2325.0,1493.0,3,1,0.0,3.6635616461296463
Khabardar,1984.0,167.0,Family,5.9,23.0,2160.0,206.0,1020.0,1039.0,3,0,8.0,3.1780538303479458
Khajoor Pe Atke,2018.0,119.0,Comedy,5.6,221.0,922.0,2476.0,2543.0,156.0,3,0,4.0,5.402677381872279
Khakee,2004.0,174.0,"Action, Crime, Drama",7.4,15192.0,2109.0,206.0,114.0,104.0,3,1,0.0,9.628590074443766
Khal Nayak,1993.0,190.0,"Action, Adventure, Crime",7.2,3064.0,2730.0,1969.0,1234.0,988.0,3,1,0.0,8.027802848370312
Khalifa,1976.0,140.0,"Action, Crime, Drama",5.7,15.0,1867.0,1763.0,2003.0,947.0,3,1,0.0,2.772588722239781
Khallas: The Beginning of End,2007.0,121.0,"Crime, Drama, Romance",4.0,11.0,2778.0,1455.0,2201.0,1969.0,3,1,5.0,2.4849066497880004
Khallballi: Fun Unlimited,2008.0,,"Comedy, Thriller",5.8,18.0,110.0,1454.0,2109.0,2553.0,3,1,4.0,2.9444389791664403
Khalli Balli,2019.0,,"Comedy, Horror",5.2,5.0,1495.0,974.0,373.0,1483.0,3,1,4.0,1.791759469228055
Khal-Naaikaa,1993.0,147.0,"Crime, Drama, Thriller",3.7,141.0,2356.0,919.0,934.0,296.0,3,1,5.0,4.955827057601261
Khalnayak,2004.0,74.0,Action,6.3,12.0,1300.0,2007.0,1071.0,1173.0,3,0,0.0,2.5649493574615367
Khamiyaza: Journey of a Common Man,2019.0,130.0,"Action, Drama",4.6,20.0,642.0,815.0,1699.0,159.0,3,1,0.0,3.044522437723423
Khamosh,1986.0,101.0,"Mystery, Thriller",7.5,944.0,3000.0,2030.0,175.0,1623.0,3,1,14.0,6.851184927493743
Khamosh Adalat Jaari Hai,2017.0,100.0,Drama,7.7,52.0,2260.0,1393.0,1751.0,114.0,3,0,7.0,3.970291913552122
Khamoshh... Khauff Ki Raat,2005.0,123.0,"Mystery, Thriller",3.3,245.0,658.0,2095.0,982.0,2482.0,3,1,14.0,5.5053315359323625
Khamoshi,1970.0,127.0,"Drama, Romance",7.7,546.0,399.0,1702.0,2827.0,1624.0,3,1,7.0,6.304448802421981
Khamoshi,2019.0,96.0,"Horror, Thriller",3.5,239.0,564.0,1561.0,2614.0,514.0,3,1,11.0,5.480638923341991
Khamoshi: The Musical,1996.0,160.0,"Drama, Musical, Romance",7.5,3110.0,2457.0,1214.0,1490.0,2288.0,3,1,7.0,8.042699496897637
Khamoshiyan,2015.0,122.0,"Drama, Horror, Romance",4.0,1220.0,1245.0,777.0,124.0,2346.0,3,1,7.0,7.107425474110705
Khan kluay,2006.0,79.0,"Animation, Adventure, Family",5.9,1159.0,1313.0,2358.0,114.0,326.0,3,1,2.0,7.05617528410041
Khandaan,1942.0,171.0,"Drama, Family",6.2,14.0,2601.0,1486.0,1732.0,848.0,3,1,7.0,2.70805020110221
Khandaan,1979.0,130.0,"Drama, Romance",6.5,19.0,254.0,919.0,2528.0,537.0,3,1,7.0,2.995732273553991
Khandaani Shafakhana,2019.0,136.0,"Comedy, Drama",4.0,1141.0,2619.0,2182.0,421.0,2899.0,3,1,4.0,7.040536390215956
Khandan,1965.0,158.0,"Drama, Musical",6.9,145.0,0.0,2262.0,1628.0,1845.0,3,1,7.0,4.983606621708336
Khandhar,1984.0,106.0,Drama,7.2,242.0,1594.0,2030.0,240.0,1767.0,3,0,7.0,5.493061443340548
Khanjar,1980.0,134.0,Thriller,5.8,16.0,406.0,1425.0,1998.0,203.0,3,0,18.0,2.833213344056216
Khanjar,2003.0,,Action,3.2,60.0,646.0,527.0,2552.0,2771.0,3,0,0.0,4.110873864173311
Khanna & Iyer,2007.0,103.0,Comedy,5.1,49.0,934.0,1999.0,60.0,366.0,3,0,4.0,3.912023005428146
Khap,2011.0,125.0,"Drama, Thriller",5.0,104.0,107.0,1654.0,1851.0,1520.0,3,1,7.0,4.653960350157523
Khargosh,2009.0,94.0,Drama,7.7,24.0,1798.0,2385.0,2681.0,2853.0,0,0,7.0,3.2188758248682006
Khatarnaak,1990.0,223.0,"Action, Crime, Drama",5.2,82.0,500.0,1969.0,219.0,785.0,3,1,0.0,4.418840607796598
Khatra,1991.0,,"Horror, Thriller",2.8,6.0,890.0,1205.0,758.0,942.0,3,1,11.0,1.9459101490553132
Khatron Ke Khiladi,1988.0,156.0,"Action, Drama",4.8,181.0,2160.0,631.0,2195.0,615.0,3,1,0.0,5.204006687076795
Khatron Ke Khiladi,2001.0,,Action,3.6,12.0,971.0,861.0,1852.0,2668.0,3,0,0.0,2.5649493574615367
Khatta Meetha,1978.0,128.0,"Comedy, Drama",7.5,862.0,475.0,376.0,1920.0,537.0,3,1,4.0,6.760414691083428
Khatta Meetha,2010.0,157.0,"Comedy, Crime, Drama",5.7,9891.0,1924.0,145.0,2663.0,1246.0,3,1,4.0,9.199481628641307
Khauff,2000.0,124.0,"Action, Crime, Drama",4.4,361.0,2450.0,1969.0,1290.0,2456.0,3,1,0.0,5.8916442118257715
Khayal Gatha,1989.0,103.0,"Drama, Music",6.6,34.0,1347.0,1200.0,1873.0,1490.0,3,1,7.0,3.5553480614894135
Khazana,1987.0,,"Action, Crime, Drama",5.1,27.0,918.0,1763.0,2003.0,538.0,3,1,0.0,3.332204510175204
Khazanchi,1958.0,51.0,Romance,5.8,12.0,1911.0,2142.0,428.0,610.0,3,0,15.0,2.5649493574615367
Khazanchi,1941.0,171.0,Mystery,7.0,26.0,1589.0,1149.0,1948.0,1416.0,3,0,14.0,3.295836866004329
Khejdi,2018.0,92.0,Drama,8.1,27.0,2274.0,1619.0,2122.0,493.0,3,0,7.0,3.332204510175204
Khel,1992.0,152.0,"Comedy, Drama, Romance",6.4,541.0,2136.0,310.0,1759.0,1338.0,3,1,4.0,6.295266001439646
Khel,1950.0,,Drama,7.8,11.0,2331.0,616.0,272.0,891.0,3,0,7.0,2.4849066497880004
Khel,2003.0,174.0,"Action, Crime, Drama",4.0,467.0,3123.0,2270.0,2552.0,106.0,3,1,0.0,6.148468295917647
Khel Khel Mein,1975.0,139.0,"Comedy, Mystery, Romance",7.5,367.0,2225.0,1835.0,1559.0,2040.0,3,1,4.0,5.908082938168931
Khel Khilari Ka,1977.0,90.0,"Action, Thriller",6.2,49.0,323.0,631.0,2263.0,708.0,3,1,0.0,3.912023005428146
Khel Mohabbat Ka,1986.0,,Romance,6.2,13.0,2506.0,707.0,1714.0,2438.0,3,0,15.0,2.6390573296152584
Khel Toh Ab Shuru Hoga,2016.0,130.0,"Action, Thriller",5.2,10.0,1355.0,1876.0,602.0,2192.0,3,1,0.0,2.3978952727983707
Khela,2008.0,97.0,"Comedy, Drama",7.2,222.0,2264.0,790.0,1282.0,2368.0,3,1,4.0,5.407171771460119
Khelein Hum Jee Jaan Sey,2010.0,168.0,"Action, Drama, History",5.8,1249.0,391.0,45.0,591.0,2582.0,3,1,0.0,7.1308988302963465
Khichdi: The Movie,2010.0,120.0,"Comedy, Family",7.2,2238.0,35.0,236.0,2563.0,1992.0,3,1,4.0,7.713784616598755
Khilaaf,1991.0,,"Action, Comedy, Crime",5.3,76.0,2060.0,1170.0,630.0,1747.0,3,1,0.0,4.343805421853684
Khiladi,1992.0,157.0,"Action, Mystery, Romance",7.2,7726.0,38.0,1251.0,114.0,447.0,3,1,0.0,8.952475967933584
Khiladi 420,2000.0,157.0,"Action, Romance, Thriller",5.2,1769.0,1700.0,145.0,1249.0,294.0,3,1,0.0,7.478734825567875
Khiladi 786,2012.0,141.0,"Action, Comedy",4.3,6582.0,366.0,145.0,370.0,933.0,3,1,0.0,8.792245847467877
Khiladi No 1,1997.0,,Action,6.6,19.0,1309.0,550.0,177.0,1938.0,3,0,0.0,2.995732273553991
Khiladiyon Ka Khiladi,1996.0,162.0,"Action, Crime, Drama",6.0,5748.0,2934.0,145.0,2003.0,2107.0,3,1,0.0,8.656781205623291
Khilari,1968.0,138.0,"Action, Sci-Fi",6.8,19.0,955.0,711.0,624.0,2848.0,3,1,0.0,2.995732273553991
Khilona,1996.0,,"Drama, Romance",6.2,28.0,652.0,79.0,2286.0,1505.0,3,1,7.0,3.367295829986474
Khilona,1970.0,160.0,"Drama, Musical, Romance",7.2,327.0,571.0,1980.0,1455.0,754.0,3,1,7.0,5.793013608384144
Khilona Bana Khalnayak,1995.0,,"Comedy, Horror",6.7,166.0,1427.0,1070.0,1183.0,2120.0,3,1,4.0,5.117993812416755
Khofnak Mahal,1998.0,,Horror,2.5,11.0,2845.0,516.0,930.0,1844.0,3,0,11.0,2.4849066497880004
Khoj,1971.0,,Action,5.5,6.0,1132.0,601.0,694.0,2480.0,3,0,0.0,1.9459101490553132
Khoj,1989.0,113.0,"Mystery, Thriller",7.1,272.0,1276.0,1835.0,1510.0,1202.0,3,1,14.0,5.60947179518496
Khoj,2017.0,116.0,"Crime, Mystery, Thriller",6.8,449.0,329.0,2461.0,2324.0,1817.0,3,1,5.0,6.1092475827643655
Khokababu,2012.0,158.0,"Comedy, Romance",5.1,221.0,2575.0,713.0,473.0,543.0,3,1,4.0,5.402677381872279
Khol De Meri Zuban,1989.0,,"Comedy, Drama",5.1,18.0,615.0,664.0,2764.0,625.0,3,1,4.0,2.9444389791664403
Khoobsurat,1999.0,153.0,"Action, Comedy, Romance",5.3,758.0,2444.0,1969.0,2689.0,1746.0,3,1,0.0,6.63200177739563
Khoobsurat,2014.0,130.0,"Comedy, Romance",6.4,7877.0,2593.0,2188.0,700.0,2105.0,3,1,4.0,8.971829343530851
Khoon Aur Paani,1981.0,141.0,"Action, Drama",5.7,34.0,565.0,714.0,949.0,2136.0,3,1,0.0,3.5553480614894135
Khoon aur Sazaa,1985.0,,Action,7.2,5.0,906.0,2026.0,621.0,1122.0,3,0,0.0,1.791759469228055
Khoon Bhari Maang,1988.0,172.0,"Drama, Thriller, Action",6.6,1024.0,2136.0,1818.0,1003.0,2638.0,3,1,7.0,6.932447891572509
Khoon Ka Badla Khoon,1978.0,,"Action, Thriller",6.3,11.0,1206.0,2487.0,1238.0,392.0,3,1,0.0,2.4849066497880004
Khoon Ka Karz,1991.0,151.0,"Action, Crime, Drama",4.8,84.0,1606.0,2487.0,629.0,2014.0,3,1,0.0,4.442651256490317
Khoon Ka Rishta,1981.0,117.0,Action,4.1,7.0,2417.0,919.0,1559.0,203.0,3,0,0.0,2.0794415416798357
Khoon Kharaba,1980.0,,Action,5.5,6.0,646.0,2489.0,468.0,1429.0,3,0,0.0,1.9459101490553132
Khoon Khoon,1973.0,,"Crime, Mystery, Thriller",5.2,31.0,1557.0,1169.0,562.0,992.0,3,1,5.0,3.4657359027997265
Khoon Ki Keemat,1974.0,126.0,"Action, Thriller",6.1,9.0,2616.0,1169.0,1548.0,2208.0,3,1,0.0,2.302585092994046
Khoon Ki Pukaar,1978.0,,"Action, Drama, Musical",5.7,18.0,2172.0,2487.0,2263.0,371.0,3,1,0.0,2.9444389791664403
Khoon Ki Pyasi,1996.0,117.0,Horror,2.7,21.0,1172.0,1840.0,1941.0,1029.0,3,0,11.0,3.091042453358316
Khoon Pasina,1977.0,210.0,"Action, Drama",6.2,357.0,2130.0,206.0,2791.0,2136.0,3,1,0.0,5.8805329864007
Khooni Ilaaka: The Prohibited Area,1999.0,87.0,Horror,5.6,21.0,1105.0,1066.0,292.0,252.0,3,0,11.0,3.091042453358316
Khooni Insaan,1988.0,,Thriller,3.9,8.0,1924.0,1316.0,2008.0,1651.0,3,0,18.0,2.1972245773362196
Khooni Kaala Jadu,2000.0,,Horror,5.9,11.0,1954.0,500.0,979.0,1471.0,3,0,11.0,2.4849066497880004
Khooni Mahal,1987.0,,Horror,5.8,36.0,1560.0,1671.0,2378.0,1029.0,3,0,11.0,3.6109179126442243
Khooni Murdaa,1989.0,127.0,Horror,4.1,39.0,1560.0,603.0,930.0,2653.0,3,0,11.0,3.6888794541139363
Khooni Panja,1991.0,130.0,Horror,5.5,41.0,3057.0,248.0,907.0,1029.0,3,0,11.0,3.7376696182833684
Khooni Raat,1991.0,,Horror,5.2,26.0,481.0,1885.0,840.0,1029.0,3,0,11.0,3.295836866004329
Khopdi: The Skull,1999.0,97.0,Horror,2.8,8.0,2183.0,1698.0,2286.0,2347.0,3,0,11.0,2.1972245773362196
Khosla Ka Ghosla!,2006.0,135.0,"Comedy, Crime, Drama",8.3,22723.0,709.0,296.0,481.0,1784.0,3,1,4.0,10.031176913677017
Khota Paisa,1958.0,145.0,Drama,4.7,7.0,1391.0,940.0,2411.0,1057.0,3,0,7.0,2.0794415416798357
Khote Sikkay,1974.0,132.0,"Action, Crime, Drama",6.2,109.0,1670.0,714.0,2001.0,637.0,3,1,0.0,4.700480365792417
Khote Sikkey,1998.0,,Crime,4.7,15.0,1804.0,418.0,1223.0,429.0,3,0,5.0,2.772588722239781
Khoya,2015.0,82.0,Drama,7.5,77.0,2416.0,1875.0,1988.0,2656.0,3,0,7.0,4.356708826689592
Khoya Khoya Chand,2007.0,131.0,"Drama, Romance",6.3,527.0,2753.0,2097.0,2446.0,1988.0,3,1,7.0,6.269096283706261
Khubsoorat,1980.0,126.0,"Comedy, Drama, Family",7.6,1621.0,962.0,376.0,2003.0,2040.0,3,1,4.0,7.3914152346753585
Khuda Gawah,1992.0,193.0,"Action, Adventure, Drama",6.5,1879.0,1606.0,206.0,2488.0,1589.0,3,1,0.0,7.539027055823995
Khuda Haafiz,2020.0,133.0,"Action, Adventure, Drama",7.4,16142.0,776.0,2438.0,2366.0,287.0,3,1,0.0,9.689241798157529
Khuda Hafiz,1983.0,91.0,Drama,8.1,27.0,1292.0,1788.0,2352.0,2861.0,3,0,7.0,3.332204510175204
Khuda Kasam,1981.0,,"Drama, Family, Romance",5.5,31.0,1380.0,2487.0,2648.0,111.0,3,1,7.0,3.4657359027997265
Khuda Kasam,2010.0,160.0,"Action, Crime, Drama",3.2,100.0,1171.0,2270.0,2607.0,488.0,3,1,0.0,4.61512051684126
Khudai,1994.0,,Drama,5.9,23.0,1121.0,1702.0,1221.0,670.0,3,0,7.0,3.1780538303479458
Khud-Daar,1982.0,169.0,"Action, Drama",6.9,365.0,2225.0,1980.0,173.0,2982.0,3,1,0.0,5.902633333401366
Khuddar,1994.0,167.0,"Action, Drama, Thriller",5.1,330.0,990.0,767.0,1065.0,2438.0,3,1,0.0,5.802118375377063
Khudgarz,1987.0,158.0,Drama,5.8,293.0,2136.0,919.0,2325.0,500.0,3,0,7.0,5.683579767338681
Khufia Mahal,1964.0,140.0,"Adventure, Comedy, Drama",5.8,9.0,21.0,1509.0,540.0,1507.0,3,1,1.0,2.302585092994046
Khul Ja Sim Sim,1956.0,,Action,5.6,5.0,930.0,825.0,1126.0,1355.0,3,0,0.0,1.791759469228055
Khule-Aam,1992.0,155.0,Action,5.8,17.0,337.0,631.0,2297.0,1654.0,3,0,0.0,2.8903717578961645
Khuli Khidki,1989.0,,Crime,3.5,13.0,1753.0,40.0,296.0,806.0,3,0,5.0,2.6390573296152584
Khullam Khulla Pyaar Karen,2005.0,155.0,Comedy,4.1,320.0,918.0,767.0,1758.0,1872.0,3,0,4.0,5.771441123130016
Khushboo,1975.0,132.0,"Drama, Romance",7.1,254.0,869.0,919.0,818.0,754.0,3,1,7.0,5.541263545158426
Khushboo: The Fragraance of Love,2008.0,,"Comedy, Drama, Romance",3.7,23.0,2084.0,1836.0,382.0,2810.0,3,1,4.0,3.1780538303479458
Khushi,2003.0,161.0,"Action, Comedy, Drama",4.4,1565.0,2324.0,2263.0,686.0,1171.0,3,1,0.0,7.356279876550748
Khwaab,1997.0,120.0,Drama,4.6,7.0,424.0,1214.0,772.0,312.0,3,0,7.0,2.0794415416798357
Khwaabb,2014.0,90.0,"Drama, Romance, Sport",5.5,68.0,3129.0,2158.0,1525.0,477.0,3,1,7.0,4.23410650459726
Khwab,1980.0,115.0,"Crime, Drama, Romance",5.9,27.0,2563.0,2530.0,472.0,1494.0,3,1,5.0,3.332204510175204
Khwab Sare Jhootey,2020.0,100.0,Drama,7.8,8.0,647.0,109.0,803.0,1332.0,3,0,7.0,2.1972245773362196
Khwahish,2003.0,152.0,"Drama, Romance, Musical",4.1,197.0,858.0,822.0,1265.0,2521.0,3,1,7.0,5.288267030694535
Ki & Ka,2016.0,126.0,"Comedy, Romance",5.8,5407.0,1948.0,206.0,298.0,1171.0,3,1,4.0,8.5956346177228
Kick,2014.0,146.0,"Action, Comedy, Crime",5.3,26761.0,2392.0,1939.0,902.0,1643.0,3,1,0.0,10.194738249864933
Kid Krrish,2013.0,69.0,Animation,7.6,22.0,2697.0,2385.0,2681.0,2853.0,0,0,2.0,3.1354942159291497
Kid Krrish 2 - Mission Bhutan,2014.0,64.0,Animation,6.8,14.0,981.0,2385.0,2681.0,2853.0,0,0,2.0,2.70805020110221
Kid Krrish 3 - Mystery in Mongolia,2014.0,,Animation,7.8,6.0,651.0,2385.0,2681.0,2853.0,0,0,2.0,1.9459101490553132
Kid Krrish 4 - Shakalaka Africa,2015.0,,Animation,7.6,9.0,650.0,2385.0,2681.0,2853.0,0,0,2.0,2.302585092994046
Kidnap,2008.0,135.0,"Action, Crime, Drama",4.6,2328.0,2448.0,1969.0,857.0,1484.0,3,1,0.0,7.753194269884341
Kill Dil,2014.0,127.0,"Action, Comedy, Drama",4.3,3927.0,2538.0,1777.0,129.0,1778.0,3,1,0.0,8.275885669474356
Killer,1992.0,160.0,"Action, Crime, Drama",6.3,124.0,779.0,1378.0,1475.0,2457.0,3,1,0.0,4.8283137373023015
Kinara,1977.0,139.0,"Drama, Romance",6.7,118.0,869.0,919.0,818.0,703.0,3,1,7.0,4.77912349311153
Kinare Kinare,1963.0,111.0,"Drama, Romance",7.1,46.0,591.0,616.0,1355.0,600.0,3,1,7.0,3.8501476017100584
King,2002.0,157.0,Action,6.1,91.0,1682.0,2168.0,2771.0,2853.0,2,0,0.0,4.5217885770490405
King Kong,1962.0,142.0,"Action, Adventure, Comedy",6.3,38.0,458.0,1102.0,563.0,593.0,3,1,0.0,3.6635616461296463
King Uncle,1993.0,171.0,"Comedy, Drama, Family",5.1,2735.0,2136.0,870.0,2270.0,1592.0,3,1,4.0,7.914252278742441
Kings of The Wind & Electric Queens,2014.0,56.0,"Documentary, Western",6.2,16.0,607.0,728.0,2681.0,2853.0,1,1,6.0,2.833213344056216
"Kiran Bedi: Yes Madam, Sir",2008.0,95.0,Documentary,7.6,109.0,1525.0,1053.0,816.0,2853.0,2,0,6.0,4.700480365792417
Kirayadar,1986.0,146.0,"Comedy, Drama",6.3,79.0,475.0,1667.0,1647.0,2871.0,3,1,4.0,4.382026634673881
Kirket,2019.0,132.0,"Drama, Sport",7.5,270.0,3112.0,1062.0,2467.0,2636.0,3,1,7.0,5.602118820879701
Kis Kaam Ke Yeh Rishte,1995.0,,Family,5.7,6.0,447.0,1702.0,2588.0,2423.0,3,0,8.0,1.9459101490553132
Kis Kis Ki Kismat,2004.0,142.0,"Comedy, Drama, Romance",2.5,140.0,858.0,1184.0,1975.0,1268.0,3,1,4.0,4.948759890378168
Kis Kisko Pyaar Karoon,2015.0,133.0,"Comedy, Romance",5.7,5679.0,38.0,1251.0,1042.0,2589.0,3,1,4.0,8.644706511715198
Kis Kiss Ka Kissa,2017.0,84.0,Drama,5.6,12.0,2412.0,1191.0,335.0,2318.0,3,0,7.0,2.5649493574615367
Kisaan,2009.0,100.0,"Action, Crime, Drama",5.3,286.0,1936.0,870.0,2447.0,338.0,3,1,0.0,5.659482215759621
Kisan Aur Bhagwan,1974.0,142.0,"Action, Comedy, Drama",6.1,15.0,578.0,575.0,706.0,3035.0,3,1,0.0,2.772588722239781
Kisan Kanya,1937.0,137.0,Drama,6.3,12.0,1589.0,1505.0,958.0,848.0,3,0,7.0,2.5649493574615367
Kishen Kanhaiya,1990.0,160.0,"Action, Comedy, Drama",5.9,618.0,2136.0,2455.0,469.0,1338.0,3,1,0.0,6.428105272684596
Kismat,1969.0,,"Action, Adventure, Crime",5.9,39.0,1482.0,503.0,411.0,919.0,3,1,0.0,3.6888794541139363
Kismat,1995.0,149.0,"Musical, Family, Drama",5.1,70.0,918.0,1735.0,763.0,1370.0,3,1,13.0,4.2626798770413155
Kismat,2004.0,143.0,"Action, Drama",3.7,451.0,865.0,508.0,1785.0,1109.0,3,1,0.0,6.113682179832232
Kismat Konnection,2008.0,153.0,"Comedy, Drama, Romance",5.2,5334.0,427.0,2042.0,2745.0,2997.0,3,1,4.0,8.582044163735853
Kisme Kitna Hai Dum,1992.0,,Action,5.2,6.0,1417.0,1901.0,562.0,633.0,3,0,0.0,1.9459101490553132
Kismet,1943.0,143.0,Drama,7.4,93.0,883.0,376.0,1457.0,2424.0,3,0,7.0,4.543294782270004
Kismet,1980.0,,"Action, Family, Musical",4.9,17.0,509.0,1304.0,1964.0,2438.0,3,1,0.0,2.8903717578961645
Kismet Ka Khel,1956.0,137.0,"Action, Crime, Drama",6.1,10.0,1306.0,2262.0,2824.0,489.0,3,1,0.0,2.3978952727983707
Kismet Love Paisa Dilli,2012.0,129.0,"Adventure, Comedy, Crime",4.2,557.0,2458.0,2508.0,1265.0,1672.0,3,1,1.0,6.324358962381311
Kismetwala,1986.0,90.0,"Action, Drama",4.2,8.0,2323.0,1304.0,1759.0,1503.0,3,1,0.0,2.1972245773362196
Kisna: The Warrior Poet,2005.0,171.0,"Drama, Musical, Romance",4.5,1329.0,2730.0,2508.0,885.0,295.0,3,1,7.0,7.1929342212158
Kiss Kis Ko,2004.0,119.0,Musical,4.6,20.0,2583.0,522.0,2351.0,518.0,3,0,13.0,3.044522437723423
Kissaa Kursee Kaa,1978.0,142.0,Drama,7.1,128.0,217.0,2030.0,1852.0,581.0,3,0,7.0,4.859812404361672
Kisse Pyaar Karoon?,2009.0,123.0,"Action, Comedy, Crime",3.3,131.0,110.0,341.0,20.0,3028.0,3,1,0.0,4.882801922586371
Kissebaaz,2019.0,122.0,"Action, Comedy, Crime",4.6,224.0,278.0,1516.0,1841.0,314.0,3,1,0.0,5.41610040220442
Kissi Se Na Kehna,1983.0,140.0,"Comedy, Romance",7.4,603.0,962.0,707.0,593.0,2871.0,3,1,4.0,6.403574197934815
Kitaab,1977.0,124.0,Drama,7.4,197.0,869.0,2399.0,2747.0,2542.0,3,0,7.0,5.288267030694535
Kites,2010.0,123.0,"Action, Drama, Romance",6.1,12605.0,297.0,830.0,1003.0,568.0,3,1,0.0,9.441928170073055
Kitna Badal Gaya Insaan,1957.0,,"Drama, Family",6.0,6.0,968.0,118.0,1484.0,947.0,3,1,7.0,1.9459101490553132
Kitne Door... Kitne Paas,2002.0,146.0,"Comedy, Romance",4.5,299.0,1535.0,700.0,179.0,2377.0,3,1,4.0,5.703782474656201
Kizhakku Kadarkarai Salai,2006.0,,"Action, Crime, Drama",2.7,19.0,2346.0,2217.0,456.0,2415.0,3,1,0.0,2.995732273553991
"Knock Knock, I'm Looking to Marry",2003.0,100.0,Comedy,5.5,32.0,273.0,2240.0,1826.0,2853.0,2,0,4.0,3.4965075614664802
Knock Out,2010.0,117.0,"Action, Crime, Drama",6.0,2096.0,1456.0,1969.0,879.0,1144.0,3,1,0.0,7.64826303090192
Ko: Yad,2012.0,90.0,Drama,7.9,13.0,1480.0,2385.0,2681.0,2853.0,0,0,7.0,2.6390573296152584
Kodiparakkudu,1989.0,143.0,Unknown,5.8,102.0,502.0,4.0,142.0,494.0,3,0,19.0,4.634728988229636
Kohinoor,1960.0,151.0,"Action, Adventure, Comedy",6.8,150.0,2348.0,657.0,1355.0,453.0,3,1,0.0,5.017279836814924
Kohra,1993.0,173.0,"Mystery, Thriller",4.5,25.0,1804.0,335.0,390.0,1845.0,3,1,14.0,3.258096538021482
Kohraa,1964.0,153.0,"Drama, Musical, Mystery",6.7,134.0,532.0,503.0,2827.0,1286.0,3,1,7.0,4.90527477843843
Kohraam,1991.0,135.0,Action,5.5,26.0,1338.0,1901.0,1239.0,556.0,3,0,0.0,3.295836866004329
Kohram,1999.0,150.0,"Action, Comedy, Drama",5.4,603.0,1535.0,206.0,1490.0,2771.0,3,1,0.0,6.403574197934815
Koi Aap Sa: But Lovers Have to Be Friends,2005.0,142.0,"Comedy, Drama, Romance",5.2,232.0,1805.0,86.0,217.0,731.0,3,1,4.0,5.4510384535657
Koi Hai,2003.0,102.0,"Drama, Horror",2.4,9.0,2103.0,175.0,2405.0,2158.0,3,1,7.0,2.302585092994046
Koi Jaane Na,2021.0,141.0,Thriller,3.5,514.0,190.0,1107.0,187.0,764.0,3,0,18.0,6.244166900663736
Koi Jeeta Koi Haara,1976.0,124.0,"Drama, Romance",7.9,16.0,2417.0,2082.0,2129.0,789.0,3,1,7.0,2.833213344056216
Koi Kisise Kum Nahin,1997.0,,"Crime, Drama, Mystery",6.3,28.0,2019.0,1296.0,2290.0,2112.0,3,1,5.0,3.367295829986474
Koi Mere Dil Mein Hai,2005.0,128.0,"Drama, Romance",4.7,88.0,653.0,646.0,2111.0,2094.0,3,1,7.0,4.48863636973214
Koi Mere Dil Se Poochhe,2002.0,165.0,"Musical, Romance, Thriller",3.5,270.0,3044.0,902.0,72.0,2331.0,3,1,13.0,5.602118820879701
Koi Sath Hai,2021.0,,Horror,3.1,18.0,1415.0,306.0,1745.0,2581.0,3,0,11.0,2.9444389791664403
Koi... Mil Gaya,2003.0,171.0,"Action, Drama, Romance",7.1,21982.0,2136.0,830.0,2003.0,1869.0,3,1,0.0,9.998024706360116
Kolkata Junction,2014.0,,Thriller,6.8,12.0,274.0,2185.0,1082.0,2321.0,3,0,18.0,2.5649493574615367
Kondaveeti Raja,1986.0,140.0,"Action, Drama",6.3,304.0,1156.0,550.0,1406.0,2384.0,3,1,0.0,5.720311776607412
Kondura (The Sage from the Sea),1978.0,137.0,Drama,7.4,51.0,2661.0,237.0,1601.0,2571.0,3,0,7.0,3.9512437185814275
Kora Kagaz,1974.0,125.0,"Drama, Musical, Family",7.4,241.0,254.0,2440.0,933.0,59.0,3,1,7.0,5.488937726156687
Kosa,2020.0,85.0,Drama,7.3,15.0,1580.0,1105.0,2546.0,2183.0,3,0,7.0,2.772588722239781
Koshish,1972.0,125.0,Drama,8.6,1523.0,869.0,1980.0,933.0,427.0,3,0,7.0,7.329093736246592
Kota Junction,2015.0,,Drama,7.5,43.0,2367.0,1363.0,2261.0,2362.0,3,0,7.0,3.784189633918261
Kottai Mariamman,2001.0,140.0,Drama,3.8,20.0,2165.0,623.0,618.0,1158.0,3,0,7.0,3.044522437723423
Kottayam,2020.0,100.0,"Crime, Drama, Romance",6.9,13.0,528.0,2214.0,534.0,2114.0,3,1,5.0,2.6390573296152584
Kotwal Saab,1977.0,,"Action, Crime, Drama",6.0,22.0,962.0,2084.0,276.0,2673.0,3,1,0.0,3.1354942159291497
Koyelaanchal,2014.0,145.0,"Action, Drama",5.4,258.0,390.0,1001.0,475.0,2981.0,3,1,0.0,5.556828061699537
Koyla,1997.0,166.0,"Action, Drama, Musical",6.2,8445.0,2136.0,2038.0,1234.0,207.0,3,1,0.0,9.041448235493888
Kranti,1981.0,187.0,"Action, Adventure, Drama",7.2,865.0,1493.0,657.0,1308.0,2472.0,3,1,0.0,6.763884908562435
Kranti,2002.0,142.0,"Action, Drama",3.8,394.0,1676.0,2487.0,479.0,178.0,3,1,0.0,5.978885764901122
Kranti Kshetra,1994.0,,"Action, Comedy, Drama",5.0,37.0,2059.0,1304.0,1707.0,898.0,3,1,0.0,3.6375861597263857
Krantikari,1997.0,140.0,"Action, Crime, Drama",6.3,47.0,1992.0,1304.0,2042.0,2014.0,3,1,0.0,3.871201010907891
Krantiveer,1994.0,159.0,"Action, Crime, Drama",7.4,1923.0,1535.0,1389.0,629.0,429.0,3,1,0.0,7.562161631225652
Krantiveer: The Revolution,2010.0,159.0,"Action, Crime, Drama",4.6,19.0,1535.0,876.0,2165.0,79.0,3,1,0.0,2.995732273553991
Krazzy 4,2008.0,110.0,"Comedy, Crime, Drama",4.2,2028.0,1039.0,951.0,879.0,360.0,3,1,4.0,7.615298339825815
Krina,2018.0,130.0,Thriller,5.8,6.0,2667.0,1526.0,2667.0,956.0,3,0,18.0,1.9459101490553132
Krish Trish and Baltiboy: Face Your Fears,2017.0,65.0,Animation,7.8,28.0,2909.0,596.0,2435.0,2803.0,3,0,2.0,3.367295829986474
Krishan Avtaar,1993.0,180.0,Action,5.7,31.0,373.0,1304.0,2454.0,914.0,3,0,0.0,3.4657359027997265
Krishna,1996.0,156.0,"Action, Drama, Romance",4.7,318.0,2306.0,604.0,2552.0,1175.0,3,1,0.0,5.765191102784844
Krishna Arjun,1997.0,130.0,Drama,6.6,23.0,2553.0,919.0,2818.0,2855.0,3,0,7.0,3.1780538303479458
Krishna Aur Kans,2012.0,117.0,"Animation, Action, Adventure",6.5,188.0,3039.0,1224.0,798.0,1668.0,3,1,2.0,5.241747015059643
Krishna Cottage,2004.0,124.0,"Horror, Mystery",5.2,1028.0,2489.0,2171.0,884.0,262.0,3,1,11.0,6.9363427358340495
Krishna Leela,1946.0,,Unknown,6.4,9.0,636.0,993.0,600.0,2088.0,3,0,19.0,2.302585092994046
Kriya,2020.0,96.0,"Drama, Fantasy, Horror",6.5,29.0,2674.0,403.0,1205.0,1214.0,3,1,7.0,3.4011973816621555
Kroadh,1990.0,144.0,"Action, Crime, Drama",5.1,187.0,2598.0,1969.0,2557.0,212.0,3,1,0.0,5.236441962829949
Krodh,2000.0,141.0,"Action, Comedy, Drama",4.4,213.0,376.0,2266.0,973.0,2055.0,3,1,0.0,5.365976015021851
Krodhi,1981.0,159.0,"Action, Crime, Thriller",6.5,165.0,2730.0,631.0,2321.0,3058.0,3,1,0.0,5.111987788356544
Krorepati,1961.0,,"Comedy, Crime, Drama",5.9,10.0,1567.0,1067.0,2323.0,1256.0,3,1,4.0,2.3978952727983707
Krrish,2006.0,154.0,"Action, Adventure, Sci-Fi",6.4,19091.0,2136.0,830.0,1785.0,2136.0,3,1,0.0,9.857024678125788
Krrish 3,2013.0,152.0,"Action, Adventure, Sci-Fi",5.2,21272.0,2136.0,830.0,2819.0,1899.0,3,1,0.0,9.965193941972107
Kshatriya,1993.0,187.0,"Action, Drama, War",5.9,575.0,1017.0,2262.0,607.0,2981.0,3,1,0.0,6.3561076606958915
Kshay,2011.0,92.0,Drama,6.7,302.0,1246.0,1782.0,119.0,2677.0,3,0,7.0,5.713732805509369
Kucch Luv Jaisaa,2011.0,105.0,Drama,4.3,126.0,2660.0,2088.0,1632.0,1955.0,3,0,7.0,4.844187086458591
Kucch To Hai,2003.0,143.0,"Horror, Mystery",4.2,851.0,297.0,254.0,2669.0,771.0,3,1,11.0,6.747586526829315
Kuch Alag Sa,2014.0,,Drama,6.6,8.0,2440.0,1946.0,2681.0,2853.0,1,0,7.0,2.1972245773362196
Kuch Der Aur,2018.0,65.0,Drama,8.5,41.0,300.0,1278.0,2096.0,2007.0,3,0,7.0,3.7376696182833684
Kuch Khatta Kuch Meetha,2007.0,140.0,Comedy,3.8,15.0,475.0,1999.0,2233.0,312.0,3,0,4.0,2.772588722239781
Kuch Khatti Kuch Meethi,2001.0,120.0,"Comedy, Drama, Romance",4.6,628.0,2005.0,977.0,1975.0,2165.0,3,1,4.0,6.444131256700441
Kuch Kuch Hota Hai,1998.0,177.0,"Comedy, Drama, Musical",7.6,49322.0,1247.0,2038.0,1011.0,2076.0,3,1,4.0,10.806145782678987
Kuch Kuch Locha Hai,2015.0,143.0,"Comedy, Drama",2.5,794.0,673.0,1741.0,2559.0,775.0,3,1,4.0,6.678342114654332
Kuch Naa Kaho,2003.0,169.0,"Comedy, Drama, Romance",5.4,2224.0,2270.0,101.0,42.0,2377.0,3,1,4.0,7.707512194600341
Kuch Pal Pyar Ke,2018.0,104.0,Drama,4.3,18.0,3064.0,16.0,2639.0,10.0,3,0,7.0,2.9444389791664403
Kuch To Gadbad Hai,2004.0,,Comedy,7.4,39.0,2826.0,1458.0,1138.0,366.0,3,0,4.0,3.6888794541139363
Kuch Tum Kaho Kuch Hum Kahein,2002.0,171.0,"Action, Drama, Romance",5.6,569.0,1159.0,2464.0,632.0,66.0,3,1,0.0,6.345636360828596
Kuchh Bheege Alfaaz,2018.0,116.0,Romance,7.5,820.0,1747.0,742.0,2856.0,2540.0,3,0,15.0,6.710523109452428
Kuchh Kariye,2010.0,,"Adventure, Drama, Music",4.1,17.0,1026.0,32.0,2570.0,726.0,3,1,1.0,2.8903717578961645
Kuchh Meetha Ho Jaye,2005.0,125.0,"Comedy, Romance",3.4,278.0,2404.0,341.0,1249.0,1784.0,3,1,4.0,5.631211781821365
Kudiyon Ka Hai Zamaana,2006.0,112.0,Comedy,3.7,70.0,181.0,1818.0,1249.0,2905.0,3,0,4.0,4.2626798770413155
Kudrat,1981.0,164.0,"Drama, Mystery, Romance",6.9,315.0,591.0,1702.0,1813.0,920.0,3,1,7.0,5.755742213586912
Kudrat,1998.0,186.0,"Action, Drama, Romance",4.5,139.0,2019.0,148.0,2689.0,1440.0,3,1,0.0,4.941642422609304
Kudrat Ka Kanoon,1987.0,150.0,Mystery,5.1,46.0,1171.0,1879.0,439.0,2057.0,3,0,14.0,3.8501476017100584
Kuk Doo Koo,1985.0,107.0,Comedy,8.5,6.0,1808.0,539.0,1181.0,75.0,3,0,4.0,1.9459101490553132
Kuku Mathur Ki Jhand Ho Gayi,2014.0,109.0,"Comedy, Romance",5.3,243.0,179.0,2147.0,2431.0,2574.0,3,1,4.0,5.497168225293202
Kuldip Patwal: I Didn't Do It!,2017.0,128.0,"Crime, Drama, Mystery",6.6,614.0,2245.0,599.0,771.0,1963.0,3,1,5.0,6.421622267806518
Kundan,1955.0,150.0,"Crime, Drama",6.5,16.0,2691.0,2176.0,2549.0,1705.0,3,1,5.0,2.833213344056216
Kundan,1993.0,137.0,"Action, Drama",5.8,40.0,1171.0,631.0,934.0,207.0,3,1,0.0,3.713572066704308
Kunwara,2000.0,134.0,"Comedy, Drama, Romance",5.1,887.0,629.0,767.0,2689.0,1592.0,3,1,4.0,6.78897174299217
Kunwara Baap,1974.0,137.0,"Comedy, Drama",7.2,368.0,1531.0,1288.0,452.0,3.0,3,1,4.0,5.910796644040527
Kunwara Paying Guest,2007.0,86.0,Drama,5.7,7.0,2828.0,2334.0,1062.0,2858.0,3,0,7.0,2.0794415416798357
Kurbaan,1991.0,133.0,"Action, Drama, Romance",4.2,531.0,646.0,2262.0,1003.0,2288.0,3,1,0.0,6.2766434893416445
Kurbaan,2009.0,161.0,"Action, Crime, Drama",5.7,4842.0,2248.0,1135.0,1059.0,2271.0,3,1,0.0,8.48528964240323
Kurbani,1943.0,,Unknown,6.6,5.0,2143.0,684.0,2681.0,2853.0,1,0,19.0,1.791759469228055
Kurukshetra,2000.0,129.0,"Action, Crime, Drama",6.0,996.0,1428.0,1350.0,2195.0,1353.0,3,1,0.0,6.904750769961838
Kurukshetra,1977.0,,"Action, Drama, History",7.8,33.0,1222.0,2169.0,1125.0,1241.0,3,1,0.0,3.5263605246161616
Kuselan,2008.0,165.0,"Comedy, Drama, Family",4.7,915.0,1761.0,1711.0,1680.0,1447.0,3,1,4.0,6.82001636467413
Kushti,2010.0,121.0,Comedy,4.3,171.0,2059.0,1722.0,1507.0,1746.0,3,0,4.0,5.147494476813453
Kutte Ki Dum,2018.0,143.0,Comedy,8.9,10.0,2802.0,1808.0,925.0,2788.0,3,0,4.0,2.3978952727983707
Kya Dilli Kya Lahore,2014.0,98.0,"Drama, History, War",7.4,1844.0,3018.0,1011.0,2756.0,1420.0,3,1,7.0,7.520234556474628
Kya Kehna,2000.0,155.0,"Drama, Romance",5.9,1975.0,1357.0,1598.0,2126.0,591.0,3,1,7.0,7.588829878307813
Kya Love Story Hai,2007.0,120.0,"Comedy, Drama, Romance",3.6,346.0,1386.0,2376.0,393.0,1161.0,3,1,4.0,5.849324779946859
Kya Yahi Sach Hai,2011.0,142.0,"Crime, Drama, Thriller",6.1,22.0,3103.0,779.0,2289.0,2769.0,3,1,5.0,3.1354942159291497
Kya Yehi Pyaar Hai,2002.0,145.0,"Drama, Romance",3.9,441.0,1152.0,870.0,72.0,178.0,3,1,7.0,6.091309882077698
Kyaa Dil Ne Kahaa,2002.0,,"Family, Romance",3.0,255.0,2444.0,1702.0,2669.0,771.0,3,1,8.0,5.545177444479562
Kyaa Kool Hai Hum,2005.0,172.0,"Comedy, Mystery",6.1,3296.0,2439.0,2376.0,2035.0,972.0,3,1,4.0,8.10076824307173
Kyaa Kool Hain Hum 3,2016.0,124.0,Comedy,1.9,4165.0,2933.0,2376.0,72.0,1235.0,3,0,4.0,8.334711621820917
Kyaa Super Kool Hain Hum,2012.0,136.0,Comedy,4.9,3748.0,2369.0,296.0,1571.0,2169.0,3,0,4.0,8.229244416735913
Kyo Kii... Main Jhuth Nahin Bolta,2001.0,131.0,"Action, Comedy, Drama",5.4,2023.0,629.0,767.0,2584.0,2055.0,3,1,0.0,7.6128310304073565
Kyon Ki...,2005.0,160.0,"Drama, Romance",5.6,3775.0,1924.0,1939.0,1059.0,2155.0,3,1,7.0,8.236420527265391
Kyon?,2003.0,,Crime,3.4,19.0,1205.0,2474.0,354.0,579.0,3,0,5.0,2.995732273553991
Kyun! Ho Gaya Na...,2004.0,165.0,"Comedy, Drama, Romance",4.2,1724.0,2419.0,206.0,2819.0,100.0,3,1,4.0,7.45298232946546
Laadla,1994.0,169.0,"Drama, Family",5.8,1158.0,2009.0,250.0,2488.0,2107.0,3,1,7.0,7.055312843339752
Laadli,2001.0,97.0,Family,8.8,5.0,1520.0,1056.0,2681.0,2853.0,1,0,8.0,1.791759469228055
Laadli Laila,2011.0,87.0,Comedy,5.8,56.0,1614.0,1645.0,2342.0,2388.0,3,0,4.0,4.04305126783455
Laaga Chunari Mein Daag: Journey of a Woman,2007.0,122.0,"Drama, Family, Romance",5.4,2352.0,1855.0,1767.0,933.0,1228.0,3,1,7.0,7.763446388727362
Laagi Nahin Chhute Ram,1963.0,,Unknown,5.0,12.0,1356.0,370.0,424.0,811.0,3,0,19.0,2.5649493574615367
Laakhan,2005.0,,"Action, Thriller",6.0,12.0,338.0,1791.0,2684.0,2853.0,2,1,0.0,2.5649493574615367
Laal Kaptaan,2019.0,155.0,"Action, Adventure, Drama",7.3,4115.0,1684.0,1925.0,2871.0,1374.0,3,1,0.0,8.32263709695394
Laal Paree,1991.0,,Fantasy,6.6,16.0,899.0,79.0,929.0,1009.0,3,0,9.0,2.833213344056216
Laal Rang,2016.0,147.0,"Comedy, Crime, Drama",8.0,4340.0,2858.0,1761.0,115.0,2029.0,3,1,4.0,8.375860015299594
Laalchee,1996.0,,Drama,5.7,9.0,2019.0,2455.0,426.0,246.0,3,0,7.0,2.302585092994046
Laali,2019.0,45.0,Drama,6.6,18.0,58.0,690.0,1660.0,2853.0,2,0,7.0,2.9444389791664403
Laali Ki Shaadi Mein Laaddoo Deewana,2017.0,130.0,"Comedy, Drama, Musical",3.4,130.0,1466.0,777.0,449.0,133.0,3,1,4.0,4.875197323201151
Laash,1998.0,,Horror,2.1,15.0,2695.0,248.0,2220.0,2101.0,3,0,11.0,2.772588722239781
Laat Saab,1992.0,126.0,"Action, Crime, Drama",3.2,23.0,2794.0,861.0,373.0,2466.0,3,1,0.0,3.1780538303479458
Laawaris,1981.0,189.0,"Drama, Action, Musical",7.1,2230.0,1867.0,206.0,2864.0,2041.0,3,1,7.0,7.7102051944325325
Laawaris,1999.0,117.0,"Action, Crime, Drama",4.4,151.0,2650.0,870.0,629.0,138.0,3,1,0.0,5.0238805208462765
Lab Kush,1966.0,125.0,Family,6.4,7.0,370.0,1261.0,1342.0,425.0,3,0,8.0,2.0794415416798357
Ladaai,1989.0,,"Action, Crime, Drama",6.2,48.0,655.0,1818.0,1401.0,722.0,3,1,0.0,3.8918202981106265
Ladies First,2014.0,106.0,Romance,3.6,20.0,381.0,1869.0,1089.0,830.0,3,0,15.0,3.044522437723423
Ladies Only,1997.0,,Comedy,6.0,14.0,729.0,2024.0,1020.0,2074.0,3,0,4.0,2.70805020110221
Ladies Tailor,1981.0,148.0,Comedy,5.8,27.0,1285.0,1980.0,1998.0,203.0,3,0,4.0,3.332204510175204
Ladies Tailor,2006.0,117.0,Comedy,3.6,125.0,2926.0,895.0,1124.0,1864.0,3,0,4.0,4.836281906951478
Ladies vs. Ricky Bahl,2011.0,140.0,"Comedy, Crime, Drama",6.0,9109.0,1450.0,1777.0,269.0,1778.0,3,1,4.0,9.117127990254003
Ladka Ladki,1966.0,,Comedy,6.4,18.0,2692.0,1067.0,845.0,1567.0,3,0,4.0,2.9444389791664403
Ladke Baap Se Badke,1979.0,,"Action, Adventure, Drama",5.0,6.0,2732.0,97.0,469.0,2674.0,3,1,0.0,1.9459101490553132
Ladki,1953.0,161.0,Comedy,5.9,16.0,1403.0,2510.0,224.0,501.0,3,0,4.0,2.833213344056216
Ladki Pasand Hai,1971.0,,"Drama, Family, Romance",6.2,6.0,556.0,601.0,1455.0,1057.0,3,1,7.0,1.9459101490553132
Ladki Sahyadri Ki,1966.0,,"Musical, Drama",5.0,9.0,2579.0,2054.0,1086.0,2906.0,3,1,13.0,2.302585092994046
Lady Robinhood,1946.0,,"Action, Adventure",5.4,5.0,1966.0,711.0,1727.0,2451.0,3,1,0.0,1.791759469228055
Lady Tarzan,1990.0,,"Action, Romance",4.9,10.0,2677.0,884.0,2792.0,3021.0,3,1,0.0,2.3978952727983707
Lafange,1975.0,137.0,"Drama, Family",6.2,22.0,918.0,1763.0,1455.0,1845.0,3,1,7.0,3.1354942159291497
Lafangey Parindey,2010.0,126.0,"Action, Drama, Romance",5.2,2027.0,1855.0,1449.0,591.0,2924.0,3,1,0.0,7.614805364711073
Lagaam,1976.0,,Action,6.2,12.0,668.0,2487.0,2844.0,538.0,3,0,0.0,2.5649493574615367
Lagaan: Once Upon a Time in India,2001.0,224.0,"Drama, Musical, Sport",8.1,107234.0,391.0,18.0,1836.0,869.0,3,1,7.0,11.582777966869061
Lagan,1971.0,,"Action, Drama",7.0,41.0,2168.0,1490.0,1668.0,1872.0,3,1,0.0,3.7376696182833684
Lage Raho Munna Bhai,2006.0,144.0,"Comedy, Drama, Romance",8.0,44090.0,2106.0,1969.0,311.0,2917.0,3,1,4.0,10.694010958974793
Lagna Pahave Karun,2013.0,125.0,Romance,6.5,55.0,123.0,2383.0,1453.0,2575.0,3,0,15.0,4.02535169073515
Lagori,2017.0,48.0,"Drama, Mystery, Thriller",7.2,13.0,1141.0,38.0,1007.0,119.0,3,1,7.0,2.6390573296152584
Lahoo Ke Do Rang,1997.0,172.0,"Action, Drama",4.5,611.0,1535.0,1405.0,114.0,1175.0,3,1,0.0,6.416732282512326
Lahore,1949.0,,Drama,7.8,23.0,1397.0,1400.0,1048.0,1248.0,3,0,7.0,3.1780538303479458
Lahore,2010.0,145.0,"Action, Drama, Sport",6.3,514.0,2461.0,707.0,1472.0,13.0,3,1,0.0,6.244166900663736
Lahore Confidential,2021.0,68.0,"Crime, Drama, Thriller",2.8,522.0,1351.0,1824.0,1587.0,32.0,3,1,5.0,6.259581464064923
Lahu Ke Do Rang,1979.0,139.0,"Action, Drama",6.1,87.0,1422.0,2487.0,2263.0,637.0,3,1,0.0,4.477336814478207
Lahu Luhan,1991.0,,"Action, Horror, Mystery",3.5,6.0,2768.0,322.0,1242.0,428.0,3,1,0.0,1.9459101490553132
Lahu Pukarega,1980.0,,Action,4.3,10.0,155.0,2262.0,2129.0,795.0,3,0,0.0,2.3978952727983707
Laila,1984.0,,"Musical, Romance",4.5,33.0,2356.0,2262.0,1714.0,249.0,3,1,13.0,3.5263605246161616
Laila,2005.0,119.0,"Crime, Thriller",3.4,39.0,2995.0,1541.0,693.0,599.0,3,1,5.0,3.6888794541139363
Laila Majnu,1953.0,132.0,Romance,8.0,25.0,1142.0,2058.0,1628.0,2847.0,3,0,15.0,3.258096538021482
Laila Majnu,2018.0,140.0,"Drama, Romance",7.8,2701.0,2390.0,409.0,2661.0,2704.0,3,1,7.0,7.9017475185201445
Laila Manju,2020.0,,Unknown,6.7,7.0,1915.0,931.0,2320.0,43.0,3,0,19.0,2.0794415416798357
Lajja,2001.0,202.0,"Action, Crime, Drama",6.7,2534.0,2109.0,1214.0,900.0,1338.0,3,1,0.0,7.837948916025283
Lajwanti,1958.0,120.0,"Drama, Family",7.3,43.0,1673.0,1400.0,428.0,1255.0,3,1,7.0,3.784189633918261
Lajwanti,2014.0,63.0,"Drama, Romance",6.9,17.0,1944.0,1964.0,1808.0,2680.0,3,1,7.0,2.8903717578961645
Lakeer - Forbidden Lines,2004.0,170.0,"Action, Romance",4.4,932.0,103.0,2270.0,2552.0,2610.0,3,1,0.0,6.838405200847344
Lakeer Ka Fakeer,2013.0,113.0,Crime,5.4,129.0,3138.0,2431.0,2095.0,110.0,3,0,5.0,4.867534450455582
Lakhan,1979.0,,"Action, Crime, Drama",6.0,5.0,731.0,1750.0,174.0,472.0,3,1,0.0,1.791759469228055
Lakhon Ki Baat,1984.0,136.0,"Comedy, Musical, Romance",6.8,126.0,475.0,1980.0,696.0,264.0,3,1,4.0,4.844187086458591
Lakhon Me Ek,1971.0,155.0,"Comedy, Drama",7.0,69.0,2342.0,1288.0,1732.0,2057.0,3,1,4.0,4.248495242049359
Lakshmanrekha,1991.0,133.0,Drama,4.7,37.0,2808.0,1405.0,900.0,2325.0,3,0,7.0,3.6375861597263857
Lakshmi,1982.0,134.0,Drama,5.0,10.0,450.0,1812.0,1852.0,2081.0,3,0,7.0,2.3978952727983707
Lakshmi,2014.0,115.0,Drama,7.9,1520.0,1650.0,1327.0,2739.0,2082.0,3,0,7.0,7.327123292259293
Lakshya,2004.0,186.0,"Action, Drama, Romance",7.9,21444.0,774.0,830.0,1758.0,199.0,3,1,0.0,9.973246796950981
Lal Baadshah,1999.0,180.0,"Action, Drama",3.2,588.0,1171.0,206.0,1290.0,2511.0,3,1,0.0,6.3784261836515865
Lal Bangla,1966.0,135.0,Mystery,5.7,14.0,1132.0,1612.0,2341.0,2686.0,3,0,14.0,2.70805020110221
Lal Bhi Udhaas Ho Sakta Hai,2015.0,60.0,Documentary,6.6,5.0,195.0,1742.0,2681.0,2853.0,1,0,6.0,1.791759469228055
Lal Haveli,1944.0,,"Drama, Romance",6.6,14.0,1169.0,2285.0,1622.0,2847.0,3,1,7.0,2.70805020110221
Lal Kothi,1978.0,123.0,Thriller,6.2,16.0,477.0,991.0,2623.0,2087.0,3,0,18.0,2.833213344056216
Lal Pari,1954.0,,"Adventure, Fantasy",4.6,5.0,1269.0,1176.0,2283.0,460.0,3,1,1.0,1.791759469228055
Lal Patthar,1971.0,148.0,Drama,6.5,117.0,2842.0,1635.0,818.0,2041.0,3,0,7.0,4.770684624465665
Lal Quila,1960.0,134.0,Thriller,6.3,9.0,1658.0,1509.0,815.0,1128.0,3,0,18.0,2.302585092994046
Lal Salaam,2002.0,131.0,"Musical, Action, Drama",6.7,88.0,801.0,1393.0,2304.0,1358.0,3,1,13.0,4.48863636973214
Lala Hardaul,2012.0,147.0,History,7.4,8.0,679.0,1893.0,648.0,1880.0,3,0,10.0,2.1972245773362196
Lalach,1983.0,,"Action, Crime",5.8,6.0,2573.0,514.0,514.0,617.0,3,1,0.0,1.9459101490553132
Lalkar (The Challenge),1972.0,,"Action, Drama, Romance",6.3,107.0,2164.0,1695.0,607.0,1359.0,3,1,0.0,4.68213122712422
Lallu Ram,1985.0,,"Action, Comedy, Drama",7.8,5.0,2624.0,2389.0,722.0,3013.0,3,1,0.0,1.791759469228055
Lambu Dada,1992.0,142.0,"Action, Crime, Drama",4.6,18.0,2582.0,1252.0,1239.0,1109.0,3,1,0.0,2.9444389791664403
Lamhaa: The Untold Story of Kashmir,2010.0,152.0,"Action, Drama, Thriller",5.0,626.0,2000.0,1969.0,471.0,1261.0,3,1,0.0,6.440946540632921
Lamhe,1991.0,187.0,"Drama, Musical, Romance",7.4,2638.0,3106.0,250.0,2488.0,312.0,3,1,7.0,7.878155336503324
Land of the Gods,2016.0,92.0,Drama,7.3,278.0,852.0,2434.0,746.0,2874.0,3,0,7.0,5.631211781821365
Lanka,2011.0,107.0,"Action, Crime, Drama",5.8,205.0,1506.0,1224.0,295.0,2813.0,3,1,0.0,5.327876168789581
Lanka Dahan,1917.0,,"Adventure, Drama, Fantasy",6.7,22.0,706.0,279.0,725.0,623.0,3,1,1.0,3.1354942159291497
Laparwah,1981.0,,"Action, Drama",5.4,14.0,2230.0,1600.0,472.0,1494.0,3,1,0.0,2.70805020110221
Lashkar,1989.0,176.0,"Action, Crime, Drama",5.8,43.0,1031.0,971.0,596.0,1028.0,3,1,0.0,3.784189633918261
Lashtam Pashtam,2018.0,108.0,Drama,6.0,77.0,1443.0,680.0,1793.0,2821.0,3,0,7.0,4.356708826689592
Last Chance: The Moment I Finally Embraced the Futility of Existence,2019.0,74.0,"Comedy, Drama",8.8,10.0,2287.0,1861.0,2055.0,647.0,3,1,4.0,2.3978952727983707
Lateef,2013.0,118.0,"Action, Crime, Drama",3.4,124.0,1005.0,1428.0,1005.0,1574.0,3,1,0.0,4.8283137373023015
Lateef to laden,2018.0,92.0,Comedy,6.6,7.0,2548.0,1928.0,2633.0,1576.0,3,0,4.0,2.0794415416798357
Lathi,1988.0,,Drama,6.3,17.0,962.0,1962.0,607.0,868.0,3,0,7.0,2.8903717578961645
Latt Saheb,1967.0,160.0,"Comedy, Drama, Musical",6.5,50.0,908.0,2058.0,1628.0,1872.0,3,1,4.0,3.9318256327243257
Lav Kush,1997.0,110.0,"Adventure, Drama, Fantasy",6.0,22.0,2948.0,919.0,934.0,369.0,3,1,1.0,3.1354942159291497
Lava,1985.0,,"Family, Drama",5.6,27.0,2236.0,1667.0,629.0,391.0,3,1,8.0,3.332204510175204
Lava Kusa: The Warrior Twins,2010.0,120.0,Animation,6.6,32.0,695.0,1410.0,315.0,2182.0,3,0,2.0,3.4965075614664802
Lavanya Preeti,1993.0,90.0,Drama,5.2,9.0,310.0,73.0,2246.0,2791.0,3,0,7.0,2.302585092994046
Lav-Kush,1967.0,,"Action, Adventure, Drama",5.9,7.0,2336.0,370.0,945.0,465.0,3,1,0.0,2.0794415416798357
Laxmii,2020.0,141.0,"Action, Comedy, Horror",2.4,49164.0,1374.0,440.0,114.0,1199.0,3,1,0.0,10.802937267214256
Le Chal Apne Sang,2000.0,,Romance,3.7,7.0,3011.0,1466.0,137.0,2123.0,3,0,15.0,2.0794415416798357
Le Gaya Saddam,2012.0,113.0,Comedy,6.2,18.0,212.0,2040.0,2678.0,1610.0,3,0,4.0,2.9444389791664403
Le Halua Le,2012.0,125.0,"Comedy, Drama, Romance",5.3,199.0,2029.0,1114.0,1691.0,2659.0,3,1,4.0,5.298317366548036
Le Lotta,2017.0,123.0,"Comedy, Drama",6.5,15.0,1470.0,2385.0,2681.0,2853.0,0,1,4.0,2.772588722239781
Leader,1964.0,176.0,"Comedy, Romance, Thriller",7.3,190.0,2155.0,657.0,2824.0,1045.0,3,1,4.0,5.25227342804663
Leatherface,1939.0,166.0,"Action, Adventure",6.6,8.0,3005.0,1509.0,1396.0,2515.0,3,1,0.0,2.1972245773362196
Leaving Home: The Life and Music of Indian Ocean,2008.0,115.0,"Documentary, Music",8.9,94.0,1040.0,1050.0,339.0,1959.0,3,1,6.0,4.553876891600541
Leera the Soulmate,2018.0,104.0,Sci-Fi,6.3,1624.0,2781.0,1291.0,1191.0,2853.0,2,0,16.0,7.393263094763838
Lekar Hum Deewana Dil,2014.0,140.0,"Comedy, Romance",4.9,679.0,318.0,333.0,576.0,2896.0,3,1,4.0,6.522092798170152
Lekin...,1990.0,171.0,"Drama, Fantasy, Musical",7.5,331.0,869.0,2487.0,629.0,203.0,3,1,7.0,5.805134968916488
Lens,2016.0,109.0,"Drama, Mystery, Thriller",6.7,1111.0,1076.0,233.0,940.0,1488.0,3,1,7.0,7.013915474810528
Let's Be Friends!,2002.0,149.0,"Comedy, Drama, Family",5.1,5207.0,1351.0,830.0,1059.0,2076.0,3,1,4.0,8.557951183888406
Let's Bring Our Heroes Home,2004.0,163.0,"Action, Drama, Thriller",6.1,1404.0,1541.0,206.0,2195.0,138.0,3,1,0.0,7.247792581767846
Let's Dance,2009.0,125.0,"Crime, Drama, Musical",5.7,19.0,27.0,738.0,282.0,103.0,3,1,5.0,2.995732273553991
Let's Enjoy,2004.0,108.0,Comedy,6.3,116.0,2671.0,273.0,20.0,2214.0,3,0,4.0,4.762173934797756
Let's Talk About 'It',2017.0,77.0,"Horror, Mystery",5.7,14.0,1336.0,1090.0,241.0,677.0,3,1,11.0,2.70805020110221
Liar's Dice,2013.0,104.0,"Adventure, Drama, Family",6.8,949.0,828.0,1428.0,746.0,1422.0,3,1,1.0,6.856461984594587
Libaas,1988.0,137.0,Drama,8.2,37.0,869.0,2030.0,2700.0,1623.0,3,0,7.0,3.6375861597263857
LIE,2017.0,145.0,"Action, Adventure, Thriller",5.9,880.0,901.0,1475.0,1366.0,2112.0,3,1,0.0,6.78105762593618
Life Express,2010.0,125.0,Drama,4.4,47.0,290.0,1842.0,1098.0,3030.0,3,0,7.0,3.871201010907891
Life in a Metro,2007.0,132.0,"Comedy, Drama, Romance",7.4,11346.0,297.0,631.0,879.0,1228.0,3,1,4.0,9.336708670790989
Life Is Beautiful,2014.0,116.0,"Comedy, Romance",5.4,45.0,1490.0,1223.0,1492.0,288.0,3,1,4.0,3.828641396489095
Life Ki Aisi Ki Taisi,2017.0,130.0,Comedy,5.5,16.0,753.0,688.0,1764.0,1027.0,3,0,4.0,2.833213344056216
Life Ki Toh Lag Gayi,2012.0,155.0,"Action, Comedy",5.3,255.0,2131.0,1039.0,1967.0,1835.0,3,1,0.0,5.545177444479562
Life Mein Kabhie Kabhiee,2007.0,145.0,"Drama, Thriller",5.8,271.0,3035.0,86.0,635.0,308.0,3,1,7.0,5.605802066295998
Life Mein Time Nahi Hai Kisi Ko,2019.0,119.0,"Comedy, Drama",7.1,23.0,1495.0,1721.0,1123.0,3042.0,3,1,4.0,3.1780538303479458
Life of an Outcast,2018.0,81.0,Drama,6.6,36.0,1821.0,1803.0,2291.0,508.0,3,0,7.0,3.6109179126442243
Life of Pi,2012.0,127.0,"Adventure, Drama, Fantasy",7.9,591417.0,245.0,2283.0,879.0,67.0,3,1,1.0,13.2902783221903
Life's for Living: Aadmi,1939.0,164.0,"Drama, Romance",6.4,11.0,2579.0,2044.0,2300.0,2710.0,3,1,7.0,2.4849066497880004
Life's Good,2012.0,100.0,"Drama, Family",5.9,7.0,239.0,1965.0,2555.0,643.0,3,1,7.0,2.0794415416798357
Lihaaf: The Quilt,2019.0,85.0,Drama,7.1,29.0,1994.0,2330.0,2460.0,2990.0,3,0,7.0,3.4011973816621555
Like Stars on Earth,2007.0,165.0,"Drama, Family",8.4,175810.0,23.0,214.0,565.0,11.0,3,1,7.0,12.07716483337925
Lingaa,2014.0,174.0,"Action, Comedy, Drama",5.6,5137.0,1185.0,1711.0,270.0,2619.0,3,1,0.0,8.544419177669829
Lion,2016.0,118.0,"Biography, Drama",8.0,220526.0,810.0,619.0,1579.0,2206.0,3,1,3.0,12.303775415352366
Lipstick Under My Burkha,2016.0,117.0,"Comedy, Drama",6.8,6373.0,168.0,11.0,1976.0,1228.0,3,1,4.0,8.759982494977281
Listen... Amaya,2013.0,108.0,Drama,6.6,588.0,416.0,707.0,593.0,2761.0,3,0,7.0,6.3784261836515865
Little Baby,2019.0,105.0,Family,8.6,1417.0,2609.0,1623.0,768.0,4.0,3,0,8.0,7.257002707092073
Little Box of Sweets,2006.0,,"Drama, Romance",6.2,46.0,1536.0,1418.0,966.0,1475.0,3,1,7.0,3.8501476017100584
Little John,2001.0,126.0,"Action, Fantasy, Musical",5.1,207.0,2679.0,467.0,698.0,386.0,3,1,0.0,5.337538079701318
Little Singham: Kaal Ka Badla,2020.0,69.0,"Animation, Action",6.1,12.0,1870.0,925.0,1576.0,2387.0,3,1,2.0,2.5649493574615367
Little Terrors,2014.0,103.0,Drama,5.8,102.0,1462.0,1494.0,578.0,12.0,3,0,7.0,4.634728988229636
Lo Main Aa Gaya,1999.0,,Action,6.1,15.0,1427.0,1070.0,2783.0,1293.0,3,0,0.0,2.772588722239781
Loafer,1996.0,160.0,"Action, Comedy, Romance",5.1,510.0,629.0,250.0,982.0,1246.0,3,1,0.0,6.236369590203704
Loafer,1973.0,138.0,"Romance, Thriller",6.5,156.0,0.0,631.0,1455.0,2208.0,3,1,15.0,5.056245805348308
LOC: Kargil,2003.0,255.0,"Drama, History, War",5.2,2601.0,1017.0,1969.0,90.0,2271.0,3,1,7.0,7.86403565907245
Locket,1986.0,,"Action, Thriller",6.1,35.0,2172.0,919.0,2003.0,2982.0,3,1,0.0,3.58351893845611
Loev,2015.0,92.0,"Drama, Romance",5.8,2434.0,2747.0,641.0,2420.0,2518.0,3,1,7.0,7.79770203551669
Log Kya Kahenge,1982.0,,Family,7.1,12.0,447.0,1425.0,2263.0,2480.0,3,0,8.0,2.5649493574615367
Login,2012.0,125.0,"Drama, Thriller",6.1,99.0,2472.0,820.0,1810.0,130.0,3,1,7.0,4.605170185988092
Loh Purush,1999.0,,Action,5.1,16.0,944.0,322.0,1425.0,2444.0,3,0,0.0,2.833213344056216
Loha,1987.0,153.0,"Action, Drama, Thriller",6.0,217.0,2019.0,631.0,2325.0,1163.0,3,1,0.0,5.384495062789089
Loha,1997.0,160.0,Action,5.5,515.0,1233.0,631.0,1401.0,868.0,3,0,0.0,6.246106765481563
Lohardaga,2019.0,120.0,Drama,7.8,8.0,1365.0,2444.0,2198.0,128.0,3,0,7.0,2.1972245773362196
Loins of Punjab Presents,2007.0,88.0,"Comedy, Music",7.0,761.0,1463.0,2030.0,93.0,446.0,3,1,4.0,6.635946555686647
Lok Parlok,1979.0,,"Action, Comedy, Drama",6.1,74.0,2160.0,89.0,275.0,2936.0,3,1,0.0,4.31748811353631
London,2005.0,149.0,"Action, Comedy, Drama",4.4,98.0,2785.0,1584.0,234.0,1567.0,3,1,0.0,4.59511985013459
London Calling,2009.0,90.0,"Action, Drama, Fantasy",3.8,8.0,453.0,509.0,1385.0,1641.0,3,1,0.0,2.1972245773362196
London Confidental,2020.0,77.0,"Crime, Drama, Thriller",6.4,1653.0,1237.0,1337.0,1803.0,1210.0,3,1,5.0,7.4109518755836366
London Dreams,2009.0,146.0,"Drama, Music",5.3,4375.0,3062.0,1939.0,90.0,1746.0,3,1,7.0,8.383890344101816
London Paris New York,2012.0,100.0,Romance,5.7,3677.0,288.0,158.0,59.0,572.0,3,0,15.0,8.210124405164267
Long Dark Road,2014.0,68.0,"Crime, Drama, Thriller",7.7,45.0,1588.0,391.0,2247.0,221.0,3,1,5.0,3.828641396489095
Long Live Brij Mohan,2017.0,105.0,"Comedy, Crime, Drama",6.8,2573.0,1710.0,329.0,1583.0,2492.0,3,1,4.0,7.853216388156072
Loot,2011.0,110.0,"Action, Comedy, Crime",3.3,303.0,2114.0,2137.0,1387.0,1872.0,3,1,0.0,5.717027701406222
Lootcase,2020.0,132.0,"Comedy, Crime",7.6,15188.0,2076.0,1108.0,1972.0,2933.0,3,1,4.0,9.62832676063802
Lootera,2013.0,136.0,"Drama, Romance",7.3,14888.0,3040.0,1777.0,2457.0,486.0,3,1,7.0,9.608377964255551
Lootera,1965.0,,"Action, Drama, Musical",6.6,16.0,902.0,575.0,1609.0,1885.0,3,1,0.0,2.833213344056216
Lootere,1993.0,156.0,"Action, Romance, Thriller",5.1,267.0,693.0,2270.0,982.0,724.0,3,1,0.0,5.5909869805108565
Lootmaar,1980.0,,"Action, Thriller",6.2,71.0,670.0,616.0,2648.0,1469.0,3,1,0.0,4.276666119016055
Lorie,1984.0,,Drama,6.4,34.0,3026.0,2030.0,696.0,2763.0,3,0,7.0,3.5553480614894135
Lorni - The Flaneur,2019.0,107.0,"Crime, Mystery",7.0,5.0,3094.0,1553.0,671.0,678.0,3,1,5.0,1.791759469228055
Lottery,2009.0,,"Crime, Drama, Mystery",3.0,17.0,938.0,37.0,34.0,2217.0,3,1,5.0,2.8903717578961645
Love,1991.0,152.0,"Drama, Musical, Romance",5.9,1267.0,2829.0,1939.0,314.0,2167.0,3,1,7.0,7.145196134997171
Love 86,1986.0,145.0,"Drama, Romance",5.7,87.0,759.0,2332.0,2051.0,1654.0,3,1,7.0,4.477336814478207
Love Aaj Kal,2020.0,142.0,"Drama, Romance",4.7,6994.0,973.0,1027.0,2212.0,2071.0,3,1,7.0,8.852950887099581
Love Aaj Kal,2009.0,128.0,"Comedy, Drama, Romance",6.8,15191.0,973.0,1925.0,591.0,2165.0,3,1,4.0,9.628524252492122
Love Alive,2016.0,90.0,Thriller,7.4,26.0,91.0,1790.0,1010.0,1924.0,3,0,18.0,3.295836866004329
Love and Shukla,2017.0,107.0,"Comedy, Drama, Romance",7.4,828.0,1067.0,1914.0,2617.0,926.0,3,1,4.0,6.720220155135295
Love at Times Square,2003.0,120.0,"Drama, Romance",3.8,205.0,670.0,616.0,814.0,2529.0,3,1,7.0,5.327876168789581
Love Birds,1997.0,160.0,Romance,5.1,126.0,1761.0,309.0,1721.0,3.0,3,0,15.0,4.844187086458591
Love Breakups Zindagi,2011.0,156.0,"Comedy, Drama, Romance",5.8,1006.0,2382.0,2548.0,617.0,621.0,3,1,4.0,6.914730892718563
Love Day,2016.0,,Romance,3.5,17.0,2431.0,795.0,800.0,2853.0,2,0,15.0,2.8903717578961645
Love Exchange,2015.0,122.0,Romance,5.2,47.0,2024.0,1322.0,992.0,1413.0,3,0,15.0,3.871201010907891
Love Express,2011.0,141.0,"Comedy, Drama",5.3,117.0,2813.0,1919.0,1299.0,2951.0,3,1,4.0,4.770684624465665
Love Game,2009.0,107.0,Romance,6.0,10.0,55.0,674.0,1018.0,1063.0,3,0,15.0,2.3978952727983707
Love Games,2016.0,114.0,"Crime, Thriller",4.3,873.0,3035.0,1534.0,2630.0,817.0,3,1,5.0,6.773080375655535
Love Has No Language,2008.0,,Romance,6.0,10.0,1272.0,1786.0,2841.0,1003.0,3,0,15.0,2.3978952727983707
Love in Goa,1983.0,,Romance,6.4,5.0,923.0,376.0,1631.0,1444.0,3,0,15.0,1.791759469228055
Love in India,2009.0,91.0,"Documentary, Drama",6.5,246.0,1947.0,672.0,647.0,2068.0,3,1,6.0,5.5093883366279774
Love in Japan,2006.0,136.0,"Action, Comedy, Crime",3.1,15.0,157.0,1044.0,2286.0,551.0,3,1,0.0,2.772588722239781
Love in Nepal,2004.0,143.0,"Drama, Mystery, Romance",3.6,120.0,2050.0,2196.0,708.0,1067.0,3,1,7.0,4.795790545596741
Love in Simla,1960.0,,"Comedy, Drama, Family",7.3,96.0,1963.0,945.0,2112.0,456.0,3,1,4.0,4.574710978503383
Love in Singapore,1984.0,,Romance,4.7,16.0,2339.0,183.0,1897.0,2650.0,3,0,15.0,2.833213344056216
Love in Tokyo,1966.0,164.0,"Romance, Comedy, Drama",6.8,154.0,1872.0,945.0,337.0,1469.0,3,1,15.0,5.043425116919247
Love Kaa Taddka,2009.0,,"Comedy, Drama",4.7,28.0,2043.0,94.0,2169.0,1632.0,3,1,4.0,3.367295829986474
Love Ke Chakkar Mein,2006.0,126.0,Comedy,4.2,40.0,441.0,1835.0,110.0,1603.0,3,0,4.0,3.713572066704308
Love Ke Funday,2016.0,132.0,Comedy,6.6,13.0,979.0,1484.0,1703.0,2442.0,3,0,4.0,2.6390573296152584
Love Ke Liye Kuch Bhi Karega,2001.0,131.0,"Comedy, Crime, Romance",6.0,1567.0,752.0,1925.0,686.0,87.0,3,1,4.0,7.357556200910353
Love Khichdi,2009.0,130.0,"Comedy, Drama, Romance",5.7,304.0,2714.0,1761.0,2042.0,2246.0,3,1,4.0,5.720311776607412
Love Love Love,1989.0,146.0,"Drama, Romance",5.5,867.0,453.0,18.0,982.0,877.0,3,1,7.0,6.7661917146603505
Love Marriage,1984.0,,"Drama, Romance",4.9,30.0,1535.0,389.0,1335.0,569.0,3,1,7.0,3.4339872044851463
Love Marriage,1959.0,157.0,Romance,7.6,60.0,2736.0,616.0,1258.0,38.0,3,0,15.0,4.110873864173311
Love Per Square Foot,2018.0,133.0,"Comedy, Romance",7.2,7588.0,234.0,2433.0,202.0,141.0,3,1,4.0,8.934455109403913
Love Qubool Hai,2020.0,94.0,"Drama, Romance",10.0,5.0,2385.0,91.0,1245.0,1985.0,3,1,7.0,1.791759469228055
Love Recipe,2012.0,,Comedy,4.4,10.0,215.0,1765.0,710.0,2759.0,3,0,4.0,2.3978952727983707
Love Shagun,2016.0,120.0,"Comedy, Romance",4.4,104.0,2355.0,290.0,1584.0,1395.0,3,1,4.0,4.653960350157523
Love Sonia,2018.0,122.0,Drama,7.4,1570.0,2871.0,46.0,2046.0,1549.0,3,0,7.0,7.359467638255621
Love Sorries,2021.0,101.0,"Comedy, Drama, Romance",9.3,79.0,821.0,1579.0,1799.0,201.0,3,1,4.0,4.382026634673881
Love Story,1981.0,161.0,"Drama, Musical, Romance",6.5,377.0,2064.0,1658.0,1145.0,2942.0,3,1,7.0,5.934894195619588
Love Story 2050,2008.0,180.0,"Action, Adventure, Drama",2.6,2334.0,920.0,799.0,1785.0,553.0,3,1,0.0,7.755767170102998
Love Trainning,2018.0,129.0,Comedy,5.8,12.0,939.0,2050.0,108.0,2866.0,3,0,4.0,2.5649493574615367
Love U Crazy Girl,2014.0,,Mystery,2.9,8.0,487.0,1477.0,8.0,2241.0,3,0,14.0,2.1972245773362196
Love U... Mr. Kalakaar!,2011.0,152.0,"Drama, Romance",5.3,426.0,2311.0,2376.0,181.0,2047.0,3,1,7.0,6.056784013228625
Love Will Take Over,2018.0,140.0,"Comedy, Drama, Music",3.0,2092.0,56.0,1952.0,22.0,3018.0,3,1,4.0,7.646353722445999
Love You Family,2017.0,,Drama,4.2,12.0,2370.0,1033.0,344.0,2290.0,3,0,7.0,2.5649493574615367
Love You Hamesha,2001.0,,Romance,5.1,61.0,1199.0,1838.0,2054.0,2625.0,3,0,15.0,4.127134385045092
Love You Krishna,2019.0,,"Comedy, Drama, Romance",5.9,8.0,2725.0,2550.0,1393.0,1132.0,3,1,4.0,2.1972245773362196
Love You to Death,2012.0,102.0,"Comedy, Thriller",5.3,7.0,1986.0,2175.0,45.0,1120.0,3,1,4.0,2.0794415416798357
Lovefucked,2018.0,106.0,"Drama, Romance",6.0,365.0,20.0,821.0,2056.0,1197.0,3,1,7.0,5.902633333401366
Lover Boy,1985.0,,"Drama, Romance",4.1,19.0,2640.0,1714.0,1357.0,264.0,3,1,7.0,2.995732273553991
Lovers,1983.0,,"Comedy, Drama, Romance",4.8,29.0,502.0,1099.0,1647.0,2038.0,3,1,4.0,3.4011973816621555
LoveShhuda,2016.0,133.0,"Comedy, Romance",4.5,552.0,2966.0,756.0,1531.0,2821.0,3,1,4.0,6.315358001522335
"Lovesongs: Yesterday, Today & Tomorrow",2008.0,91.0,Drama,5.1,42.0,1070.0,902.0,1632.0,1366.0,3,0,7.0,3.7612001156935624
"LSD: Love, Sex Aur Dhokha",2010.0,155.0,"Comedy, Crime, Drama",7.1,5376.0,709.0,1489.0,247.0,1671.0,3,1,4.0,8.589885876809678
Lucifer,2019.0,175.0,"Action, Crime, Drama",7.5,8210.0,1921.0,1316.0,2819.0,1401.0,3,1,0.0,9.01322999770879
Luck,2009.0,141.0,"Action, Adventure, Drama",4.8,2513.0,2688.0,1304.0,2195.0,952.0,3,1,0.0,7.829630389150193
Luck by Chance,2009.0,156.0,Drama,7.1,9678.0,3137.0,703.0,1115.0,2165.0,3,0,7.0,9.17771386914909
Luckhnowi Ishq,2015.0,127.0,Drama,7.1,23.0,26.0,65.0,1063.0,1555.0,3,0,7.0,3.1780538303479458
Lucknow Central,2017.0,133.0,"Action, Crime, Drama",6.2,2690.0,2202.0,703.0,619.0,954.0,3,1,0.0,7.897668150726906
Lucky Kabootar,2014.0,117.0,Comedy,5.1,75.0,2568.0,356.0,2381.0,2156.0,3,0,4.0,4.330733340286331
Lucky: No Time for Love,2005.0,180.0,"Musical, Drama, Romance",4.7,3457.0,1984.0,2478.0,2150.0,2604.0,3,1,13.0,8.148445666243235
Ludo,2020.0,149.0,"Action, Comedy, Crime",7.6,32403.0,297.0,1516.0,42.0,2023.0,3,1,0.0,10.386037150950381
Luka Chuppi,2019.0,126.0,"Comedy, Romance",6.3,8808.0,1376.0,1027.0,1131.0,330.0,3,1,4.0,9.083529205109796
Lupt,2018.0,110.0,"Horror, Thriller",5.6,2027.0,1849.0,897.0,1589.0,2933.0,3,1,11.0,7.614805364711073
Lust Stories,2018.0,120.0,"Drama, Romance",6.4,10011.0,3137.0,650.0,1049.0,319.0,3,1,7.0,9.211539652551664
Luv Ka the End,2011.0,106.0,"Comedy, Drama",4.8,1434.0,551.0,2114.0,2608.0,770.0,3,1,4.0,7.268920128193722
Luv Shuv Pyar Vyar,2017.0,180.0,Romance,4.7,31.0,1797.0,729.0,653.0,1265.0,3,0,15.0,3.4657359027997265
Luv Shuv Tey Chicken Khurana,2012.0,140.0,Comedy,6.6,3690.0,2413.0,1107.0,841.0,2983.0,3,0,4.0,8.213652703029998
Luv U Alia,2015.0,130.0,"Family, Romance",5.3,81.0,983.0,2403.0,506.0,2667.0,3,1,8.0,4.406719247264253
Luv U Soniyo,2012.0,144.0,"Comedy, Romance",5.5,67.0,1111.0,2331.0,1566.0,566.0,3,1,4.0,4.219507705176107
LuvUTurn,2019.0,124.0,Romance,6.2,8.0,913.0,1876.0,52.0,1918.0,3,0,15.0,2.1972245773362196
M Cream,2014.0,112.0,"Adventure, Comedy, Drama",5.6,611.0,98.0,30.0,2656.0,1928.0,3,1,1.0,6.416732282512326
M.... Matric Pass,2014.0,118.0,"Drama, Romance",3.9,14.0,2828.0,2027.0,1663.0,2755.0,3,1,7.0,2.70805020110221
M.A.D: Mad About Dance,2014.0,125.0,"Drama, Musical",5.1,110.0,2354.0,1886.0,186.0,2279.0,3,1,7.0,4.709530201312334
M.S. Dhoni: The Untold Story,2016.0,184.0,"Biography, Drama, Sport",7.9,43713.0,1696.0,2298.0,1092.0,312.0,3,1,3.0,10.685423695910133
Ma Beta,1962.0,138.0,"Comedy, Crime, Drama",5.0,14.0,1381.0,1230.0,155.0,2928.0,3,1,4.0,2.70805020110221
Maa,1992.0,145.0,"Drama, Fantasy",5.9,103.0,118.0,919.0,934.0,371.0,3,1,7.0,4.6443908991413725
Maa,1957.0,120.0,"Drama, Romance",7.2,12.0,525.0,463.0,1184.0,1271.0,3,1,7.0,2.5649493574615367
Maa,1976.0,137.0,"Drama, Family",6.5,88.0,1392.0,631.0,818.0,1715.0,3,1,7.0,4.48863636973214
Maa Aur Mamta,1970.0,148.0,Drama,7.5,22.0,399.0,1490.0,358.0,1715.0,3,0,7.0,3.1354942159291497
Maa Baap,1960.0,130.0,"Family, Romance",6.6,14.0,2962.0,1695.0,1025.0,1845.0,3,1,8.0,2.70805020110221
Maa Beti,1986.0,151.0,Drama,5.1,19.0,1206.0,2082.0,1357.0,2464.0,3,0,7.0,2.995732273553991
Maa Kasam,1985.0,137.0,Action,4.4,28.0,2616.0,1304.0,646.0,2081.0,3,0,0.0,3.367295829986474
Maa Kasam,1999.0,132.0,Action,4.6,23.0,373.0,1030.0,2765.0,348.0,3,0,0.0,3.1780538303479458
Maa Ke Aansoo,1959.0,,"Drama, Family",5.4,5.0,701.0,118.0,1484.0,1653.0,3,1,7.0,1.791759469228055
Maa Ki Shakti,1996.0,,Drama,7.5,26.0,456.0,1753.0,2483.0,2853.0,2,0,7.0,3.295836866004329
Maa Santoshi Maa,2003.0,,Drama,8.9,46.0,1066.0,455.0,1373.0,161.0,3,0,7.0,3.8501476017100584
Maa Tujhhe Salaam,2002.0,162.0,"Action, Drama",3.5,1145.0,2911.0,2270.0,2607.0,338.0,3,1,0.0,7.044032897274685
Maachis,1996.0,160.0,"Action, Crime, Drama",7.8,2079.0,869.0,1494.0,2607.0,591.0,3,1,0.0,7.640123172695364
Maahir,1996.0,,Family,3.1,27.0,1373.0,809.0,763.0,785.0,3,0,8.0,3.332204510175204
Maain Bhi Ladki Hun,1964.0,152.0,Drama,7.0,26.0,9.0,1273.0,607.0,2232.0,3,0,7.0,3.295836866004329
Maal Road Dilli,2018.0,145.0,Comedy,5.7,10.0,411.0,1823.0,1324.0,1674.0,3,0,4.0,2.3978952727983707
Maalik,1972.0,,"Drama, Family",6.8,53.0,0.0,1702.0,2312.0,409.0,3,1,7.0,3.9889840465642745
Maan Abhiman,1980.0,113.0,"Drama, Family",5.4,15.0,950.0,1671.0,1079.0,3041.0,3,1,7.0,2.772588722239781
Maan Apmaan,1979.0,,Drama,5.5,8.0,1637.0,1980.0,2581.0,2867.0,3,0,7.0,2.1972245773362196
Maan Gaye Mughall-E-Azam,2008.0,137.0,"Comedy, Crime, Drama",3.1,491.0,2444.0,1184.0,1843.0,1774.0,3,1,4.0,6.198478716492308
Maan Gaye Ustaad,1981.0,,Drama,6.0,16.0,2616.0,2082.0,1732.0,203.0,3,0,7.0,2.833213344056216
Maan Maryada,1984.0,139.0,Action,3.7,13.0,1968.0,1405.0,1943.0,665.0,3,0,0.0,2.6390573296152584
Maanav Hatya,1986.0,,Romance,4.7,18.0,2740.0,1131.0,1234.0,877.0,3,0,15.0,2.9444389791664403
Maang Bharo Sajana,1984.0,,Drama,5.4,37.0,2160.0,919.0,2003.0,1544.0,3,0,7.0,3.6375861597263857
Maanthrikam,1995.0,144.0,"Action, Comedy, Drama",6.3,224.0,2903.0,1316.0,904.0,1895.0,3,1,0.0,5.41610040220442
Maarg,1992.0,,Drama,4.2,19.0,1422.0,2487.0,818.0,722.0,3,0,7.0,2.995732273553991
Maassab (The Teacher),2018.0,116.0,Drama,8.6,155.0,89.0,2104.0,2337.0,1421.0,3,0,7.0,5.049856007249537
Maati Maangey Khoon,1984.0,128.0,"Action, Thriller",5.4,17.0,2012.0,2084.0,2003.0,1965.0,3,1,0.0,2.8903717578961645
Maatr,2017.0,113.0,Thriller,4.5,399.0,389.0,1791.0,1232.0,317.0,3,0,18.0,5.991464547107982
Maazii,2013.0,123.0,"Crime, Drama, Thriller",5.8,94.0,1038.0,2256.0,1421.0,1510.0,3,1,5.0,4.553876891600541
Machaan,2021.0,124.0,"Drama, Romance",8.6,93.0,1725.0,1540.0,2016.0,1855.0,3,1,7.0,4.543294782270004
Machhli Jal Ki Rani Hai,2014.0,120.0,Horror,2.3,235.0,637.0,2306.0,1994.0,2390.0,3,0,11.0,5.4638318050256105
Machine,2017.0,148.0,"Action, Mystery, Romance",2.7,761.0,38.0,1251.0,1092.0,2160.0,3,1,0.0,6.635946555686647
Machines,2016.0,71.0,Documentary,7.2,555.0,2001.0,2385.0,2681.0,2853.0,0,0,6.0,6.320768294250582
Madaari,2016.0,133.0,"Adventure, Drama, Thriller",7.6,13676.0,1722.0,853.0,960.0,2999.0,3,1,1.0,9.523470868881551
Madadgaar,1987.0,,"Action, Crime, Drama",5.2,12.0,2178.0,919.0,2528.0,371.0,3,1,0.0,2.5649493574615367
Madam Chief Minister,2021.0,130.0,Drama,4.6,1383.0,2731.0,1824.0,1271.0,2393.0,3,0,7.0,7.232733136177615
Madam X,1994.0,119.0,"Action, Crime, Drama",3.7,77.0,655.0,1818.0,1419.0,2438.0,3,1,0.0,4.356708826689592
Madari,1959.0,124.0,"Action, Fantasy",5.3,17.0,458.0,551.0,1960.0,1383.0,3,1,0.0,2.8903717578961645
Made in China,2019.0,128.0,"Comedy, Drama",6.2,3845.0,1540.0,1718.0,481.0,1543.0,3,1,4.0,8.254788926148725
Made in India,2010.0,95.0,Documentary,7.1,33.0,2239.0,2409.0,2681.0,2853.0,1,0,6.0,3.5263605246161616
Madholal Keep Walking,2009.0,121.0,"Comedy, Drama",6.2,112.0,1037.0,2227.0,1546.0,1848.0,3,1,4.0,4.727387818712341
Madhosh,1974.0,133.0,"Drama, Musical, Romance",6.3,253.0,668.0,1169.0,1998.0,2040.0,3,1,7.0,5.537334267018537
Madhosh,1951.0,,"Drama, Family, Musical",6.8,12.0,1012.0,1273.0,1278.0,2865.0,3,1,7.0,2.5649493574615367
Madhosh,1994.0,,Romance,6.8,65.0,3035.0,624.0,621.0,726.0,3,0,15.0,4.189654742026425
Madhoshi,2004.0,122.0,"Musical, Mystery, Drama",4.6,395.0,2881.0,498.0,969.0,1904.0,3,1,13.0,5.981414211254481
Madhubaala,2006.0,133.0,Thriller,3.2,9.0,2636.0,1943.0,783.0,887.0,3,0,18.0,2.302585092994046
Madhubala,1950.0,,Drama,7.4,16.0,1860.0,1165.0,596.0,2046.0,3,0,7.0,2.833213344056216
Madhumati,1958.0,110.0,"Fantasy, Musical, Mystery",8.0,1273.0,525.0,657.0,2824.0,1082.0,3,1,9.0,7.149916836132109
Madly,2016.0,106.0,"Drama, Romance",5.4,146.0,476.0,722.0,263.0,2407.0,3,1,7.0,4.990432586778736
Madly Bangali,2009.0,130.0,"Drama, Music, Musical",7.0,287.0,274.0,2207.0,2616.0,2703.0,3,1,7.0,5.662960480135946
Madmast Barkhaa,2015.0,102.0,"Romance, Thriller",3.6,27.0,1061.0,689.0,1400.0,788.0,3,1,15.0,3.332204510175204
Madras Cafe,2013.0,130.0,"Action, Drama, Thriller",7.7,23388.0,2643.0,937.0,1508.0,1932.0,3,1,0.0,10.060021105350893
Madurey,2004.0,145.0,Action,5.1,1909.0,1953.0,942.0,2470.0,2044.0,3,0,0.0,7.554858521040676
Mafia,1996.0,128.0,Action,5.0,60.0,429.0,861.0,2454.0,547.0,3,0,0.0,4.110873864173311
Mafia Raaj,1998.0,,Action,3.3,15.0,3107.0,1304.0,390.0,2247.0,3,0,0.0,2.772588722239781
Magroor,1979.0,137.0,Action,6.5,10.0,546.0,2084.0,2747.0,1874.0,3,0,0.0,2.3978952727983707
Maha Badmaash,1977.0,,"Action, Crime, Thriller",5.4,17.0,1961.0,2487.0,1559.0,1716.0,3,1,0.0,2.8903717578961645
Maha Chor,1976.0,,"Action, Comedy, Drama",5.9,42.0,1670.0,1702.0,1559.0,1872.0,3,1,0.0,3.7612001156935624
Maha Shaktimaan,1985.0,109.0,"Action, Adventure, Fantasy",6.4,16.0,2853.0,1667.0,1357.0,1200.0,3,1,0.0,2.833213344056216
Maha Shaktishaali,1994.0,,"Action, Drama, Thriller",5.3,17.0,1154.0,1512.0,607.0,877.0,3,1,0.0,2.8903717578961645
Mahaadev,1989.0,131.0,"Action, Drama",5.7,36.0,2019.0,2487.0,1357.0,1965.0,3,1,0.0,3.6109179126442243
Mahaan,1983.0,181.0,"Action, Comedy, Drama",6.1,423.0,2314.0,376.0,2827.0,199.0,3,1,0.0,6.049733455231958
Mahaanta: The Film,1997.0,,"Action, Crime, Drama",4.4,170.0,96.0,919.0,1714.0,2330.0,3,1,0.0,5.14166355650266
Mahabali Hanuman,1981.0,130.0,"Adventure, Family, Fantasy",6.9,21.0,458.0,816.0,1919.0,1187.0,3,1,1.0,3.091042453358316
Mahabharat,1965.0,163.0,"Action, Adventure, Fantasy",7.3,77.0,458.0,36.0,1723.0,1754.0,3,1,0.0,4.356708826689592
Mahabharat,2013.0,105.0,"Animation, Action, Adventure",5.3,497.0,178.0,206.0,90.0,2917.0,3,1,2.0,6.210600077024653
Mahabharat Aur Barbareek,2013.0,137.0,"Drama, Fantasy, War",6.8,19.0,694.0,322.0,1615.0,806.0,3,1,7.0,2.995732273553991
Mahaguru,1985.0,92.0,"Action, Comedy, Crime",4.9,21.0,2345.0,774.0,2267.0,1055.0,3,1,0.0,3.091042453358316
Mahakaleshwar - Legends of Shiva,2019.0,,Documentary,9.3,18.0,416.0,2385.0,2681.0,2853.0,0,0,6.0,2.9444389791664403
Mahakali Ka Insaaf,2001.0,,Drama,8.8,85.0,1559.0,1756.0,2190.0,2853.0,2,0,7.0,4.454347296253507
Mahal,1949.0,165.0,"Drama, Horror, Mystery",7.1,387.0,1209.0,376.0,1230.0,1315.0,3,1,7.0,5.961005339623274
Mahal,1989.0,,Horror,4.5,13.0,1276.0,1901.0,1918.0,1128.0,3,0,11.0,2.6390573296152584
Mahal,1970.0,147.0,"Crime, Mystery, Romance",6.6,112.0,2572.0,616.0,337.0,789.0,3,1,5.0,4.727387818712341
Mahananda,1987.0,130.0,Romance,7.6,21.0,1564.0,1338.0,696.0,2542.0,3,0,15.0,3.091042453358316
Maharaja,1998.0,164.0,"Action, Adventure, Comedy",4.1,420.0,264.0,767.0,1290.0,1965.0,3,1,0.0,6.042632833682381
Maharaja,1970.0,,Action,5.6,8.0,1677.0,1972.0,1628.0,1057.0,3,0,0.0,2.1972245773362196
Maharana Pratap,1946.0,,Unknown,7.0,9.0,1071.0,2385.0,2681.0,2853.0,0,0,19.0,2.302585092994046
Maharana Pratap: The First Freedom Fighter,2012.0,145.0,"Action, War",5.0,108.0,1853.0,1395.0,1139.0,1791.0,3,1,0.0,4.6913478822291435
Maharathi,2008.0,114.0,"Crime, Drama, Mystery",7.1,976.0,2633.0,1405.0,1632.0,553.0,3,1,5.0,6.884486652042782
Maharathi Karna,1944.0,,"Action, Adventure, Drama",5.5,11.0,492.0,987.0,1769.0,754.0,3,1,0.0,2.4849066497880004
Maha-Sangram,1990.0,159.0,"Action, Drama, Romance",5.6,146.0,1606.0,2487.0,1234.0,868.0,3,1,0.0,4.990432586778736
Mahashweta,1967.0,,Drama,6.3,6.0,1826.0,266.0,2482.0,244.0,3,0,7.0,1.9459101490553132
Mahathma,2009.0,,"Action, Crime, Drama",6.0,175.0,1330.0,1292.0,456.0,597.0,3,1,0.0,5.170483995038151
Mahaveera,1988.0,,Action,4.9,27.0,1677.0,1079.0,2149.0,1965.0,3,0,0.0,3.332204510175204
Mahayoddha Rama,2016.0,106.0,Animation,7.7,35.0,2282.0,1107.0,960.0,877.0,3,0,2.0,3.58351893845611
Mahek,2007.0,80.0,Family,8.0,29.0,1318.0,2124.0,1215.0,322.0,3,0,8.0,3.4011973816621555
Mahesh Dattani's Hasmukh Saab ki Wasihat,2015.0,82.0,Drama,6.3,36.0,1423.0,1310.0,2256.0,60.0,3,0,7.0,3.6109179126442243
Mahishasura Mardini,1959.0,167.0,Unknown,9.0,22.0,2193.0,968.0,1207.0,2903.0,3,0,19.0,3.1354942159291497
Mahua,1969.0,137.0,"Musical, Romance",6.2,12.0,517.0,2101.0,231.0,1874.0,3,1,13.0,2.5649493574615367
Mai,2013.0,105.0,"Drama, Family",6.7,92.0,1426.0,366.0,1134.0,2522.0,3,1,7.0,4.532599493153256
Mai Baap,1957.0,144.0,"Comedy, Drama",6.8,14.0,1391.0,442.0,2411.0,1973.0,3,1,4.0,2.70805020110221
Maidan-E-Jung,1995.0,155.0,"Action, Drama",4.3,530.0,1171.0,631.0,114.0,1175.0,3,1,0.0,6.274762021241939
Main Aisa Hi Hoon,2005.0,162.0,"Drama, Family, Musical",4.8,1019.0,920.0,108.0,2584.0,771.0,3,1,7.0,6.927557906278317
Main Aur Charles,2015.0,119.0,"Action, Biography, Crime",6.3,1588.0,1904.0,69.0,120.0,236.0,3,1,0.0,7.370860166536716
Main Aur Mera Hathi,1981.0,136.0,"Action, Drama",6.6,34.0,1957.0,1304.0,1714.0,2742.0,3,1,0.0,3.5553480614894135
Main Aur Mr. Riight,2014.0,130.0,"Comedy, Romance",5.2,347.0,79.0,446.0,2348.0,1184.0,3,1,4.0,5.8522024797744745
Main Aur Tum,1987.0,,Thriller,6.0,9.0,545.0,2194.0,1633.0,2853.0,2,0,18.0,2.302585092994046
Main Awara Hoon,1983.0,148.0,"Drama, Family",5.2,38.0,356.0,1969.0,1852.0,1039.0,3,1,7.0,3.6635616461296463
Main Azaad Hoon,1989.0,160.0,Drama,7.2,699.0,2910.0,206.0,2263.0,459.0,3,0,7.0,6.551080335043404
Main Balwaan,1986.0,130.0,Drama,5.8,43.0,1606.0,631.0,1401.0,1452.0,3,0,7.0,3.784189633918261
Main Chup Rahungi,1962.0,147.0,"Drama, Family",7.4,48.0,0.0,2262.0,1355.0,1973.0,3,1,7.0,3.8918202981106265
Main Hoon Aflatoon,1987.0,,Action,4.3,6.0,186.0,951.0,2703.0,3000.0,3,0,0.0,1.9459101490553132
Main Hoon Chalbaaz,2003.0,,Action,5.9,43.0,1524.0,1536.0,2252.0,1629.0,3,0,0.0,3.784189633918261
Main Hoon Khiladiyon Ka Khiladi,2004.0,,Action,8.8,92.0,1152.0,1312.0,537.0,1845.0,3,0,0.0,4.532599493153256
Main Hoon Na,2004.0,179.0,"Action, Comedy, Drama",7.0,33177.0,769.0,2038.0,2584.0,2715.0,3,1,0.0,10.40964228465222
Main Hoon Rajinikanth,2015.0,127.0,Comedy,7.3,35.0,765.0,2164.0,2286.0,2297.0,3,0,4.0,3.58351893845611
Main Intequam Loonga,1982.0,,"Action, Drama",5.1,44.0,2160.0,631.0,1998.0,2542.0,3,1,0.0,3.8066624897703196
Main Khiladi Tu Anari,1994.0,175.0,"Action, Comedy",6.5,5725.0,2411.0,145.0,2126.0,2511.0,3,1,0.0,8.65277248565806
Main Krishna Hoon,2013.0,134.0,"Animation, Family, Musical",5.3,185.0,2103.0,951.0,1664.0,1602.0,3,1,2.0,5.225746673713202
Main Madhuri Dixit Banna Chahti Hoon!,2003.0,,"Drama, Comedy",6.0,514.0,566.0,286.0,1910.0,423.0,3,1,7.0,6.244166900663736
Main Mulayam Singh Yadav,2021.0,120.0,Biography,4.2,118.0,2851.0,225.0,762.0,1559.0,3,0,3.0,4.77912349311153
Main Nashe Men Hoon,1959.0,,"Drama, Family, Comedy",6.7,59.0,1677.0,1670.0,1258.0,1550.0,3,1,7.0,4.0943445622221
Main Phir Aaoongi,1998.0,,Horror,2.6,8.0,1174.0,965.0,931.0,1577.0,3,0,11.0,2.1972245773362196
Main Prem Ki Diwani Hoon,2003.0,197.0,"Comedy, Drama, Musical",4.0,4401.0,2698.0,830.0,1059.0,48.0,3,1,4.0,8.389814262086407
Main Rony Aur Jony,2007.0,,"Comedy, Romance",5.8,10.0,1663.0,1623.0,2176.0,2398.0,3,1,4.0,2.3978952727983707
Main Shadi Karne Chala,1962.0,,Comedy,6.5,6.0,2290.0,1357.0,706.0,1872.0,3,0,4.0,1.9459101490553132
Main Solah Baras Ki,1998.0,150.0,"Musical, Romance",4.5,40.0,670.0,616.0,920.0,2435.0,3,1,13.0,3.713572066704308
Main Suhagan Hoon,1964.0,,"Drama, Family",5.2,5.0,1356.0,1181.0,96.0,1194.0,3,1,7.0,1.791759469228055
Main Sunder Hoon,1971.0,147.0,"Comedy, Drama, Romance",6.5,47.0,1952.0,1877.0,1375.0,545.0,3,1,4.0,3.871201010907891
Main Tera Dushman,1989.0,,"Action, Adventure, Crime",5.1,68.0,3020.0,870.0,934.0,2720.0,3,1,0.0,4.23410650459726
Main Tera Hero,2014.0,128.0,"Action, Comedy, Romance",5.1,8139.0,629.0,2419.0,851.0,1622.0,3,1,0.0,9.004545458996587
Main Tere Liye,1988.0,,"Drama, Romance",6.8,13.0,3003.0,2258.0,1357.0,1997.0,3,1,7.0,2.6390573296152584
Main Tere Pyaar Mein Pagal,1999.0,146.0,Comedy,4.7,7.0,1156.0,2325.0,484.0,984.0,3,0,4.0,2.0794415416798357
Main Tulsi Tere Aangan Ki,1978.0,151.0,"Drama, Family",6.7,127.0,2012.0,1490.0,337.0,2925.0,3,1,7.0,4.852030263919617
Main Tumhare Bachche ki Maa Banne Waali Hoon,2017.0,45.0,Romance,6.8,101.0,365.0,1908.0,604.0,402.0,3,0,15.0,4.624972813284271
Main Wohi Hoon,1966.0,,Mystery,5.2,8.0,6.0,714.0,1151.0,947.0,3,0,14.0,2.1972245773362196
Main Zaroor Aaunga,2019.0,100.0,"Horror, Thriller",4.1,47.0,582.0,318.0,81.0,2955.0,3,1,11.0,3.871201010907891
Main Zinda Hoon,1988.0,120.0,Drama,7.8,51.0,2753.0,2289.0,1881.0,149.0,3,0,7.0,3.9512437185814275
"Main, Meri Patni... Aur Woh!",2005.0,129.0,"Comedy, Drama, Romance",7.2,2185.0,566.0,1722.0,2042.0,1623.0,3,1,4.0,7.689828668736484
Maine Dil Tujhko Diya,2002.0,154.0,"Action, Romance",3.7,1125.0,2686.0,2171.0,2161.0,2330.0,3,1,0.0,7.026426808699636
Maine Jeena Seekh Liya,1982.0,,"Drama, Romance",3.3,6.0,509.0,1307.0,1907.0,835.0,3,1,7.0,1.9459101490553132
Maine Pyaar Kyun Kiya,2005.0,145.0,"Comedy, Drama, Romance",5.5,4840.0,629.0,1939.0,2584.0,1182.0,3,1,4.0,8.484876589939695
Maiya,2017.0,,Family,2.7,13.0,246.0,196.0,850.0,158.0,3,0,8.0,2.6390573296152584
Majaal,1987.0,180.0,Drama,5.1,32.0,1146.0,1901.0,2765.0,427.0,3,0,7.0,3.4965075614664802
Majaz: Ae Gham-e-Dil Kya Karun,2017.0,178.0,Biography,5.4,5.0,2237.0,1623.0,1970.0,1657.0,3,0,3.0,1.791759469228055
Majboor,1989.0,,Drama,5.2,40.0,2160.0,919.0,934.0,2720.0,3,0,7.0,3.713572066704308
Majboor,1964.0,,"Drama, Family",6.1,8.0,1673.0,503.0,2827.0,1286.0,3,1,7.0,2.1972245773362196
Majboor Ladki,1991.0,127.0,Thriller,2.8,9.0,2158.0,1513.0,930.0,161.0,3,0,18.0,2.302585092994046
Majhli Didi,1967.0,136.0,Drama,7.7,85.0,962.0,1273.0,607.0,1286.0,3,0,7.0,4.454347296253507
Majjma,2021.0,106.0,Drama,8.1,24.0,1845.0,194.0,719.0,1608.0,3,0,7.0,3.2188758248682006
Major Saab,1998.0,165.0,"Action, Drama, Romance",5.3,2083.0,2910.0,206.0,90.0,2625.0,3,1,0.0,7.642044402873258
Majunu,2001.0,172.0,"Action, Drama, Romance",5.2,124.0,2229.0,1584.0,2025.0,1950.0,3,1,0.0,4.8283137373023015
Make in India,2019.0,,Drama,7.0,9.0,444.0,2294.0,2245.0,2753.0,3,0,7.0,2.302585092994046
Malaal,2019.0,136.0,"Action, Drama, Romance",6.0,850.0,1453.0,1282.0,2313.0,608.0,3,1,0.0,6.7464121285733745
Malamaal Weekly,2006.0,137.0,Comedy,7.0,6120.0,1924.0,1522.0,1632.0,2169.0,3,0,4.0,8.71948076085107
Malang,2020.0,135.0,"Action, Crime, Drama",6.5,8972.0,1581.0,81.0,207.0,737.0,3,1,0.0,9.101975347298058
Malhar,1951.0,,"Family, Drama",4.9,10.0,910.0,322.0,2296.0,1539.0,3,1,8.0,2.3978952727983707
Malik Ek,2010.0,128.0,"Biography, Drama, History",6.6,23.0,648.0,127.0,1952.0,2668.0,3,1,3.0,3.1780538303479458
Malli,1998.0,90.0,Drama,7.6,54.0,2488.0,2135.0,2598.0,2853.0,2,0,7.0,4.007333185232471
Mallika,2010.0,,"Horror, Mystery, Thriller",4.6,52.0,3099.0,269.0,2169.0,1369.0,3,1,11.0,3.970291913552122
Mama Bhanja,1977.0,,"Comedy, Drama, Family",6.7,27.0,1674.0,2058.0,1955.0,1781.0,3,1,4.0,3.332204510175204
Mamata Ki Chhaon Mein,1989.0,,"Drama, Family",5.5,17.0,198.0,1067.0,358.0,191.0,3,1,7.0,2.8903717578961645
Mammo,1994.0,130.0,Drama,7.7,406.0,2661.0,705.0,2566.0,195.0,3,0,7.0,6.008813185442595
Mamta,1966.0,150.0,"Drama, Romance",6.8,116.0,399.0,376.0,607.0,2665.0,3,1,7.0,4.762173934797756
Man Ka Meet,1969.0,150.0,"Action, Thriller",5.7,21.0,92.0,2177.0,1188.0,1745.0,3,1,0.0,3.091042453358316
Man Ki Aankhen,1970.0,,Drama,6.6,41.0,1990.0,2511.0,607.0,2686.0,3,0,7.0,3.7376696182833684
Man Mandir,1971.0,142.0,"Drama, Family",5.2,32.0,2886.0,2511.0,2202.0,2669.0,3,1,7.0,3.4965075614664802
Man on Mission Fauladi,2004.0,158.0,Action,4.8,126.0,1559.0,1411.0,2483.0,2853.0,2,0,0.0,4.844187086458591
Man On Mission Jaanbaaz,2005.0,125.0,Action,4.7,137.0,1559.0,1643.0,2681.0,2853.0,1,0,0.0,4.927253685157205
Man on Mission Taqatwar,2005.0,,Action,8.7,84.0,37.0,99.0,1406.0,597.0,3,0,0.0,4.442651256490317
Man Pasand,1980.0,,"Comedy, Drama",6.4,99.0,475.0,616.0,2648.0,850.0,3,1,4.0,4.605170185988092
Manasarovar,2004.0,90.0,Drama,6.9,80.0,291.0,396.0,1565.0,3044.0,3,0,7.0,4.394449154672439
Manavata,1972.0,120.0,"Drama, Romance",7.3,6.0,2886.0,2019.0,2594.0,1941.0,3,1,7.0,1.9459101490553132
Manchala,1999.0,137.0,Romance,5.2,5.0,1082.0,2507.0,737.0,2038.0,3,0,15.0,1.791759469228055
Manchali,1973.0,131.0,"Comedy, Romance, Musical",6.5,129.0,2032.0,1980.0,1188.0,1647.0,3,1,4.0,4.867534450455582
Mandi,1983.0,167.0,"Comedy, Drama",7.5,744.0,2661.0,2030.0,2436.0,1623.0,3,1,4.0,6.61338421837956
Mandir Masjid,1977.0,,Drama,6.2,5.0,1557.0,2530.0,1335.0,1624.0,3,0,7.0,1.791759469228055
Mangal Pandey,1983.0,136.0,"Action, Crime, Drama",5.9,29.0,918.0,1775.0,96.0,896.0,3,1,0.0,3.4011973816621555
Mangal Pandey: The Rising,2005.0,150.0,"Biography, Drama, History",6.6,9520.0,1279.0,18.0,1958.0,2823.0,3,1,3.0,9.161255164285691
Mangalashtak Once More,2013.0,122.0,"Drama, Romance",6.2,105.0,2418.0,1353.0,1277.0,923.0,3,1,7.0,4.663439094112067
Mangalsutra,1981.0,121.0,"Horror, Thriller",6.5,48.0,3004.0,1818.0,196.0,1876.0,3,1,11.0,3.8918202981106265
Manikanda,2007.0,121.0,"Action, Crime, Drama",3.6,38.0,2533.0,280.0,1219.0,2881.0,3,1,0.0,3.6635616461296463
Manikarnika: The Queen of Jhansi,2019.0,148.0,"Action, Biography, Drama",6.4,10230.0,1980.0,997.0,1036.0,637.0,3,1,0.0,9.23317760587894
Manjhi: The Mountain Man,2015.0,120.0,"Adventure, Biography, Drama",8.0,18207.0,1279.0,1428.0,1827.0,415.0,3,1,1.0,9.809616336926057
Manjunath,2014.0,130.0,"Biography, Drama",7.2,478.0,2428.0,267.0,1045.0,22.0,3,1,3.0,6.171700597410915
Manmatha Leelai,1976.0,161.0,"Comedy, Drama, Romance",6.7,114.0,1145.0,14.0,817.0,1127.0,3,1,4.0,4.74493212836325
Man-Mauji,1962.0,141.0,"Comedy, Musical",7.1,39.0,1952.0,1877.0,1110.0,2248.0,3,1,4.0,3.6888794541139363
Manohara,1954.0,199.0,Unknown,7.3,46.0,1362.0,2105.0,753.0,1149.0,3,0,19.0,3.8501476017100584
Manokaamnaa,1980.0,110.0,"Drama, Romance",7.1,15.0,1269.0,2389.0,2282.0,1122.0,3,1,7.0,2.772588722239781
Manorama: Six Feet Under,2007.0,137.0,"Crime, Drama, Mystery",7.6,7563.0,1684.0,34.0,766.0,1963.0,3,1,5.0,8.931155429778348
Manoranjan,1974.0,158.0,"Comedy, Musical, Romance",6.8,214.0,2569.0,2058.0,2202.0,3058.0,3,1,4.0,5.3706380281276624
Mansoor Miyanar Ghora,2000.0,,Drama,6.2,15.0,1640.0,438.0,286.0,370.0,3,0,7.0,2.772588722239781
Manthrikan,2012.0,,"Comedy, Drama, Horror",3.4,69.0,246.0,1554.0,1521.0,1562.0,3,1,4.0,4.248495242049359
Manto,2018.0,112.0,"Biography, Drama",7.4,3929.0,1662.0,1428.0,1972.0,2774.0,3,1,3.0,8.276394704863307
Mantostaan,2017.0,92.0,"Drama, History",6.0,89.0,1994.0,459.0,2460.0,2531.0,3,1,7.0,4.499809670330265
Manzil,1960.0,120.0,"Drama, Romance",6.0,65.0,1448.0,616.0,1628.0,1106.0,3,1,7.0,4.189654742026425
Manzil,1979.0,113.0,"Drama, Romance, Family",6.9,289.0,475.0,206.0,1436.0,2039.0,3,1,7.0,5.66988092298052
Manzilein Aur Bhi Hain,1974.0,112.0,Drama,4.2,16.0,1422.0,772.0,1003.0,1553.0,3,0,7.0,2.833213344056216
Maqbool,2003.0,132.0,"Crime, Drama, Thriller",8.1,10024.0,3070.0,853.0,2607.0,1767.0,3,1,5.0,9.21283725217477
Maqsad,1984.0,166.0,"Action, Crime",5.9,83.0,1146.0,1702.0,949.0,1039.0,3,1,0.0,4.430816798843313
Mar Mitenge,1988.0,,Action,4.5,30.0,1268.0,919.0,1401.0,1325.0,3,0,0.0,3.4339872044851463
Mard,1985.0,177.0,"Action, Drama, Romance",6.2,1604.0,1482.0,206.0,182.0,1715.0,3,1,0.0,7.380879035564116
Mard,1998.0,135.0,Action,4.2,31.0,809.0,1304.0,1979.0,1110.0,3,0,0.0,3.4657359027997265
Mard Ki Zabaan,1987.0,,Action,4.5,20.0,1146.0,631.0,900.0,1816.0,3,0,0.0,3.044522437723423
Mard Ko Dard Nahin Hota,2018.0,134.0,"Action, Comedy",7.4,6647.0,2975.0,41.0,1828.0,1349.0,3,1,0.0,8.802071336535285
Mardaani,2014.0,113.0,"Action, Crime, Drama",7.3,11913.0,1855.0,1767.0,2610.0,1903.0,3,1,0.0,9.385469458188632
Mardaani 2,2019.0,103.0,"Action, Crime, Drama",7.4,8198.0,850.0,2272.0,1958.0,2010.0,3,1,0.0,9.011767474596178
Mardani,1983.0,,"Action, Crime, Drama",6.4,14.0,857.0,1258.0,1024.0,605.0,3,1,0.0,2.70805020110221
Mardon Wali Baat,1988.0,,"Action, Adventure, Comedy",5.0,54.0,546.0,631.0,2195.0,2417.0,3,1,0.0,4.007333185232471
Marega Salaa,2009.0,,"Crime, Drama, Mystery",4.9,46.0,673.0,931.0,1095.0,938.0,3,1,5.0,3.8501476017100584
Margarita with a Straw,2014.0,100.0,Drama,7.2,3565.0,2642.0,1459.0,1014.0,2141.0,3,0,7.0,8.179199798423086
Marigold,2007.0,110.0,"Comedy, Music, Romance",4.8,1890.0,3097.0,1939.0,127.0,1609.0,3,1,4.0,7.544861068658458
Marine Drive,1955.0,132.0,"Action, Crime, Drama",6.4,16.0,795.0,492.0,96.0,1106.0,3,1,0.0,2.833213344056216
Marjaavaan,2019.0,152.0,"Action, Drama, Romance",3.6,3146.0,1543.0,1841.0,2422.0,2793.0,3,1,0.0,8.054204897064407
Market,2003.0,160.0,"Drama, Musical",3.5,132.0,1082.0,1214.0,2533.0,383.0,3,1,7.0,4.890349128221754
Marma,2002.0,,"Drama, Horror, Mystery",6.3,33.0,2800.0,228.0,2392.0,1875.0,3,1,7.0,3.5263605246161616
Marma Mudichu,2020.0,,Horror,6.8,6.0,1876.0,543.0,2376.0,2196.0,3,0,11.0,1.9459101490553132
Marne Bhi Do Yaaron,2019.0,130.0,Comedy,4.9,73.0,1260.0,1080.0,1072.0,2159.0,3,0,4.0,4.30406509320417
Maroon,2017.0,94.0,Thriller,5.1,291.0,1932.0,627.0,1271.0,2392.0,3,0,18.0,5.676753802268282
Married 2 America,2012.0,,Thriller,4.2,17.0,719.0,319.0,108.0,602.0,3,0,18.0,2.8903717578961645
Marshal,2002.0,109.0,Action,5.4,17.0,1471.0,861.0,1198.0,1494.0,3,0,0.0,2.8903717578961645
Marte Dam Tak,1987.0,155.0,"Action, Drama",4.9,108.0,1535.0,1635.0,763.0,785.0,3,1,0.0,4.6913478822291435
Martyrs of Marriage,2016.0,90.0,Documentary,8.5,166.0,660.0,2385.0,2681.0,2853.0,0,0,6.0,5.117993812416755
Marudhar Express,2019.0,106.0,"Drama, Romance",6.1,554.0,3073.0,1104.0,2630.0,2010.0,3,1,7.0,6.318968113746434
Maruti Mera Dosst,2009.0,,"Animation, Adventure, Drama",7.9,53.0,1461.0,2039.0,2583.0,768.0,3,1,2.0,3.9889840465642745
Mary Kom,2014.0,122.0,"Action, Biography, Drama",6.8,10089.0,1746.0,1622.0,2553.0,2183.0,3,1,0.0,9.219300113347655
Maryada,1971.0,154.0,"Family, Romance",7.1,61.0,315.0,1702.0,1813.0,1359.0,3,1,8.0,4.127134385045092
Masaan,2015.0,109.0,Drama,8.2,24900.0,1695.0,1824.0,2198.0,2916.0,3,0,7.0,10.122663242288953
Masala Chai,2017.0,80.0,Documentary,8.2,27.0,1507.0,1308.0,761.0,2662.0,3,0,6.0,3.332204510175204
Masala Republic,2014.0,135.0,"Comedy, Thriller",5.2,105.0,3068.0,849.0,2481.0,2970.0,3,1,4.0,4.663439094112067
Maseeha,2002.0,117.0,"Action, Crime, Drama",4.1,74.0,1804.0,2266.0,1489.0,956.0,3,1,0.0,4.31748811353631
Mashaal,1950.0,136.0,Drama,6.2,5.0,1726.0,376.0,2541.0,2221.0,3,0,7.0,1.791759469228055
Mashaal,1984.0,162.0,"Action, Drama, Family",7.3,655.0,3106.0,250.0,622.0,3014.0,3,1,0.0,6.486160788944089
Mashooka,2005.0,107.0,"Drama, Musical, Romance",5.3,30.0,94.0,77.0,1371.0,2919.0,3,1,7.0,3.4339872044851463
Mashooq,1992.0,,"Drama, Romance",5.3,43.0,888.0,1178.0,2280.0,450.0,3,1,7.0,3.784189633918261
Maska,2020.0,111.0,"Comedy, Drama, Romance",5.8,1317.0,1699.0,1609.0,1290.0,2516.0,3,1,4.0,7.183870715062453
Maska,2009.0,156.0,"Action, Comedy, Drama",5.2,284.0,847.0,1743.0,793.0,2487.0,3,1,0.0,5.652489180268651
Masoom,1983.0,165.0,Drama,8.4,3771.0,2607.0,1405.0,2263.0,1089.0,3,0,7.0,8.235360643753348
Masoom,1960.0,,Drama,7.3,23.0,2519.0,1997.0,401.0,936.0,3,0,7.0,3.1780538303479458
Masoom,1996.0,130.0,"Action, Comedy, Thriller",5.8,95.0,1427.0,2356.0,2526.0,366.0,3,1,0.0,4.564348191467836
Massey Sahib,1986.0,118.0,Drama,7.2,105.0,1857.0,1645.0,434.0,373.0,3,0,7.0,4.663439094112067
Mast,1999.0,153.0,"Comedy, Musical, Romance",5.4,903.0,2146.0,86.0,2689.0,629.0,3,1,4.0,6.806829360392176
Mast Kalandar,1991.0,143.0,"Action, Drama, Thriller",5.2,44.0,2005.0,631.0,629.0,2449.0,3,1,0.0,3.8066624897703196
Mastaani,2005.0,,Drama,4.4,19.0,1158.0,143.0,2471.0,2421.0,3,0,7.0,2.995732273553991
Mastana,1954.0,,"Drama, Family",6.7,6.0,919.0,1333.0,1585.0,593.0,3,1,7.0,1.9459101490553132
Mastana,1970.0,151.0,"Drama, Comedy, Family",6.8,51.0,92.0,1288.0,1645.0,505.0,3,1,7.0,3.9512437185814275
Master,2001.0,152.0,Action,4.8,24.0,2791.0,2258.0,2653.0,2247.0,3,0,0.0,3.2188758248682006
Masterji,1985.0,178.0,"Comedy, Drama, Romance",6.5,95.0,1156.0,1702.0,2488.0,264.0,3,1,4.0,4.564348191467836
Masti,2004.0,166.0,"Comedy, Crime, Mystery",6.2,6068.0,980.0,86.0,2819.0,2169.0,3,1,4.0,8.710949125835855
Masti Express,2011.0,103.0,"Adventure, Comedy, Drama",5.1,91.0,3038.0,1722.0,973.0,741.0,3,1,1.0,4.5217885770490405
MASTI NAHI SASTI,2017.0,96.0,Comedy,3.3,6.0,1908.0,875.0,2286.0,1110.0,3,0,4.0,1.9459101490553132
Mastizaade,2016.0,119.0,Comedy,2.4,2622.0,1543.0,2376.0,2800.0,2723.0,3,0,4.0,7.872073979866873
Mastram,2013.0,98.0,"Biography, Drama",4.8,514.0,151.0,645.0,1841.0,2794.0,3,1,3.0,6.244166900663736
Match Of Life,2020.0,,Comedy,5.4,5.0,180.0,1722.0,2493.0,2727.0,3,0,4.0,1.791759469228055
Mati Manas,1985.0,92.0,"Documentary, Drama",7.7,42.0,1454.0,1846.0,218.0,412.0,3,1,6.0,3.7612001156935624
Matru ki Bijlee ka Mandola,2013.0,151.0,"Comedy, Drama",5.6,6035.0,3070.0,1514.0,857.0,321.0,3,1,4.0,8.70549681988774
Matrubhoomi: A Nation Without Women,2003.0,99.0,Drama,7.7,2042.0,1467.0,2369.0,2512.0,2751.0,3,0,7.0,7.622174594817622
Mausam,1975.0,156.0,"Musical, Romance",8.1,868.0,869.0,1980.0,2312.0,1747.0,3,1,13.0,6.767343125265392
Mausam,2011.0,161.0,"Drama, Romance, War",4.7,5258.0,1783.0,2042.0,2468.0,312.0,3,1,7.0,8.567696173589344
Mausam Ikrar Ke Do Pal Pyar Ke,2018.0,130.0,Drama,2.8,10.0,1804.0,1348.0,1214.0,1399.0,3,0,7.0,2.3978952727983707
Maut,1998.0,120.0,Horror,4.3,25.0,1087.0,1985.0,1857.0,2418.0,3,0,11.0,3.258096538021482
Maut Ka Saya,1982.0,,Drama,7.0,6.0,2919.0,741.0,205.0,2943.0,3,0,7.0,1.9459101490553132
Maut Ke Peeche Maut,2003.0,95.0,Horror,4.2,6.0,1300.0,810.0,487.0,1103.0,3,0,11.0,1.9459101490553132
Maut Ki Ladai,1989.0,,"Action, Thriller",4.4,10.0,1668.0,1078.0,934.0,2650.0,3,1,0.0,2.3978952727983707
Mawaali,1983.0,150.0,"Action, Drama",5.4,76.0,1146.0,919.0,2488.0,1039.0,3,1,0.0,4.343805421853684
Mawali Ek Playboy,2005.0,,Action,4.7,15.0,2918.0,1475.0,2248.0,2853.0,2,0,0.0,2.772588722239781
Mawali No.1,2002.0,115.0,Action,3.5,8.0,1378.0,1901.0,1401.0,960.0,3,0,0.0,2.1972245773362196
Maximum,2012.0,110.0,"Action, Crime, Drama",4.7,202.0,1191.0,2197.0,1510.0,1672.0,3,1,0.0,5.313205979041787
Maya,2001.0,105.0,Drama,7.0,278.0,710.0,237.0,1398.0,1730.0,3,0,7.0,5.631211781821365
Maya,1993.0,130.0,"Drama, Mystery, Romance",5.4,2081.0,1279.0,591.0,696.0,1965.0,3,1,7.0,7.641084249174914
Maya,1961.0,,"Drama, Romance",7.5,55.0,611.0,616.0,1258.0,1286.0,3,1,7.0,4.02535169073515
Maya Bazaar,1958.0,150.0,"Adventure, Fantasy",6.5,21.0,458.0,1176.0,216.0,1972.0,3,1,1.0,3.091042453358316
Maya Darpan,1972.0,107.0,Drama,6.9,69.0,1347.0,70.0,875.0,253.0,3,0,7.0,4.248495242049359
Maya Machhindra,1932.0,154.0,Unknown,5.8,13.0,2579.0,768.0,659.0,1438.0,3,0,19.0,2.6390573296152584
Maya Machindra,1975.0,,Drama,7.9,9.0,2336.0,36.0,1031.0,2381.0,3,0,7.0,2.302585092994046
Mayooraa,1976.0,,Drama,7.9,16.0,2865.0,1217.0,1902.0,2651.0,3,0,7.0,2.833213344056216
Mayura,1976.0,,Drama,8.6,41.0,2104.0,968.0,2604.0,2473.0,3,0,7.0,3.7376696182833684
Mayurpankh,1954.0,106.0,"Adventure, Drama, Musical",5.9,16.0,1306.0,1069.0,2541.0,1743.0,3,1,1.0,2.833213344056216
Mazaa Mazaa,2005.0,99.0,Romance,2.7,58.0,2864.0,704.0,1437.0,1765.0,3,0,15.0,4.07753744390572
Mazaaq,1975.0,103.0,Comedy,6.7,17.0,894.0,2489.0,1436.0,371.0,3,0,4.0,2.8903717578961645
Mazdoor,1934.0,155.0,Drama,8.5,6.0,1562.0,483.0,2088.0,1758.0,3,0,7.0,1.9459101490553132
Mazdoor,1983.0,170.0,"Drama, Romance",6.5,99.0,2212.0,657.0,1493.0,1965.0,3,1,7.0,4.605170185988092
Mazdoor Zindabaad,1976.0,124.0,Drama,5.7,14.0,1674.0,1763.0,1677.0,1405.0,3,0,7.0,2.70805020110221
Mazloom,1986.0,,"Action, Crime, Drama",4.8,8.0,558.0,491.0,705.0,855.0,3,1,0.0,2.1972245773362196
Me and Mrs. Khanna,2009.0,109.0,"Comedy, Drama, Romance",3.6,2925.0,1915.0,1939.0,1059.0,2610.0,3,1,4.0,7.98139158158007
Medal,2018.0,96.0,Drama,7.9,7.0,808.0,1370.0,869.0,2785.0,3,0,7.0,2.0794415416798357
Mee Raqsam,2020.0,80.0,Drama,6.7,384.0,452.0,949.0,2370.0,636.0,3,0,7.0,5.953243334287785
Mee Sindhutai Sapkal,2010.0,110.0,"Biography, Drama",6.9,126.0,239.0,957.0,157.0,1662.0,3,1,3.0,4.844187086458591
Meena Bazaar,1950.0,,Drama,7.9,13.0,2234.0,1400.0,2681.0,2853.0,1,0,7.0,2.6390573296152584
Meena Bazar,1991.0,,Drama,4.8,12.0,1752.0,861.0,551.0,1815.0,3,0,7.0,2.5649493574615367
Meena Kumari Ki Amar Kahani,1981.0,,Drama,7.9,13.0,2691.0,679.0,2456.0,501.0,3,0,7.0,2.6390573296152584
Meenakshi,1942.0,155.0,Drama,7.2,12.0,1555.0,1904.0,76.0,2024.0,3,0,7.0,2.5649493574615367
Meenaxi: Tale of 3 Cities,2004.0,,"Drama, Musical, Romance",6.2,292.0,1393.0,2319.0,1836.0,1587.0,3,1,7.0,5.680172609017068
Meendum Kokila,1981.0,139.0,"Comedy, Drama, Romance",6.2,115.0,794.0,982.0,2488.0,2854.0,3,1,4.0,4.7535901911063645
Meera,1979.0,155.0,"Drama, History",6.6,109.0,869.0,809.0,2791.0,2449.0,3,1,7.0,4.700480365792417
Meera,1947.0,120.0,Unknown,7.7,14.0,758.0,1154.0,2681.0,2853.0,1,0,19.0,2.70805020110221
Meera Ka Mohan,1992.0,152.0,Romance,5.5,14.0,1159.0,410.0,366.0,1845.0,3,0,15.0,2.70805020110221
Meerabai Not Out,2008.0,,"Comedy, Drama, Romance",3.9,87.0,581.0,296.0,1244.0,1379.0,3,1,4.0,4.477336814478207
Meeradha,2016.0,,Romance,6.6,19.0,34.0,1960.0,2738.0,2682.0,3,0,15.0,2.995732273553991
Meeruthiya Gangsters,2015.0,129.0,"Comedy, Crime",7.2,623.0,3134.0,880.0,6.0,1026.0,3,1,4.0,6.436150368369428
Meet Mere Man Ke,1991.0,150.0,"Action, Drama",5.3,13.0,1535.0,714.0,2149.0,1851.0,3,1,0.0,2.6390573296152584
Meetha Zehar,1985.0,,"Action, Drama",5.0,6.0,1576.0,603.0,1646.0,1745.0,3,1,0.0,1.9459101490553132
Megalopolis,2018.0,79.0,Mystery,6.6,18.0,2279.0,1093.0,1478.0,353.0,3,0,14.0,2.9444389791664403
Megha,1996.0,,Romance,3.7,62.0,1573.0,2058.0,1065.0,1961.0,3,0,15.0,4.143134726391533
Meghdoot,1945.0,,Unknown,6.4,9.0,636.0,1128.0,2281.0,2853.0,2,0,19.0,2.302585092994046
Mehandi Ban Gai Khoon,1991.0,,Action,4.8,19.0,1970.0,500.0,19.0,1090.0,3,0,0.0,2.995732273553991
Meharbaan,1993.0,,Romance,5.7,44.0,1159.0,1901.0,794.0,1494.0,3,0,15.0,3.8066624897703196
Meharbaani,1982.0,140.0,Drama,6.1,22.0,135.0,1.0,1238.0,2358.0,3,0,7.0,3.1354942159291497
Mehboob Ki Mehndi,1971.0,151.0,"Drama, Musical, Romance",6.7,119.0,919.0,1702.0,1188.0,1831.0,3,1,7.0,4.787491742782046
Mehboob Mere Mehboob,1992.0,,Romance,5.7,11.0,2166.0,800.0,777.0,2688.0,3,0,15.0,2.4849066497880004
Mehbooba,1954.0,,"Adventure, Romance",7.4,7.0,1142.0,761.0,834.0,1600.0,3,1,1.0,2.0794415416798357
Mehbooba,1976.0,134.0,"Drama, Romance",6.5,144.0,2563.0,1702.0,818.0,1872.0,3,1,7.0,4.976733742420574
Mehbooba,2008.0,163.0,"Drama, Romance",3.5,351.0,2870.0,87.0,2195.0,1393.0,3,1,7.0,5.863631175598097
Meher,2020.0,,Drama,9.3,27.0,2047.0,216.0,628.0,2345.0,3,0,7.0,3.332204510175204
Mehlon Ke Khwab,1960.0,,"Drama, Romance",6.7,16.0,1598.0,1067.0,503.0,1831.0,3,1,7.0,2.833213344056216
Mehmaan,1973.0,,"Action, Crime, Drama",5.7,6.0,1311.0,503.0,2003.0,2695.0,3,1,0.0,1.9459101490553132
Mehndi,1998.0,153.0,Drama,3.4,299.0,898.0,699.0,1958.0,2869.0,3,0,7.0,5.703782474656201
Mehndi,1958.0,,"Drama, Family",5.3,6.0,2334.0,118.0,941.0,2907.0,3,1,7.0,1.9459101490553132
Mehndi,1983.0,,"Action, Drama, Romance",7.2,21.0,399.0,2489.0,1852.0,2083.0,3,1,0.0,3.091042453358316
Mehndi Lagi Mere Haath,1962.0,128.0,"Comedy, Drama, Romance",5.9,23.0,2819.0,376.0,1493.0,2472.0,3,1,4.0,3.1780538303479458
Mehndi Rang Layegi,1982.0,,"Drama, Family",5.5,17.0,1668.0,919.0,2003.0,264.0,3,1,7.0,2.8903717578961645
Mehrban,1967.0,162.0,Drama,7.2,47.0,0.0,376.0,2530.0,2713.0,3,0,7.0,3.871201010907891
Mehsampur,2018.0,99.0,Drama,6.6,41.0,1195.0,524.0,502.0,1280.0,3,0,7.0,3.7376696182833684
Meinu Ek Ladki Chaahiye,2014.0,,"Comedy, Crime, Drama",2.9,11.0,59.0,1780.0,1804.0,2125.0,3,1,4.0,2.4849066497880004
Mela,1948.0,152.0,"Family, Romance, Drama",7.5,98.0,2348.0,1400.0,622.0,1057.0,3,1,8.0,4.59511985013459
Mela,1971.0,126.0,"Drama, Family",6.8,44.0,1867.0,1972.0,706.0,1567.0,3,1,7.0,3.8066624897703196
Mela,2000.0,172.0,"Action, Adventure, Comedy",3.8,4247.0,693.0,18.0,2670.0,777.0,3,1,0.0,8.354203562921775
Melody,1997.0,148.0,"Drama, Musical",6.4,123.0,2384.0,2030.0,317.0,3049.0,3,1,7.0,4.820281565605037
Mem Sahib,1956.0,113.0,"Comedy, Drama, Romance",7.2,36.0,1959.0,1273.0,2297.0,1860.0,3,1,4.0,3.6109179126442243
Mem-Didi,1961.0,137.0,"Comedy, Drama",7.4,31.0,962.0,1118.0,567.0,2782.0,3,1,4.0,3.4657359027997265
Memories,1964.0,113.0,"Drama, Mystery",7.6,97.0,2796.0,1969.0,2549.0,1621.0,3,1,7.0,4.584967478670572
Memories in March,2010.0,104.0,Drama,7.2,442.0,2480.0,612.0,1850.0,2173.0,3,0,7.0,6.093569770045136
Memsaab,1971.0,138.0,Thriller,6.1,17.0,406.0,2530.0,2791.0,1082.0,3,0,18.0,2.8903717578961645
Men Not Allowed,2006.0,115.0,"Drama, Romance",3.6,38.0,2648.0,1541.0,2651.0,1627.0,3,1,7.0,3.6635616461296463
Men Will Be Men,2011.0,,Comedy,5.1,8.0,853.0,730.0,2863.0,2006.0,3,0,4.0,2.1972245773362196
Menstrual Man,2013.0,63.0,"Documentary, Biography",8.2,78.0,208.0,74.0,2681.0,2853.0,1,1,6.0,4.3694478524670215
Mera Badla,1985.0,,Action,3.8,12.0,1958.0,2514.0,1897.0,2650.0,3,0,0.0,2.5649493574615367
Mera Damad,1995.0,127.0,"Comedy, Drama",4.4,794.0,1804.0,2396.0,358.0,790.0,3,1,4.0,6.678342114654332
Mera Desh Mera Dharam,1973.0,120.0,Drama,5.6,11.0,624.0,575.0,1973.0,1569.0,3,0,7.0,2.4849066497880004
Mera Dharam,1986.0,,"Action, Thriller",4.1,8.0,472.0,870.0,182.0,2438.0,3,1,0.0,2.1972245773362196
Mera Dharam Meri Maa,1976.0,,Drama,7.9,11.0,512.0,453.0,1469.0,2772.0,3,0,7.0,2.4849066497880004
Mera Dil Leke Dekho,2006.0,,"Comedy, Romance",6.6,56.0,2276.0,870.0,289.0,1226.0,3,1,4.0,4.04305126783455
Mera Dil Tere Liye,1992.0,155.0,Romance,4.8,8.0,2321.0,762.0,631.0,371.0,3,0,15.0,2.1972245773362196
Mera Faisla,1984.0,,Action,3.9,43.0,2351.0,1969.0,1975.0,1039.0,3,0,0.0,3.784189633918261
Mera Faisla,2005.0,,Action,3.6,8.0,2937.0,2385.0,2681.0,2853.0,0,0,0.0,2.1972245773362196
Mera Farz,1989.0,,Action,5.4,21.0,1156.0,1378.0,177.0,2650.0,3,0,0.0,3.091042453358316
Mera Gaon Mera Desh,1971.0,151.0,"Action, Drama",7.0,302.0,2012.0,368.0,607.0,2981.0,3,1,0.0,5.713732805509369
Mera Haque,1986.0,135.0,Action,4.7,36.0,118.0,1969.0,219.0,877.0,3,0,0.0,3.6109179126442243
Mera Inteqam,1985.0,,Action,6.6,7.0,2339.0,1882.0,1975.0,3020.0,3,0,0.0,2.0794415416798357
Mera Jawab,1985.0,,Action,5.6,35.0,1635.0,870.0,1357.0,2438.0,3,0,0.0,3.58351893845611
Mera Karam Mera Dharam,1987.0,,Drama,5.5,27.0,744.0,631.0,1436.0,1082.0,3,0,7.0,3.332204510175204
Mera Lahoo,1987.0,,"Action, Crime, Drama",5.4,39.0,2982.0,500.0,2548.0,868.0,3,1,0.0,3.6888794541139363
Mera Naam Johar,1968.0,160.0,"Comedy, Drama",5.8,11.0,2492.0,836.0,2473.0,2822.0,3,1,4.0,2.4849066497880004
Mera Naam Joker,1970.0,224.0,"Comedy, Drama",8.0,4684.0,2010.0,1670.0,1308.0,2586.0,3,1,4.0,8.452121194672523
Mera Naseeb,1989.0,150.0,Drama,4.1,7.0,2308.0,1854.0,261.0,2263.0,3,0,7.0,2.0794415416798357
Mera Pati Sirf Mera Hai,1990.0,142.0,"Drama, Family",3.8,37.0,1486.0,919.0,2003.0,1945.0,3,1,7.0,3.6375861597263857
Mera Qasoor Kya Hai,1964.0,,Drama,6.2,13.0,1952.0,1877.0,607.0,1607.0,3,0,7.0,2.6390573296152584
Mera Rakshak,1978.0,157.0,"Action, Crime, Drama",4.6,19.0,1957.0,1304.0,32.0,2542.0,3,1,0.0,2.995732273553991
Mera Ramrajya Nai Kranti,2020.0,162.0,Drama,8.8,16.0,2662.0,2139.0,362.0,167.0,3,0,7.0,2.833213344056216
Mera Saathi,1985.0,140.0,Drama,4.9,14.0,1156.0,919.0,934.0,2017.0,3,0,7.0,2.70805020110221
Mera Saaya,1966.0,128.0,"Drama, Musical, Mystery",7.6,864.0,2012.0,2262.0,2112.0,995.0,3,1,7.0,6.762729506931879
Mera Shikar,1988.0,141.0,Action,3.9,7.0,1276.0,662.0,1003.0,637.0,3,0,0.0,2.0794415416798357
Mera Vachan Geeta Ki Kasam,1977.0,,Action,5.6,10.0,3053.0,1972.0,2129.0,111.0,3,0,0.0,2.3978952727983707
Mera Yaar Mera Dushman,1987.0,,Musical,4.3,9.0,254.0,448.0,1335.0,342.0,3,0,13.0,2.302585092994046
Meraa Dost Meraa Dushman,1984.0,129.0,Action,5.2,12.0,2012.0,2084.0,2436.0,835.0,3,0,0.0,2.5649493574615367
Meraa Ghar Mere Bachche,1985.0,150.0,"Drama, Family",4.7,20.0,571.0,1667.0,2436.0,1452.0,3,1,7.0,3.044522437723423
Mere Aagosh Mein,2000.0,142.0,Thriller,5.5,11.0,435.0,1758.0,1103.0,1213.0,3,0,18.0,2.4849066497880004
Mere Apne,1971.0,164.0,Drama,7.4,536.0,869.0,1273.0,2791.0,2480.0,3,0,7.0,6.285998094508865
Mere Baad,1988.0,140.0,Drama,6.6,30.0,3082.0,1264.0,439.0,246.0,3,0,7.0,3.4339872044851463
Mere Baap Pehle Aap,2008.0,163.0,"Comedy, Drama, Romance",5.4,2058.0,1924.0,148.0,1665.0,842.0,3,1,4.0,7.629975707027789
Mere Bhaiya,1972.0,138.0,"Drama, Family",5.6,13.0,2519.0,2441.0,1540.0,2739.0,3,1,7.0,2.6390573296152584
Mere Brother Ki Dulhan,2011.0,139.0,"Comedy, Drama, Family",5.8,8946.0,172.0,842.0,1073.0,151.0,3,1,4.0,9.099073559547596
Mere Dad Ki Maruti,2013.0,101.0,"Comedy, Drama, Romance",6.4,4535.0,357.0,1986.0,2013.0,2047.0,3,1,4.0,8.419800845407588
Mere Do Anmol Ratan,1998.0,161.0,Drama,5.0,45.0,1159.0,341.0,1489.0,1563.0,3,0,7.0,3.828641396489095
Mere Dost Picture Abhi Baaki Hai,2012.0,180.0,Comedy,3.5,191.0,2114.0,2266.0,2672.0,2030.0,3,0,4.0,5.2574953720277815
Mere Genie Uncle,2015.0,,Comedy,4.0,7.0,361.0,2518.0,1529.0,925.0,3,0,4.0,2.0794415416798357
Mere Hamdam Mere Dost,1968.0,,"Musical, Romance, Thriller",6.9,72.0,183.0,631.0,2312.0,2134.0,3,1,13.0,4.290459441148391
Mere Haule Dost,2013.0,112.0,"Comedy, Drama",6.7,26.0,1732.0,9.0,499.0,1206.0,3,1,4.0,3.295836866004329
Mere Humsafar,1970.0,153.0,"Drama, Romance",7.0,53.0,744.0,2077.0,949.0,481.0,3,1,7.0,3.9889840465642745
Mere Huzoor,1968.0,165.0,"Drama, Romance",6.4,59.0,3053.0,1181.0,1813.0,1055.0,3,1,7.0,4.0943445622221
Mere Jeevan Saathi,1972.0,142.0,"Drama, Adventure, Action",6.9,168.0,2230.0,1702.0,2623.0,2686.0,3,1,7.0,5.1298987149230735
Mere Jeevan Saathi,2006.0,129.0,"Drama, Music, Romance",3.5,902.0,2789.0,145.0,1065.0,178.0,3,1,7.0,6.805722553416985
Mere Khwabon Mein Jo Aaye,2009.0,119.0,"Drama, Fantasy, Musical",5.6,93.0,1413.0,1761.0,1850.0,338.0,3,1,7.0,4.543294782270004
Mere Lal,1966.0,,"Drama, Family",6.4,10.0,2519.0,618.0,868.0,993.0,3,1,7.0,2.3978952727983707
Mere Mehboob,1963.0,164.0,"Comedy, Drama, Romance",6.9,196.0,919.0,376.0,1882.0,2248.0,3,1,4.0,5.2832037287379885
Mere Paas Baap Hai,2018.0,108.0,Comedy,6.1,31.0,766.0,1321.0,71.0,2422.0,3,0,4.0,3.4657359027997265
Mere Saath Chal,1986.0,,Drama,5.6,9.0,2830.0,898.0,2387.0,1578.0,3,0,7.0,2.302585092994046
Mere Sajana Saath Nibhana,1992.0,141.0,"Drama, Musical",6.3,55.0,2090.0,1304.0,982.0,2453.0,3,1,7.0,4.02535169073515
Mere Sajna,1975.0,,"Drama, Romance",6.2,10.0,1281.0,1425.0,1921.0,111.0,3,1,7.0,2.3978952727983707
Mere Sanam,1965.0,167.0,"Musical, Romance",7.3,53.0,183.0,368.0,474.0,1845.0,3,1,13.0,3.9889840465642745
Mere Sapno Ki Rani,1997.0,,"Drama, Musical, Romance",4.3,56.0,1156.0,389.0,1918.0,1293.0,3,1,7.0,4.04305126783455
Mere Yaar Ki Shaadi Hai,2002.0,158.0,"Comedy, Drama, Romance",5.3,2102.0,2448.0,2378.0,960.0,541.0,3,1,4.0,7.6511201757027
Meri Aan,1993.0,,"Drama, Family, Romance",4.1,15.0,2291.0,533.0,2195.0,786.0,3,1,7.0,2.772588722239781
Meri Aashiqui,2005.0,,Romance,4.8,20.0,1104.0,1210.0,1847.0,1545.0,3,0,15.0,3.044522437723423
Meri Aawaz Suno,1981.0,153.0,"Action, Crime, Drama",6.6,56.0,2351.0,919.0,818.0,1747.0,3,1,0.0,4.04305126783455
Meri Adaalat,1984.0,131.0,"Action, Thriller",5.1,22.0,19.0,1711.0,2864.0,2631.0,3,1,0.0,3.1354942159291497
Meri Adaalat,2001.0,,Action,4.6,15.0,897.0,2499.0,1918.0,544.0,3,0,0.0,2.772588722239781
Meri Adalat,2005.0,,Action,6.9,30.0,1421.0,2362.0,1730.0,2853.0,2,0,0.0,3.4339872044851463
Meri Bahen,1944.0,122.0,Unknown,7.8,6.0,940.0,967.0,2541.0,129.0,3,0,19.0,1.9459101490553132
Meri Bhabhi,1969.0,148.0,"Drama, Family",5.1,18.0,1285.0,2262.0,2827.0,1133.0,3,1,7.0,2.9444389791664403
Meri Biwi Ka Jawab Nahin,2004.0,150.0,"Action, Comedy, Romance",3.9,683.0,1785.0,1880.0,114.0,2650.0,3,1,0.0,6.52795791762255
Meri Biwi Ki Shaadi,1979.0,117.0,"Comedy, Drama",6.5,93.0,2051.0,213.0,1964.0,411.0,3,1,4.0,4.543294782270004
Meri Ganga Ki Saugandh,2003.0,110.0,Action,5.6,7.0,1233.0,2050.0,169.0,2347.0,3,0,0.0,2.0794415416798357
Meri Jung,1985.0,164.0,"Action, Drama",7.3,1210.0,2730.0,250.0,755.0,1738.0,3,1,0.0,7.099201743553092
Meri Jung Ka Elaan,2000.0,,Action,4.8,19.0,1233.0,631.0,2210.0,2378.0,3,0,0.0,2.995732273553991
Meri Lalkaar,1990.0,,Action,4.2,9.0,3107.0,1901.0,448.0,1910.0,3,0,0.0,2.302585092994046
Meri Life Mein Uski Wife,2009.0,,"Comedy, Drama",4.9,28.0,1804.0,893.0,833.0,1528.0,3,1,4.0,3.367295829986474
Meri Majboorii...,2006.0,102.0,"Action, Crime, Drama",3.2,8.0,2429.0,2335.0,1922.0,2410.0,3,1,0.0,2.1972245773362196
Meri Mohabbat Mera Naseeba,1995.0,,Romance,3.0,9.0,1218.0,1324.0,1983.0,2423.0,3,0,15.0,2.302585092994046
Meri Nimmo,2018.0,90.0,Drama,7.1,283.0,2006.0,264.0,1047.0,381.0,3,0,7.0,5.648974238161206
Meri Padosan,2009.0,,"Comedy, Drama",3.3,7.0,1869.0,1999.0,2093.0,2333.0,3,1,4.0,2.0794415416798357
Meri Partigya,2002.0,,Action,3.6,7.0,2864.0,611.0,1401.0,1209.0,3,0,0.0,2.0794415416798357
Meri Pyaari Bahania Banegi Dulhania,2001.0,131.0,Family,5.0,10.0,1072.0,2243.0,1401.0,2430.0,3,0,8.0,2.3978952727983707
Meri Pyaari Bindu,2017.0,117.0,"Comedy, Drama, Romance",6.0,4495.0,164.0,421.0,1669.0,17.0,3,1,4.0,8.410943391573527
Meri Surat Teri Ankhen,1963.0,,"Drama, Musical, Romance",7.8,53.0,1964.0,376.0,1723.0,391.0,3,1,7.0,3.9889840465642745
Meri Zabaan,1989.0,149.0,"Action, Crime, Drama",5.7,16.0,2616.0,2082.0,1401.0,2982.0,3,1,0.0,2.833213344056216
Meri Zindagi Ek Agneepath,2005.0,,Action,3.7,15.0,870.0,1328.0,537.0,2861.0,3,0,0.0,2.772588722239781
Meridian Lines,2013.0,,Drama,6.5,91.0,2988.0,331.0,879.0,1228.0,3,0,7.0,4.5217885770490405
Michael,2011.0,97.0,"Drama, Thriller",5.3,149.0,2250.0,1405.0,1248.0,2239.0,3,1,7.0,5.0106352940962555
Mickey Virus,2013.0,135.0,"Comedy, Thriller",6.0,2639.0,2525.0,1100.0,1286.0,653.0,3,1,4.0,7.878534196140362
Midnight's Children,2012.0,146.0,Drama,6.2,3031.0,643.0,1688.0,2714.0,312.0,3,0,7.0,8.016977746762262
Mighty Raju,2015.0,60.0,"Animation, Action, Sci-Fi",3.3,20.0,2095.0,2385.0,2681.0,2853.0,0,1,2.0,3.044522437723423
Mighty Raju Rio Calling,2014.0,99.0,Animation,4.5,35.0,2095.0,255.0,2681.0,2853.0,1,0,2.0,3.58351893845611
Mil Gayee Manzil Mujhe,1989.0,,"Action, Thriller",4.8,13.0,1556.0,883.0,2688.0,1494.0,3,1,0.0,2.6390573296152584
Milan,1967.0,170.0,"Drama, Musical, Romance",6.8,160.0,92.0,2262.0,1628.0,1006.0,3,1,7.0,5.081404364984463
Milan,1995.0,,"Action, Crime, Romance",5.1,99.0,1422.0,870.0,1290.0,1774.0,3,1,0.0,4.605170185988092
Milan Ki Raat,1967.0,,"Drama, Romance",4.4,7.0,1949.0,2077.0,2197.0,1838.0,3,1,7.0,2.0794415416798357
Milan Talkies,2019.0,141.0,"Drama, Romance",5.0,321.0,2908.0,157.0,2198.0,418.0,3,1,7.0,5.7745515455444085
Milap,1955.0,,"Comedy, Drama",7.4,19.0,2012.0,616.0,744.0,1106.0,3,1,4.0,2.995732273553991
Milap,1972.0,111.0,"Drama, Horror, Thriller",6.0,23.0,447.0,2084.0,1998.0,637.0,3,1,7.0,3.1780538303479458
Milenge Milenge,2010.0,109.0,"Drama, Romance",4.1,1739.0,2508.0,1023.0,2277.0,19.0,3,1,7.0,7.461640392208575
Milestone,2020.0,98.0,Drama,6.6,411.0,1006.0,1318.0,1684.0,1279.0,3,0,7.0,6.021023349349527
Miley - Naa Miley - Hum,2011.0,114.0,"Comedy, Drama, Romance",2.5,225.0,2881.0,549.0,1036.0,1664.0,3,1,4.0,5.420534999272286
Mili,1975.0,150.0,"Drama, Romance, Family",7.5,1272.0,962.0,902.0,173.0,2865.0,3,1,7.0,7.149131598557407
Military Officer,1998.0,,Action,8.6,82.0,1156.0,1312.0,537.0,2438.0,3,0,0.0,4.418840607796598
Millitary Raaj,1998.0,,Action,5.8,50.0,2462.0,1304.0,1759.0,2577.0,3,0,0.0,3.9318256327243257
Milta Hai Chance by Chance,2011.0,87.0,Comedy,6.2,9.0,2177.0,1364.0,641.0,745.0,3,0,4.0,2.302585092994046
Mind,1999.0,160.0,"Drama, Romance",6.2,5078.0,980.0,18.0,1290.0,2464.0,3,1,7.0,8.532869670801245
Mirch,2010.0,105.0,"Comedy, Drama, Fantasy",6.5,855.0,3044.0,349.0,1850.0,1228.0,3,1,4.0,6.752270376141742
Mirch Masala,1986.0,128.0,"Drama, Thriller",7.7,1248.0,1279.0,2165.0,1510.0,1746.0,3,1,7.0,7.130098510125578
Mirchi: It's Hot,2004.0,107.0,Crime,3.9,22.0,724.0,509.0,1595.0,2294.0,3,0,5.0,3.1354942159291497
Mirror Game,2017.0,113.0,"Crime, Mystery, Thriller",6.1,222.0,3030.0,1532.0,613.0,1802.0,3,1,5.0,5.407171771460119
Mirza Ghalib,1954.0,145.0,"Biography, Drama, Musical",7.0,103.0,2691.0,463.0,2564.0,1690.0,3,1,3.0,4.6443908991413725
Mirza Juuliet,2017.0,130.0,Drama,4.1,101.0,2084.0,576.0,1695.0,1904.0,3,0,7.0,4.624972813284271
Mirza Sahiban,1947.0,,"Drama, Romance",5.5,11.0,1142.0,1486.0,2659.0,873.0,3,1,7.0,2.4849066497880004
Mirza Sahiban,1957.0,119.0,Romance,7.3,27.0,2217.0,2142.0,2297.0,2051.0,3,0,15.0,3.332204510175204
Mirza's Lady,2016.0,129.0,"Action, Drama, Fantasy",4.6,1739.0,2140.0,803.0,2130.0,363.0,3,1,0.0,7.461640392208575
Mis Chalu,2001.0,,Unknown,5.2,6.0,170.0,2048.0,2681.0,2853.0,1,0,19.0,1.9459101490553132
Misaal,1985.0,,Action,4.2,17.0,888.0,1178.0,2280.0,1623.0,3,0,0.0,2.8903717578961645
Misar Ka Khazana,1935.0,,"Adventure, Fantasy",5.4,7.0,886.0,1472.0,2218.0,3057.0,3,1,1.0,2.0794415416798357
Mischief,1949.0,120.0,"Drama, Family",7.1,12.0,41.0,2280.0,2409.0,2462.0,3,1,7.0,2.5649493574615367
Miss 420,1998.0,135.0,"Action, Romance, Thriller",4.3,34.0,148.0,431.0,2328.0,2438.0,3,1,0.0,3.5553480614894135
Miss Frontier Mail,1936.0,161.0,Drama,6.1,17.0,955.0,711.0,2219.0,2399.0,3,0,7.0,2.8903717578961645
Miss India,1957.0,148.0,Drama,7.5,17.0,968.0,1400.0,1723.0,1845.0,3,0,7.0,2.8903717578961645
Miss India: The Mystery,2003.0,,Mystery,3.6,59.0,1854.0,1445.0,651.0,2727.0,3,0,14.0,4.0943445622221
Miss Lovely,2012.0,113.0,"Crime, Drama, Romance",6.4,3068.0,354.0,1428.0,1586.0,247.0,3,1,5.0,8.029107054619736
Miss Mala,1954.0,,"Comedy, Mystery",6.1,8.0,1071.0,1067.0,2824.0,88.0,3,1,4.0,2.1972245773362196
Miss Manorama,1935.0,90.0,Drama,6.3,9.0,771.0,90.0,952.0,89.0,3,0,7.0,2.302585092994046
Miss Mary,1957.0,,Comedy,6.8,35.0,1362.0,1273.0,1110.0,840.0,3,0,4.0,3.58351893845611
Miss Pamela,1989.0,102.0,Drama,4.5,6.0,1316.0,1072.0,1175.0,2740.0,3,0,7.0,1.9459101490553132
Miss Tanakpur Haazir Ho,2015.0,154.0,"Comedy, Crime, Family",5.4,323.0,1241.0,294.0,1841.0,938.0,3,1,4.0,5.780743515792329
Miss Teacher,2016.0,133.0,Romance,3.2,235.0,1082.0,988.0,1848.0,2139.0,3,0,15.0,5.4638318050256105
Missed Call,2005.0,105.0,"Comedy, Drama",7.6,14.0,1592.0,2480.0,237.0,2282.0,3,1,4.0,2.70805020110221
Missing,2018.0,120.0,"Drama, Mystery, Thriller",5.8,2074.0,1605.0,1224.0,2607.0,287.0,3,1,7.0,7.637716432664798
Missing on A Weekend,2016.0,113.0,Thriller,4.3,74.0,65.0,671.0,104.0,713.0,3,0,18.0,4.31748811353631
Mission 369,1991.0,,Action,6.3,6.0,2937.0,2385.0,2681.0,2853.0,0,0,0.0,1.9459101490553132
Mission Istaanbul: Darr Ke Aagey Jeet Hai!,2008.0,130.0,"Action, Adventure, Drama",3.4,1099.0,309.0,2508.0,2860.0,2551.0,3,1,0.0,7.003065458786462
Mission Kashmir,2000.0,154.0,"Action, Drama, Thriller",6.7,6531.0,3000.0,1969.0,837.0,1869.0,3,1,0.0,8.784468454090355
Mission Mangal,2019.0,130.0,"Drama, History",6.5,12611.0,1022.0,145.0,2745.0,2770.0,3,1,7.0,9.442404020664952
Mission Mumbai,2004.0,117.0,Action,3.8,25.0,2103.0,2197.0,1533.0,418.0,3,0,0.0,3.258096538021482
Mission Tiger,2016.0,,Adventure,4.7,7.0,737.0,487.0,2756.0,2853.0,2,0,1.0,2.0794415416798357
Mission Vande Mataram,2005.0,,Action,5.4,16.0,2914.0,747.0,2737.0,1840.0,3,0,0.0,2.833213344056216
Mission: The Last War,2008.0,,Action,5.4,10.0,722.0,322.0,317.0,952.0,3,0,0.0,2.3978952727983707
Mit Jayenge Mitane Wale,1987.0,,Action,3.2,12.0,1214.0,1079.0,562.0,703.0,3,0,0.0,2.5649493574615367
Mithya,2008.0,110.0,"Comedy, Crime, Thriller",7.1,1934.0,2048.0,1778.0,1564.0,1623.0,3,1,4.0,7.5678626054638825
Mitr: My Friend,2002.0,104.0,Drama,6.8,245.0,2249.0,2110.0,1514.0,1868.0,3,0,7.0,5.5053315359323625
Mitron,2018.0,119.0,Comedy,6.9,2334.0,1729.0,871.0,1132.0,1856.0,3,0,4.0,7.755767170102998
Mittal V/S Mittal,2010.0,,Drama,4.2,13.0,1252.0,804.0,772.0,967.0,3,0,7.0,2.6390573296152584
Mitti,2001.0,155.0,"Action, Drama",5.3,27.0,990.0,713.0,2308.0,2077.0,3,1,0.0,3.332204510175204
Mitti Aur Sona,1989.0,163.0,"Action, Drama",4.7,35.0,2624.0,559.0,1547.0,2627.0,3,1,0.0,3.58351893845611
Mitti-back to roots,2018.0,,Drama,8.3,39.0,283.0,293.0,2180.0,2853.0,2,0,7.0,3.6888794541139363
Mixed Doubles,2006.0,91.0,"Comedy, Drama",6.4,647.0,2048.0,1074.0,1967.0,1226.0,3,1,4.0,6.473890696352274
Miya Biwi Aur Saali,1996.0,,Comedy,6.5,20.0,1309.0,1378.0,1950.0,1447.0,3,0,4.0,3.044522437723423
Mmirsa,2016.0,143.0,Drama,8.0,13.0,943.0,970.0,2484.0,2234.0,3,0,7.0,2.6390573296152584
MMS Kand,2014.0,99.0,Romance,7.8,11.0,1233.0,1985.0,2681.0,2853.0,1,0,15.0,2.4849066497880004
Mod,2011.0,100.0,"Drama, Romance, Thriller",6.5,399.0,1650.0,417.0,1965.0,1951.0,3,1,7.0,5.991464547107982
Modern Girl,1961.0,,Romance,4.5,6.0,1949.0,1563.0,2255.0,2601.0,3,0,15.0,1.9459101490553132
Moh Maya Money,2016.0,108.0,"Crime, Drama, Thriller",5.6,415.0,1610.0,1445.0,1967.0,693.0,3,1,5.0,6.030685260261263
Mohabat Ka Paigham,1989.0,,"Family, Drama",4.6,9.0,1776.0,1506.0,2297.0,1965.0,3,1,8.0,2.302585092994046
Mohabbat,1985.0,134.0,Romance,5.5,104.0,472.0,250.0,2761.0,371.0,3,0,15.0,4.653960350157523
Mohabbat,1997.0,180.0,"Drama, Romance",5.3,474.0,2241.0,1167.0,2196.0,138.0,3,1,7.0,6.163314804034641
Mohabbat Aur Jung,1998.0,126.0,Action,4.5,13.0,895.0,310.0,1416.0,2038.0,3,0,0.0,2.6390573296152584
Mohabbat Isko Kahete Hain,1965.0,102.0,"Drama, Romance",6.7,23.0,154.0,1390.0,2321.0,2057.0,3,1,7.0,3.1780538303479458
Mohabbat Ke Dushman,1988.0,,"Action, Thriller",5.0,50.0,1867.0,1635.0,818.0,2330.0,3,1,0.0,3.9318256327243257
Mohabbat Ki Aag,1997.0,127.0,"Drama, Romance",3.5,13.0,1179.0,1555.0,763.0,2438.0,3,1,7.0,2.6390573296152584
Mohabbat Ki Arzoo,1994.0,146.0,"Action, Drama, Romance",5.3,45.0,1171.0,1835.0,2862.0,419.0,3,1,0.0,3.828641396489095
Mohabbat Ki Kasam,1986.0,,"Action, Drama",5.8,12.0,1154.0,211.0,1137.0,1006.0,3,1,0.0,2.5649493574615367
Mohabbat Pehli Nazar Mein,1991.0,,Romance,3.3,6.0,822.0,142.0,2187.0,203.0,3,0,15.0,1.9459101490553132
Mohabbat Zindagi Hai,1966.0,,"Comedy, Drama, Romance",5.3,38.0,1032.0,631.0,1911.0,1469.0,3,1,4.0,3.6635616461296463
Mohabbatein,2000.0,216.0,"Musical, Drama, Romance",7.1,27990.0,84.0,206.0,2270.0,2841.0,3,1,13.0,10.239638308916676
Mohalla Assi,2015.0,150.0,"Comedy, Drama",6.8,1601.0,576.0,2270.0,2139.0,2112.0,3,1,4.0,7.379008127628304
Mohan,1947.0,,Mystery,8.7,9.0,221.0,616.0,821.0,2968.0,3,0,14.0,2.302585092994046
Mohan Joshi Hazir Ho!,1984.0,130.0,Drama,7.1,153.0,2376.0,477.0,630.0,1504.0,3,0,7.0,5.0369526024136295
Mohan Rakesh's Adhe Adhure,2014.0,100.0,Drama,7.1,32.0,2280.0,1310.0,1195.0,966.0,3,0,7.0,3.4965075614664802
Mohandas,2009.0,112.0,Thriller,6.8,119.0,1521.0,2398.0,2464.0,2461.0,3,0,18.0,4.787491742782046
Mohenjo Daro,2016.0,155.0,"Action, Adventure, Drama",5.7,10903.0,391.0,830.0,1710.0,1109.0,3,1,0.0,9.296884973376368
Mohra,1994.0,177.0,"Action, Drama, Thriller",7.0,7623.0,2102.0,145.0,2552.0,2107.0,3,1,0.0,8.939056445334039
Mohre,1987.0,104.0,"Drama, Mystery",5.3,75.0,1993.0,1389.0,1234.0,2247.0,3,1,7.0,4.330733340286331
Moksh To Maya,2019.0,113.0,Thriller,4.2,45.0,1497.0,484.0,1370.0,758.0,3,0,18.0,3.828641396489095
Moksha: Salvation,2001.0,150.0,"Crime, Drama, Thriller",6.2,390.0,381.0,331.0,1290.0,1124.0,3,1,5.0,5.968707559985366
Mokssh,2013.0,100.0,"Drama, Musical",4.8,13.0,133.0,545.0,2523.0,2341.0,3,1,7.0,2.6390573296152584
Mom,2017.0,146.0,"Crime, Drama, Thriller",7.3,9395.0,2226.0,2215.0,2131.0,138.0,3,1,5.0,9.148039345778804
Mome Ki Gudiya,1972.0,118.0,"Crime, Drama, Romance",5.9,11.0,1565.0,1784.0,2623.0,1874.0,3,1,5.0,2.4849066497880004
Money Back Guarantee,2016.0,,Comedy,4.1,7.0,2801.0,725.0,603.0,2021.0,3,0,4.0,2.0794415416798357
Money Hai Toh Honey Hai,2008.0,138.0,"Comedy, Drama",2.7,565.0,807.0,767.0,1305.0,87.0,3,1,4.0,6.338594078203183
Monica,2011.0,124.0,"Biography, Drama, Thriller",5.5,72.0,2840.0,382.0,644.0,2015.0,3,1,3.0,4.290459441148391
Monsoon,2015.0,106.0,"Comedy, Drama, Romance",3.3,61.0,2852.0,2086.0,732.0,1843.0,3,1,4.0,4.127134385045092
Monsoon Shootout,2013.0,92.0,"Action, Crime, Drama",6.6,1071.0,198.0,2447.0,1534.0,1663.0,3,1,0.0,6.977281341630747
Monsoon Wedding,2001.0,114.0,"Comedy, Drama, Romance",7.4,23663.0,1550.0,1405.0,1195.0,2493.0,3,1,4.0,10.07171018495058
Moods of Crime,2015.0,115.0,Crime,5.8,28.0,2806.0,414.0,2687.0,254.0,3,0,5.0,3.367295829986474
Moojrim,1970.0,138.0,"Action, Crime, Musical",4.4,21.0,1282.0,945.0,1153.0,685.0,3,1,0.0,3.091042453358316
Moral Nights,2021.0,93.0,Drama,9.0,37.0,2318.0,1002.0,2205.0,2323.0,3,0,7.0,3.6375861597263857
Morchha,1980.0,,"Action, Adventure, Musical",3.9,8.0,2230.0,346.0,1983.0,258.0,3,1,0.0,2.1972245773362196
Morning Raga,2004.0,110.0,"Drama, Music",6.7,296.0,1423.0,2030.0,1729.0,1303.0,3,1,7.0,5.6937321388027
Morning Walk,2009.0,105.0,Drama,4.7,61.0,346.0,1401.0,644.0,435.0,3,0,7.0,4.127134385045092
Mosagallu,2021.0,85.0,Drama,7.9,1059.0,1092.0,2502.0,1009.0,2715.0,3,0,7.0,6.966024187106113
Most Common Budbak,2020.0,,Drama,7.6,33.0,2591.0,1720.0,1856.0,202.0,3,0,7.0,3.5263605246161616
Mother,1999.0,142.0,"Comedy, Drama",4.3,54.0,2356.0,919.0,2003.0,2074.0,3,1,4.0,4.007333185232471
Mother India,1957.0,172.0,"Drama, Musical, Family",8.0,8788.0,1529.0,1400.0,2549.0,1997.0,3,1,7.0,9.081256218564645
Mother India,1938.0,,Drama,9.0,6.0,871.0,2075.0,1731.0,397.0,3,0,7.0,1.9459101490553132
Motu Patlu: King of Kings,2016.0,110.0,"Animation, Adventure, Comedy",6.7,134.0,2761.0,2017.0,2785.0,2853.0,2,1,2.0,4.90527477843843
Mounam,1995.0,,"Action, Romance, Thriller",4.8,10.0,2931.0,355.0,1475.0,598.0,3,1,0.0,2.3978952727983707
Mounto,1975.0,114.0,"Action, Crime",4.8,5.0,1049.0,1425.0,2129.0,538.0,3,1,0.0,1.791759469228055
Moving Stories,2018.0,84.0,Documentary,7.9,15.0,2266.0,2385.0,2681.0,2853.0,0,0,6.0,2.772588722239781
MP3: Mera Pehla Pehla Pyaar,2007.0,118.0,"Comedy, Drama, Musical",7.0,2180.0,2267.0,1293.0,2226.0,2256.0,3,1,4.0,7.687538766201629
Mr Joe B. Carvalho,2014.0,130.0,"Action, Comedy, Mystery",3.6,526.0,2421.0,341.0,2446.0,1028.0,3,1,0.0,6.267200548541362
Mr Lonely Miss Lovely,2004.0,95.0,Comedy,5.3,6.0,89.0,1694.0,62.0,1609.0,3,0,4.0,1.9459101490553132
Mr Prime Minister,2005.0,,Comedy,5.2,60.0,670.0,616.0,1759.0,1481.0,3,0,4.0,4.110873864173311
Mr Ya Miss,2005.0,136.0,"Comedy, Fantasy",3.6,466.0,284.0,2001.0,248.0,2169.0,3,1,4.0,6.1463292576688975
Mr. & Mrs. '55,1955.0,157.0,"Comedy, Musical, Romance",7.2,500.0,879.0,1165.0,784.0,1286.0,3,1,4.0,6.2166061010848646
Mr. & Mrs. Khiladi,1997.0,133.0,"Comedy, Drama, Romance",6.4,6022.0,629.0,145.0,982.0,1774.0,3,1,4.0,8.70334075304372
Mr. 100%,2006.0,,"Mystery, Thriller",4.5,47.0,1831.0,1396.0,1249.0,549.0,3,1,14.0,3.871201010907891
Mr. Azaad,1994.0,123.0,"Action, Comedy, Drama",4.2,95.0,2160.0,250.0,1589.0,978.0,3,1,0.0,4.564348191467836
Mr. Bechara,1996.0,140.0,Comedy,5.4,332.0,491.0,250.0,2488.0,1589.0,3,0,4.0,5.808142489980444
Mr. Bond,1992.0,127.0,"Action, Adventure, Thriller",4.3,622.0,2019.0,145.0,2328.0,2235.0,3,1,0.0,6.434546518787453
Mr. Hot Mr. Kool,2007.0,110.0,"Comedy, Drama, Romance",4.0,21.0,1804.0,1066.0,1466.0,2427.0,3,1,4.0,3.091042453358316
Mr. India,1987.0,179.0,"Action, Comedy, Drama",7.8,14451.0,2607.0,250.0,2488.0,207.0,3,1,0.0,9.57858809226753
Mr. India,1961.0,179.0,"Comedy, Crime, Drama",6.8,31.0,795.0,740.0,845.0,919.0,3,1,4.0,3.4657359027997265
Mr. Kabaadi,2017.0,93.0,Comedy,4.8,53.0,2530.0,281.0,1916.0,1746.0,3,0,4.0,3.9889840465642745
Mr. Natwarlal,1979.0,148.0,"Action, Comedy, Romance",6.6,1328.0,2130.0,206.0,2003.0,111.0,3,1,0.0,7.192182058713246
Mr. Romeo,1996.0,162.0,"Action, Comedy, Romance",5.5,161.0,1184.0,1561.0,2357.0,1326.0,3,1,0.0,5.087596335232384
Mr. Romeo,1974.0,138.0,"Drama, Romance",6.7,17.0,2732.0,2082.0,2027.0,1209.0,3,1,7.0,2.8903717578961645
Mr. Sampat,1952.0,165.0,Comedy,7.4,27.0,2347.0,1333.0,1645.0,1145.0,3,0,4.0,3.332204510175204
Mr. Singh/Mrs. Mehta,2010.0,118.0,Drama,4.2,178.0,1902.0,1582.0,318.0,1634.0,3,0,7.0,5.187385805840755
Mr. White Mr. Black,2008.0,130.0,"Action, Comedy, Crime",3.3,194.0,655.0,2266.0,311.0,2247.0,3,1,0.0,5.272999558563747
Mr. X,1957.0,120.0,"Crime, Drama, Mystery",5.5,20.0,1658.0,376.0,1484.0,1952.0,3,1,5.0,3.044522437723423
Mr. X,1987.0,120.0,Fantasy,7.0,5.0,1291.0,213.0,2263.0,2824.0,3,0,9.0,1.791759469228055
Mr. X,2015.0,133.0,"Action, Crime, Drama",3.8,1833.0,3035.0,693.0,187.0,2780.0,3,1,0.0,7.51425465281641
Mr. X in Bombay,1964.0,126.0,"Romance, Sci-Fi, Thriller",6.3,110.0,2581.0,1067.0,1151.0,2073.0,3,1,15.0,4.709530201312334
Mridang,2017.0,108.0,Drama,5.8,6.0,2262.0,1866.0,1309.0,5.0,3,0,7.0,1.9459101490553132
Mrigayaa,1977.0,119.0,Drama,6.6,114.0,1594.0,119.0,2167.0,1494.0,3,0,7.0,4.74493212836325
Mrityudaata,1997.0,158.0,"Action, Drama, Musical",2.5,378.0,1535.0,206.0,629.0,1175.0,3,1,0.0,5.937536205082426
Mrityudand: The Death Sentence,1997.0,150.0,"Action, Drama",7.3,424.0,1864.0,2030.0,1234.0,450.0,3,1,0.0,6.052089168924417
Mrs. Scooter,2015.0,96.0,"Drama, Romance",6.5,202.0,2617.0,264.0,903.0,2383.0,3,1,7.0,5.313205979041787
Mrs. Serial Killer,2020.0,106.0,"Crime, Drama, Thriller",4.8,11531.0,2621.0,872.0,1305.0,1519.0,3,1,5.0,9.352881058758292
MSG 2 the Messenger,2015.0,134.0,"Action, Comedy, Drama",6.6,8431.0,876.0,1364.0,520.0,937.0,3,1,0.0,9.039789270781144
MSG the Warrior: Lion Heart,2016.0,120.0,"Action, Adventure, Fantasy",6.7,7362.0,876.0,1364.0,357.0,520.0,3,1,0.0,8.904222737368716
MSG: The Messenger of God,2015.0,197.0,"Action, Comedy, Drama",5.8,11192.0,1088.0,778.0,780.0,634.0,3,1,0.0,9.323043861889268
Muavza,2017.0,111.0,"Comedy, Drama",2.5,6.0,835.0,281.0,108.0,1765.0,3,1,4.0,1.9459101490553132
Mubarakan,2017.0,156.0,"Comedy, Romance",5.5,3629.0,244.0,250.0,298.0,951.0,3,1,4.0,8.196987927258897
Much Ado About Knotting,2012.0,,Documentary,5.9,8.0,829.0,235.0,2681.0,2853.0,1,0,6.0,2.1972245773362196
Mud Mud Ke Na Dekh,1960.0,,"Drama, Family",6.0,6.0,2913.0,1288.0,216.0,501.0,3,1,7.0,1.9459101490553132
Mudda 370 J&K,2019.0,132.0,"Action, Drama",8.6,699.0,2138.0,826.0,227.0,1411.0,3,1,0.0,6.551080335043404
Mudda hai Bhookh: The War,2018.0,114.0,Drama,7.2,13.0,1434.0,2520.0,2699.0,1692.0,3,0,7.0,2.6390573296152584
Mudda: The Issue,2003.0,155.0,Drama,3.9,29.0,2524.0,1582.0,2006.0,82.0,3,0,7.0,3.4011973816621555
Muddat,1986.0,135.0,"Action, Comedy, Crime",6.0,48.0,1146.0,1901.0,2765.0,427.0,3,1,0.0,3.8918202981106265
Mudrank: The Stamp,2009.0,,Mystery,6.3,7.0,2560.0,980.0,1385.0,150.0,3,0,14.0,2.0794415416798357
Mujhe Insaaf Chahiye,1983.0,133.0,"Drama, Romance",6.5,45.0,2160.0,1786.0,1401.0,2136.0,3,1,7.0,3.828641396489095
Mujhe Jeene Do,1963.0,95.0,"Action, Crime, Drama",6.6,91.0,1586.0,2262.0,2827.0,1715.0,3,1,0.0,4.5217885770490405
Mujhe Kucch Kehna Hai,2001.0,135.0,"Drama, Romance",5.0,1135.0,2508.0,2376.0,1059.0,207.0,3,1,7.0,7.035268599281097
Mujhe Meri Biwi Se Bachaao,2001.0,,"Comedy, Musical, Family",4.2,95.0,920.0,1818.0,1510.0,360.0,3,1,4.0,4.564348191467836
Mujhe Vachan Do,1983.0,,"Action, Drama",5.6,5.0,2616.0,1169.0,1557.0,670.0,3,1,0.0,1.791759469228055
Mujhse Dosti Karoge,1992.0,95.0,Drama,6.1,25.0,849.0,1936.0,879.0,195.0,3,0,7.0,3.258096538021482
Mujhse Fraaandship Karoge,2011.0,106.0,"Comedy, Drama, Romance",6.9,3861.0,1738.0,1986.0,2098.0,1721.0,3,1,4.0,8.258940462988459
Mujhse Shaadi Karogi,2004.0,163.0,"Comedy, Romance",6.7,14312.0,629.0,1939.0,114.0,1899.0,3,1,4.0,9.568923494184217
Mujrim,1989.0,,"Action, Crime",5.3,151.0,2934.0,1304.0,1234.0,2742.0,3,1,0.0,5.0238805208462765
Mujrim,1958.0,,"Drama, Thriller",6.6,21.0,1742.0,2058.0,1837.0,2556.0,3,1,7.0,3.091042453358316
Mukhbiir,2008.0,132.0,"Crime, Drama, Mystery",6.9,388.0,1456.0,1951.0,1846.0,1746.0,3,1,5.0,5.963579343618446
Mukkadarpur Ka Majnu,2017.0,,Drama,6.9,11.0,2608.0,1806.0,2121.0,1977.0,3,0,7.0,2.4849066497880004
Mukthi,1988.0,142.0,Drama,7.0,27.0,969.0,1186.0,1839.0,610.0,3,0,7.0,3.332204510175204
Mukti,1977.0,150.0,"Crime, Drama, Romance",7.2,66.0,2026.0,2082.0,2202.0,2920.0,3,1,5.0,4.204692619390966
Mulaqaat,2002.0,,"Drama, Thriller",2.9,7.0,1159.0,2473.0,314.0,2167.0,3,1,7.0,2.0794415416798357
Mulk,2018.0,140.0,Drama,6.9,14156.0,289.0,2317.0,2029.0,1661.0,3,0,7.0,9.557964480394498
Mulzim,1988.0,156.0,Drama,4.8,25.0,1188.0,919.0,818.0,2480.0,3,0,7.0,3.258096538021482
Mumal: A prophecy,2016.0,73.0,"Drama, Fantasy, Mystery",6.8,12.0,760.0,1248.0,527.0,2174.0,3,1,7.0,2.5649493574615367
Mumbai 125 KM 3D,2014.0,100.0,"Drama, Horror, Mystery",2.7,192.0,935.0,1022.0,2727.0,2908.0,3,1,7.0,5.262690188904886
Mumbai Can Dance Saalaa,2015.0,135.0,Drama,1.6,43.0,2370.0,2050.0,1738.0,78.0,3,0,7.0,3.784189633918261
Mumbai Central,2016.0,100.0,Family,4.8,27.0,1251.0,542.0,956.0,152.0,3,0,8.0,3.332204510175204
Mumbai Cutting,2008.0,130.0,Drama,5.9,110.0,1036.0,1653.0,2043.0,2469.0,3,0,7.0,4.709530201312334
Mumbai Delhi Mumbai,2014.0,120.0,"Comedy, Romance",5.7,339.0,2511.0,2102.0,1695.0,1593.0,3,1,4.0,5.8289456176102075
Mumbai Godfather,2005.0,,"Action, Crime, Drama",3.4,20.0,648.0,2024.0,2776.0,517.0,3,1,0.0,3.044522437723423
Mumbai Mast Kallander,2011.0,,"Action, Comedy, Crime",5.4,8.0,1619.0,173.0,1418.0,1582.0,3,1,0.0,2.1972245773362196
Mumbai Matinee,2003.0,125.0,"Romance, Comedy",5.2,268.0,235.0,1651.0,1692.0,2933.0,3,1,15.0,5.594711379601839
Mumbai Meri Jaan,2008.0,134.0,Drama,7.7,6034.0,1722.0,1522.0,1082.0,970.0,3,0,7.0,8.705331133531631
Mumbai Mirror,2013.0,136.0,"Action, Crime, Thriller",4.9,114.0,277.0,1894.0,1730.0,2967.0,3,1,0.0,4.74493212836325
Mumbai Saga,2021.0,135.0,"Action, Crime",6.1,7295.0,2450.0,937.0,674.0,1349.0,3,1,0.0,8.895081531754167
Mumbai Salsa,2007.0,,"Comedy, Drama",4.8,182.0,1498.0,1137.0,2326.0,153.0,3,1,4.0,5.209486152841421
Mumbai Se Aaya Mera Dost,2003.0,146.0,"Action, Comedy, Drama",3.3,548.0,309.0,45.0,1177.0,615.0,3,1,0.0,6.3080984415095305
Mumbai Xpress,2005.0,146.0,Comedy,6.6,68.0,2679.0,982.0,1290.0,1746.0,3,0,4.0,4.23410650459726
Mumbai's King,2012.0,77.0,Drama,6.4,153.0,1479.0,1649.0,605.0,338.0,3,0,7.0,5.0369526024136295
Mumbhai Connection,2011.0,90.0,"Comedy, Crime, Thriller",5.2,24.0,405.0,161.0,1830.0,614.0,3,1,4.0,3.2188758248682006
Mummy Punjabi: Superman Ki Bhi Maa!!,2011.0,121.0,"Comedy, Drama",4.9,40.0,1779.0,1058.0,1041.0,988.0,3,1,4.0,3.713572066704308
Munimji,1955.0,163.0,"Comedy, Musical, Romance",7.4,94.0,2736.0,616.0,1484.0,179.0,3,1,4.0,4.553876891600541
Munimji,1972.0,124.0,Drama,5.3,7.0,1132.0,248.0,2844.0,2057.0,3,0,7.0,2.0794415416798357
Munna Bhai M.B.B.S.,2003.0,156.0,"Comedy, Drama",8.1,75813.0,2106.0,1969.0,311.0,869.0,3,1,4.0,11.236038251146072
Munna Mange Memsaab,2014.0,128.0,Comedy,3.2,13.0,2588.0,1341.0,1993.0,1749.0,3,0,4.0,2.6390573296152584
Munna Michael,2017.0,140.0,"Action, Drama, Music",3.3,3022.0,2359.0,2352.0,1580.0,1643.0,3,1,0.0,8.014004994779459
Munni,1975.0,,Animation,7.0,5.0,508.0,2385.0,2681.0,2853.0,0,0,2.0,1.791759469228055
Munnibai,1999.0,136.0,"Action, Crime, Drama",4.0,24.0,1233.0,631.0,2210.0,756.0,3,1,0.0,3.2188758248682006
Muqabala,1942.0,133.0,Unknown,5.8,8.0,1658.0,435.0,701.0,1281.0,3,0,19.0,2.1972245773362196
Muqabla,1979.0,127.0,"Action, Adventure, Drama",6.5,20.0,2107.0,2262.0,2325.0,2005.0,3,1,0.0,3.044522437723423
Muqabla,1993.0,162.0,"Action, Crime, Drama",4.2,171.0,2160.0,767.0,1065.0,785.0,3,1,0.0,5.147494476813453
Muqadama,1996.0,,Action,5.5,13.0,1171.0,2487.0,2862.0,78.0,3,0,0.0,2.6390573296152584
Muqaddar,1996.0,,Crime,5.6,32.0,2864.0,1304.0,390.0,2191.0,3,0,5.0,3.4965075614664802
Muqaddar,1978.0,189.0,"Drama, Family",5.5,36.0,2225.0,2082.0,2003.0,1777.0,3,1,7.0,3.6109179126442243
Muqaddar Ka Badshaah,1990.0,,Action,3.6,24.0,2160.0,2487.0,2263.0,2944.0,3,0,0.0,3.2188758248682006
Muqaddar Ka Faisla,1987.0,171.0,"Action, Comedy, Drama",4.8,48.0,1867.0,1635.0,1921.0,1965.0,3,1,0.0,3.8918202981106265
Muqaddar Ka Sikandar,1978.0,189.0,"Drama, Romance",7.5,2638.0,1867.0,206.0,2791.0,2041.0,3,1,7.0,7.878155336503324
Murari the Mad Gentleman,2016.0,,"Comedy, Drama",6.2,9.0,2852.0,1977.0,373.0,1628.0,3,1,4.0,2.302585092994046
Murde Ki Jaan Khatre Mein,1985.0,,Comedy,7.0,5.0,1686.0,2238.0,1156.0,2198.0,3,0,4.0,1.791759469228055
Murder,2004.0,130.0,"Drama, Romance, Thriller",5.4,3763.0,297.0,1184.0,349.0,766.0,3,1,7.0,8.23323750070527
Murder 2,2011.0,127.0,"Action, Crime, Drama",6.2,6662.0,1581.0,693.0,902.0,1852.0,3,1,0.0,8.804325112562537
Murder 3,2013.0,124.0,"Drama, Mystery, Thriller",4.9,2423.0,3076.0,1761.0,59.0,2351.0,3,1,7.0,7.793174347189205
Musaa: The Most Wanted,2010.0,,"Action, Crime, Thriller",3.7,23.0,946.0,419.0,900.0,2302.0,3,1,0.0,3.1780538303479458
Musafir,1957.0,149.0,Drama,7.4,100.0,962.0,2091.0,2501.0,542.0,3,0,7.0,4.61512051684126
Musafir,1986.0,,Drama,6.2,15.0,1019.0,1818.0,1510.0,1538.0,3,0,7.0,2.772588722239781
Musafir,2004.0,151.0,"Action, Crime, Drama",5.5,1732.0,2450.0,250.0,2161.0,78.0,3,1,0.0,7.457609289715606
Mushkil,2019.0,130.0,Horror,4.8,352.0,2103.0,1551.0,1909.0,1646.0,3,0,11.0,5.8664680569332965
Music Teacher,2019.0,101.0,"Drama, Romance",6.3,598.0,2499.0,1440.0,644.0,1373.0,3,1,7.0,6.395261598115449
Musings of an Uninspired Artist,2020.0,74.0,Drama,7.5,8.0,2287.0,1861.0,2681.0,2853.0,1,0,7.0,2.1972245773362196
Muskaan,2004.0,127.0,"Mystery, Romance",4.4,193.0,2278.0,1856.0,1287.0,1390.0,3,1,14.0,5.267858159063328
Muskurahat,1992.0,135.0,"Comedy, Drama",7.0,296.0,1924.0,900.0,2012.0,287.0,3,1,4.0,5.6937321388027
Muskurahatein,2017.0,132.0,Romance,5.7,31.0,1018.0,868.0,2459.0,2333.0,3,0,15.0,3.4657359027997265
Muskurake Dekh Zara,2010.0,,"Comedy, Horror, Romance",4.2,13.0,1760.0,1351.0,1912.0,346.0,3,1,4.0,2.6390573296152584
Mutamestri,1993.0,163.0,"Action, Drama",7.1,314.0,1309.0,550.0,1353.0,2197.0,3,1,0.0,5.752572638825633
Muthi Bhar Zameen,1996.0,,Action,4.3,7.0,2910.0,1099.0,1714.0,2947.0,3,0,0.0,2.0794415416798357
Muthu,1995.0,132.0,"Action, Comedy, Drama",7.6,2773.0,1185.0,1711.0,1353.0,2356.0,3,1,0.0,7.928045600874777
Muzaffarnagar 2013,2017.0,134.0,Drama,5.5,28.0,912.0,620.0,84.0,1575.0,3,0,7.0,3.367295829986474
Muzaffarnagar Baaqi Hai,2015.0,136.0,Documentary,6.7,82.0,1654.0,2134.0,1360.0,1596.0,3,0,6.0,4.418840607796598
My Angel My Teacher,2019.0,,Drama,6.5,8.0,2639.0,2418.0,403.0,2530.0,3,0,7.0,2.1972245773362196
My Barefoot Friend: The Story of Shallim and His Old Rickshaw,2010.0,90.0,"Documentary, Drama",7.3,27.0,2535.0,2385.0,2681.0,2853.0,0,1,6.0,3.332204510175204
My Birthday Song,2018.0,95.0,Thriller,5.5,258.0,2420.0,1488.0,670.0,2726.0,3,0,18.0,5.556828061699537
My Brother... Nikhil,2005.0,120.0,"Drama, Sport",7.2,1186.0,1747.0,1978.0,982.0,1912.0,3,1,7.0,7.079184394609668
My Client's Wife,2020.0,106.0,"Mystery, Thriller",6.2,672.0,1838.0,2074.0,1806.0,270.0,3,1,14.0,6.511745329644728
My Cornerstone,2013.0,119.0,"Comedy, Drama, Romance",7.4,24.0,2725.0,2550.0,2063.0,1004.0,3,1,4.0,3.2188758248682006
My Darling,2021.0,80.0,Drama,7.4,63.0,333.0,988.0,579.0,2853.0,2,0,7.0,4.1588830833596715
My Dear Kuttichaathan,1984.0,96.0,"Action, Adventure, Comedy",7.5,391.0,1099.0,350.0,2469.0,2737.0,3,1,0.0,5.971261839790462
My Faraway Bride,2006.0,95.0,"Comedy, Drama, Romance",4.7,617.0,2062.0,888.0,1072.0,877.0,3,1,4.0,6.42648845745769
My Father Iqbal,2016.0,104.0,Drama,6.2,13.0,2852.0,1573.0,1504.0,2258.0,3,0,7.0,2.6390573296152584
My Friend Ganesha,2007.0,190.0,Animation,4.6,156.0,2103.0,95.0,2682.0,1207.0,3,0,2.0,5.056245805348308
My Friend Ganesha 2,2008.0,117.0,"Animation, Family",4.4,59.0,2103.0,29.0,802.0,1268.0,3,1,2.0,4.0943445622221
My Friend Ganesha 3,2010.0,,"Animation, Action, Comedy",4.4,45.0,2103.0,1656.0,407.0,1357.0,3,1,2.0,3.828641396489095
My Friend Pinto,2011.0,100.0,"Comedy, Crime, Drama",5.3,348.0,1973.0,1589.0,1014.0,352.0,3,1,4.0,5.855071922202427
My Friend's Dulhania,2017.0,87.0,Romance,6.4,26.0,1879.0,1500.0,1441.0,2434.0,3,0,15.0,3.295836866004329
My Husband's Wife,2010.0,122.0,Drama,3.1,8.0,2207.0,1601.0,2286.0,1354.0,3,0,7.0,2.1972245773362196
My Love,1970.0,143.0,Romance,6.9,23.0,2317.0,2082.0,2312.0,1998.0,3,0,15.0,3.1780538303479458
My Name Is Anthony Gonsalves,2008.0,,"Action, Comedy, Crime",3.5,467.0,752.0,1454.0,181.0,1494.0,3,1,0.0,6.148468295917647
My Name Is Khan,2010.0,165.0,Drama,8.0,101014.0,1247.0,2038.0,1011.0,2491.0,3,0,7.0,11.523024299647643
My Wife's Murder,2005.0,103.0,"Drama, Mystery, Thriller",6.1,890.0,1101.0,250.0,2500.0,1609.0,3,1,7.0,6.792344427470809
Myoho,2012.0,120.0,Drama,6.5,13.0,2198.0,1003.0,2839.0,1362.0,3,0,7.0,2.6390573296152584
Myrah,2018.0,134.0,"Drama, Romance",5.7,13.0,253.0,1280.0,2522.0,2319.0,3,1,7.0,2.6390573296152584
Mysteries Shaque,2004.0,,Thriller,4.3,6.0,3049.0,629.0,1759.0,20.0,3,0,18.0,1.9459101490553132
N.H 10,2015.0,115.0,"Action, Crime, Drama",7.2,12421.0,1684.0,304.0,1572.0,644.0,3,1,0.0,9.427224373119248
Na Ghar Ke Na Ghaat Ke,2010.0,,"Comedy, Drama",6.1,274.0,1996.0,1494.0,1665.0,1661.0,3,1,4.0,5.616771097666572
Na Jaane Kabse,2011.0,132.0,Romance,5.4,9.0,1779.0,1136.0,781.0,814.0,3,0,15.0,2.302585092994046
Na Tum Jaano Na Hum,2002.0,158.0,"Comedy, Drama, Musical",5.0,2756.0,325.0,1925.0,837.0,771.0,3,1,4.0,7.921898411023797
Naa,1971.0,,Animation,3.8,9.0,508.0,2385.0,2681.0,2853.0,0,0,2.0,2.302585092994046
Naach,2004.0,150.0,"Drama, Musical, Romance",4.2,580.0,2146.0,45.0,248.0,2169.0,3,1,7.0,6.364750756851911
Naach Govinda Naach,1992.0,182.0,Action,4.1,20.0,2329.0,42.0,763.0,371.0,3,0,0.0,3.044522437723423
Naach Uthe Sansaar,1976.0,132.0,Romance,5.8,14.0,3105.0,2082.0,818.0,1998.0,3,0,15.0,2.70805020110221
Naache Mayuri,1986.0,,"Drama, Family",7.2,28.0,2160.0,2234.0,2347.0,371.0,3,1,7.0,3.367295829986474
Naag Lok,2003.0,,Fantasy,3.4,10.0,2165.0,1756.0,1044.0,1884.0,3,0,9.0,2.3978952727983707
Naag Mani,1957.0,,"Adventure, Fantasy",6.5,6.0,2161.0,1202.0,815.0,2830.0,3,1,1.0,1.9459101490553132
Naag Panchami,1972.0,136.0,"Adventure, Drama, Fantasy",5.6,14.0,458.0,916.0,1769.0,2541.0,3,1,1.0,2.70805020110221
Naagmani,1991.0,136.0,Fantasy,4.4,17.0,2949.0,1731.0,656.0,806.0,3,0,9.0,2.8903717578961645
Naajayaz,1995.0,157.0,"Action, Drama",5.5,564.0,1422.0,1405.0,90.0,1090.0,3,1,0.0,6.336825731146441
Naaka Bandi,1990.0,,"Action, Crime, Drama",4.3,67.0,2616.0,631.0,549.0,2627.0,3,1,0.0,4.219507705176107
Naalayak,1979.0,129.0,"Drama, Family",6.0,21.0,434.0,919.0,1188.0,1715.0,3,1,7.0,3.091042453358316
Naam,1986.0,177.0,"Crime, Drama, Thriller",7.5,984.0,1422.0,1490.0,1145.0,2330.0,3,1,5.0,6.892641641172089
Naam Gum Jaayega,2005.0,125.0,"Mystery, Thriller",5.9,81.0,215.0,646.0,332.0,1379.0,3,1,14.0,4.406719247264253
Naam Hai Akira,2016.0,137.0,"Action, Thriller",5.9,3892.0,16.0,2182.0,263.0,1228.0,3,1,0.0,8.266935347610456
Naam O Nishan,1987.0,129.0,"Thriller, Action",4.3,34.0,118.0,2082.0,2195.0,212.0,3,1,18.0,3.5553480614894135
Naam Shabana,2017.0,147.0,"Action, Thriller",6.3,5924.0,2633.0,2317.0,114.0,1407.0,3,1,0.0,8.686935966003333
Naamcheen,1991.0,129.0,"Crime, Drama",4.5,11.0,132.0,458.0,571.0,877.0,3,1,5.0,2.4849066497880004
Naami Chor,1977.0,127.0,Action,5.8,5.0,1482.0,984.0,474.0,2480.0,3,0,0.0,1.791759469228055
Naaraaz,1994.0,128.0,"Action, Crime, Drama",4.5,127.0,1422.0,1550.0,1401.0,429.0,3,1,0.0,4.852030263919617
Naari Chakra,2013.0,66.0,"Drama, Thriller",6.7,18.0,735.0,33.0,334.0,732.0,3,1,7.0,2.9444389791664403
Naata,1955.0,,"Comedy, Drama, Romance",7.5,13.0,612.0,1165.0,32.0,2940.0,3,1,4.0,2.6390573296152584
Nache Nagin Gali Gali,1989.0,131.0,Horror,4.8,27.0,1573.0,1276.0,1615.0,2247.0,3,0,11.0,3.332204510175204
Nachnewala Gaanewale,1991.0,,"Drama, Musical",3.9,21.0,453.0,2087.0,2097.0,2427.0,3,1,7.0,3.091042453358316
Nadaan,1951.0,,Romance,6.9,12.0,949.0,616.0,1230.0,2709.0,3,0,15.0,2.5649493574615367
Nadaan,1971.0,156.0,Drama,6.7,13.0,677.0,368.0,1527.0,1715.0,3,0,7.0,2.6390573296152584
Nadir Shah,1968.0,126.0,History,7.1,8.0,2336.0,714.0,1150.0,2496.0,3,0,10.0,2.1972245773362196
Nadiya Ke Paar,1982.0,143.0,"Drama, Romance",7.9,863.0,860.0,1898.0,2113.0,958.0,3,1,7.0,6.761572768804055
Nadiya Ke Paar,1948.0,126.0,Drama,6.8,46.0,1306.0,657.0,1026.0,650.0,3,0,7.0,3.8501476017100584
Nafrat,1973.0,,Romance,5.5,13.0,2664.0,1734.0,2844.0,1872.0,3,0,15.0,2.6390573296152584
Nafrat Ki Aandhi,1989.0,,"Action, Adventure, Drama",4.9,24.0,1535.0,631.0,949.0,264.0,3,1,0.0,3.2188758248682006
Naga the Eternal Yogi,2016.0,73.0,Documentary,7.2,86.0,1321.0,715.0,2681.0,2853.0,1,0,6.0,4.465908118654584
Nagadevathe,2000.0,150.0,"Drama, Fantasy",5.6,23.0,1745.0,2208.0,1762.0,2267.0,3,1,7.0,3.1780538303479458
Nagin,1954.0,139.0,"Drama, Musical, Romance",6.7,61.0,1664.0,2510.0,1723.0,1057.0,3,1,7.0,4.127134385045092
Nagin,1976.0,180.0,"Fantasy, Thriller, Action",6.3,442.0,2107.0,2262.0,706.0,2982.0,3,1,9.0,6.093569770045136
Nagin Aur Suhagan,1979.0,,"Adventure, Drama, Thriller",6.2,8.0,2581.0,2441.0,2032.0,1346.0,3,1,1.0,2.1972245773362196
Nagina,1986.0,137.0,"Fantasy, Romance",6.5,880.0,918.0,2215.0,2029.0,207.0,3,1,9.0,6.78105762593618
Nagina,1951.0,,"Mystery, Romance, Thriller",6.2,21.0,2234.0,1490.0,1512.0,542.0,3,1,14.0,3.091042453358316
Nagma-E-Sahra,1945.0,,"Action, Adventure, Drama",4.8,6.0,1515.0,1262.0,1088.0,1429.0,3,1,0.0,1.9459101490553132
Nai Maa,1946.0,,Drama,7.4,7.0,1232.0,920.0,1961.0,2022.0,3,0,7.0,2.0794415416798357
Nai Roshni,1967.0,158.0,"Drama, Family",6.3,20.0,561.0,376.0,1258.0,1930.0,3,1,7.0,3.044522437723423
Nai Umar Ki Nai Fasal,1965.0,,"Drama, Family, Musical",6.3,13.0,1950.0,1690.0,2623.0,2847.0,3,1,7.0,2.6390573296152584
Nail Polish,2021.0,128.0,Drama,7.4,3737.0,550.0,331.0,1271.0,227.0,3,0,7.0,8.226305988015508
Naina,1973.0,134.0,"Drama, Romance",6.3,28.0,1224.0,2082.0,1436.0,2134.0,3,1,7.0,3.367295829986474
Naina,2005.0,104.0,"Drama, Horror, Mystery",4.3,773.0,2651.0,2390.0,253.0,1361.0,3,1,7.0,6.651571873589727
Na-Insaafi,1989.0,,"Action, Crime",4.1,18.0,1535.0,2084.0,2465.0,615.0,3,1,0.0,2.9444389791664403
Naiyya,1979.0,116.0,"Drama, Family",6.8,15.0,1885.0,441.0,2859.0,1296.0,3,1,7.0,2.772588722239781
Najma,1943.0,121.0,Drama,7.5,30.0,1529.0,376.0,2434.0,2907.0,3,0,7.0,3.4339872044851463
Nakhuda,1981.0,117.0,"Drama, Family, Romance",6.4,30.0,718.0,1091.0,1854.0,2763.0,3,1,7.0,3.4339872044851463
Nakkash,2019.0,,Drama,7.0,42.0,3131.0,845.0,2309.0,1258.0,3,0,7.0,3.7612001156935624
Nakli Nawab,1962.0,134.0,"Drama, Romance",5.9,7.0,2887.0,376.0,1308.0,2437.0,3,1,7.0,2.0794415416798357
Naksha,2006.0,128.0,"Action, Adventure, Fantasy",3.3,1074.0,2362.0,2270.0,2819.0,2300.0,3,1,0.0,6.980075940561763
Nakshatra,2010.0,122.0,"Crime, Drama, Mystery",5.0,56.0,1566.0,1182.0,956.0,2739.0,3,1,5.0,4.04305126783455
Nalla,2004.0,,"Drama, Romance",7.2,78.0,2950.0,2230.0,2189.0,2651.0,3,1,7.0,4.3694478524670215
Namah Shivaya Shantaya,2009.0,101.0,"Action, Drama, History",6.1,12.0,47.0,683.0,1144.0,1990.0,3,1,0.0,2.5649493574615367
Namak,1996.0,148.0,"Action, Drama, Family",4.1,51.0,1268.0,1969.0,688.0,2580.0,3,1,0.0,3.9512437185814275
Namak Halaal,1982.0,171.0,"Action, Comedy, Drama",7.3,2420.0,1867.0,2511.0,2321.0,199.0,3,1,0.0,7.791935956938058
Namak Haraam,1973.0,146.0,Drama,7.3,1564.0,962.0,1702.0,173.0,2586.0,3,0,7.0,7.355641102974253
Namaste England,2018.0,141.0,"Comedy, Drama, Romance",2.2,2644.0,3062.0,1524.0,298.0,1787.0,3,1,4.0,7.8804263442924
Namastey London,2007.0,128.0,"Comedy, Drama, Romance",7.1,20942.0,3062.0,145.0,1073.0,2165.0,3,1,4.0,9.949559740638511
Namdev Bhau,2018.0,84.0,Adventure,7.4,94.0,623.0,359.0,1486.0,3063.0,3,0,1.0,4.553876891600541
Namkeen,1982.0,112.0,"Drama, Family",7.6,420.0,869.0,1980.0,2312.0,2417.0,3,1,7.0,6.042632833682381
Namma Annachi,1994.0,,Drama,5.0,9.0,686.0,1189.0,727.0,598.0,3,0,7.0,2.302585092994046
Namo Venkatesa,2010.0,152.0,"Action, Crime, Romance",5.4,426.0,2706.0,2428.0,2663.0,558.0,3,1,0.0,6.056784013228625
Namoona,1949.0,,"Drama, Romance",7.1,16.0,949.0,1069.0,1026.0,1294.0,3,1,7.0,2.833213344056216
Namumkin,1988.0,,"Drama, Mystery",6.6,41.0,962.0,1667.0,2793.0,3058.0,3,1,7.0,3.7376696182833684
Namumkin Tere Bin Jeena,2020.0,,Romance,4.9,13.0,945.0,1364.0,547.0,1883.0,3,0,15.0,2.6390573296152584
Nanak Shah Fakir,2014.0,146.0,Drama,8.2,344.0,10.0,320.0,1800.0,67.0,3,0,7.0,5.84354441703136
Nandan,1998.0,82.0,Drama,6.0,10.0,310.0,2203.0,2681.0,2853.0,1,0,7.0,2.3978952727983707
Nandu,1981.0,,Unknown,6.6,19.0,1008.0,1696.0,2681.0,2853.0,1,0,19.0,2.995732273553991
Nanhe Jaisalmer: A Dream Come True,2007.0,108.0,"Comedy, Drama, Family",6.0,412.0,2419.0,685.0,479.0,2460.0,3,1,4.0,6.023447592961033
Nani Maa,1980.0,,Fantasy,6.6,12.0,1808.0,53.0,74.0,1216.0,3,0,9.0,2.5649493574615367
Nannha Farishta,1969.0,133.0,"Action, Crime, Drama",6.2,24.0,2862.0,1575.0,96.0,324.0,3,1,0.0,3.2188758248682006
Nanu Ki Jaanu,2018.0,133.0,"Comedy, Drama, Horror",5.9,954.0,770.0,34.0,1681.0,2010.0,3,1,4.0,6.86171134048073
Naqaab,2007.0,115.0,"Crime, Drama, Romance",5.4,1373.0,38.0,1251.0,479.0,138.0,3,1,5.0,7.2254814727822945
Naqab,1955.0,130.0,Romance,8.6,16.0,1381.0,2058.0,1230.0,111.0,3,0,15.0,2.833213344056216
Naqab,1989.0,,"Drama, Mystery",4.4,28.0,2012.0,1835.0,688.0,0.0,3,1,7.0,3.367295829986474
Naram Garam,1981.0,122.0,"Comedy, Drama",7.4,980.0,962.0,213.0,2593.0,2871.0,3,1,4.0,6.8885724595653635
Narasimha,1991.0,214.0,"Action, Drama",5.5,424.0,1624.0,2270.0,629.0,2861.0,3,1,0.0,6.052089168924417
Narayan,2017.0,110.0,Action,6.8,27.0,1113.0,1663.0,668.0,664.0,3,0,0.0,3.332204510175204
Nargis,1946.0,,Unknown,8.1,14.0,611.0,580.0,135.0,1621.0,3,0,19.0,2.70805020110221
Narsi Bhagat,1957.0,,Biography,6.5,6.0,680.0,2044.0,1823.0,1860.0,3,0,3.0,1.9459101490553132
Nartakee,1963.0,125.0,Drama,7.0,21.0,1726.0,2262.0,1493.0,1745.0,3,0,7.0,3.091042453358316
Nartaki,1940.0,150.0,Drama,6.5,11.0,636.0,1128.0,446.0,1595.0,3,0,7.0,2.4849066497880004
Nasbandi,1978.0,140.0,"Comedy, Drama",6.5,13.0,968.0,262.0,1032.0,2428.0,3,1,4.0,2.6390573296152584
Naseeb,1981.0,197.0,"Action, Musical, Romance",7.1,1572.0,1482.0,206.0,2325.0,2165.0,3,1,0.0,7.360739903058278
Naseeb,1997.0,138.0,"Comedy, Drama, Romance",5.3,333.0,1298.0,767.0,1268.0,2253.0,3,1,4.0,5.811140992976701
Naseeb Apna Apna,1986.0,140.0,"Comedy, Drama",5.6,164.0,2160.0,1835.0,688.0,1945.0,3,1,4.0,5.10594547390058
Naseebwaala,1992.0,132.0,Drama,3.8,9.0,1206.0,559.0,1628.0,785.0,3,0,7.0,2.302585092994046
Nasha,2013.0,122.0,"Drama, Thriller",3.2,1214.0,204.0,1556.0,2368.0,2994.0,3,1,7.0,7.102499355774649
Nashebaaz,2016.0,67.0,Documentary,9.0,46.0,698.0,2385.0,2681.0,2853.0,0,0,6.0,3.8501476017100584
Nashilee Jawani,1986.0,,Romance,4.5,8.0,969.0,1082.0,2488.0,2853.0,2,0,15.0,2.1972245773362196
Nasihat,1986.0,139.0,"Action, Drama",5.1,32.0,315.0,1702.0,2263.0,675.0,3,1,0.0,3.4965075614664802
Nasoor,1985.0,,Drama,6.2,11.0,371.0,1494.0,1778.0,2247.0,3,0,7.0,2.4849066497880004
Nastik,1983.0,,"Action, Drama",5.5,359.0,1872.0,206.0,818.0,1845.0,3,1,0.0,5.886104031450156
Nastik,1954.0,148.0,"Comedy, Crime, Drama",6.2,32.0,968.0,1384.0,96.0,2847.0,3,1,4.0,3.4965075614664802
Natak,1975.0,,Drama,5.8,9.0,2690.0,2441.0,1436.0,2606.0,3,0,7.0,2.302585092994046
Nateeja,1969.0,120.0,"Action, Drama",4.9,7.0,2081.0,495.0,1376.0,401.0,3,1,0.0,2.0794415416798357
Nath Ek Pratha,2015.0,137.0,Action,6.2,25.0,261.0,462.0,2706.0,2583.0,3,0,0.0,3.258096538021482
Nattukku Oru Nallavan,1991.0,,Action,5.1,88.0,2229.0,433.0,982.0,679.0,3,0,0.0,4.48863636973214
Nau Bahar,1952.0,,"Drama, Family",6.6,9.0,228.0,376.0,1484.0,1248.0,3,1,7.0,2.302585092994046
Nau Do Gyarah,1957.0,170.0,"Comedy, Romance, Thriller",6.8,141.0,3003.0,616.0,1016.0,2478.0,3,1,4.0,4.955827057601261
Naughty @ 40,2011.0,108.0,"Comedy, Drama",2.5,290.0,1020.0,767.0,2849.0,312.0,3,1,4.0,5.673323267171493
Naughty Boy,1962.0,128.0,Comedy,5.4,346.0,2563.0,1067.0,1631.0,1324.0,3,0,4.0,5.849324779946859
Naughty Boy,2006.0,,Comedy,3.7,57.0,2864.0,1850.0,2349.0,1961.0,3,0,4.0,4.060443010546419
Naujawan,1951.0,130.0,Drama,5.6,13.0,1425.0,1384.0,1761.0,1640.0,3,0,7.0,2.6390573296152584
Naukadubi,1947.0,147.0,Unknown,6.6,25.0,1726.0,657.0,1365.0,2079.0,3,0,19.0,3.258096538021482
Naukar Biwi Ka,1983.0,,"Action, Drama, Comedy",6.3,142.0,2107.0,89.0,1874.0,1965.0,3,1,0.0,4.962844630259907
Naukar Ki Kameez,1999.0,104.0,Drama,6.6,30.0,1454.0,1948.0,2780.0,298.0,3,0,7.0,3.4339872044851463
Naukari,1955.0,142.0,"Drama, Family",7.4,103.0,525.0,1067.0,2343.0,481.0,3,1,7.0,4.6443908991413725
Nauker,1979.0,126.0,"Comedy, Drama",6.4,151.0,1002.0,958.0,2202.0,1036.0,3,1,4.0,5.0238805208462765
Naukri,1978.0,,"Comedy, Fantasy",6.9,79.0,962.0,1702.0,2854.0,1970.0,3,1,4.0,4.382026634673881
Naulakha Haar,1953.0,120.0,"Drama, History",6.2,8.0,925.0,456.0,322.0,980.0,3,1,7.0,2.1972245773362196
Naunihal,1967.0,,"Crime, Drama, Family",6.3,12.0,2016.0,1980.0,428.0,962.0,3,1,5.0,2.5649493574615367
Nausherwan-E-Adil,1957.0,137.0,"Action, Adventure, Drama",6.5,18.0,2691.0,2176.0,1813.0,1359.0,3,1,0.0,2.9444389791664403
Nautanki Saala!,2013.0,119.0,"Comedy, Drama, Romance",5.8,4198.0,2270.0,421.0,1155.0,1811.0,3,1,4.0,8.342601680684194
Navarasa,2005.0,99.0,Drama,7.1,38.0,2488.0,2135.0,278.0,549.0,3,0,7.0,3.6635616461296463
Navjeevan,1935.0,,Unknown,3.4,5.0,1562.0,2385.0,2681.0,2853.0,0,0,19.0,1.791759469228055
Navra Mazha Navsacha,2004.0,,Comedy,7.1,323.0,2368.0,1895.0,2108.0,2729.0,3,0,4.0,5.780743515792329
Navrang,1959.0,157.0,"Drama, Musical, Romance",6.5,139.0,2579.0,1961.0,1251.0,1190.0,3,1,7.0,4.941642422609304
Nawabzaade,2018.0,112.0,"Comedy, Romance",4.4,877.0,1079.0,634.0,1802.0,1946.0,3,1,4.0,6.777646593635117
Naya Andaz,1956.0,142.0,Romance,5.8,12.0,1142.0,1067.0,1355.0,1256.0,3,0,15.0,2.5649493574615367
Naya Bakra,1979.0,,Comedy,5.4,12.0,1144.0,2489.0,1998.0,2136.0,3,0,4.0,2.5649493574615367
Naya Daur,1957.0,173.0,"Drama, Musical, Romance",8.0,1102.0,446.0,657.0,2824.0,111.0,3,1,7.0,7.005789019253503
Naya Daur,1978.0,124.0,"Action, Crime, Drama",5.5,53.0,1422.0,1835.0,457.0,637.0,3,1,0.0,3.9889840465642745
Naya Din Nai Raat,1974.0,132.0,"Drama, Family",7.0,147.0,0.0,1980.0,933.0,2711.0,3,1,7.0,4.997212273764115
Naya Jigar,2007.0,,"Action, Comedy, Drama",6.1,30.0,460.0,1378.0,459.0,2061.0,3,1,0.0,3.4339872044851463
Naya Kadam,1984.0,,"Drama, Family, Romance",6.1,50.0,1156.0,1702.0,1647.0,2650.0,3,1,7.0,3.9318256327243257
Naya Kanoon,1965.0,,"Drama, Family",5.7,7.0,1959.0,376.0,2824.0,501.0,3,1,7.0,2.0794415416798357
Naya Khoon,1990.0,118.0,Drama,4.4,13.0,2051.0,1840.0,448.0,868.0,3,0,7.0,2.6390573296152584
Naya Nasha,1973.0,,"Crime, Drama, Thriller",4.7,9.0,905.0,37.0,1940.0,2411.0,3,1,5.0,2.302585092994046
Naya Zamana,1971.0,151.0,"Drama, Romance",6.9,98.0,1872.0,631.0,818.0,409.0,3,1,7.0,4.59511985013459
Nayak: The Real Hero,2001.0,187.0,"Action, Drama, Thriller",7.8,14939.0,2315.0,250.0,1958.0,207.0,3,1,0.0,9.611797458686809
Nayee Padosan,2003.0,136.0,Comedy,5.4,374.0,441.0,2459.0,253.0,426.0,3,0,4.0,5.926926025970411
Nazar,1990.0,124.0,Drama,6.3,88.0,1454.0,2092.0,2294.0,2734.0,3,0,7.0,4.48863636973214
Nazar,2005.0,138.0,Thriller,3.9,126.0,2694.0,1279.0,349.0,1226.0,3,0,18.0,4.844187086458591
Nazar Ke Samne,1995.0,96.0,"Action, Crime, Drama",4.7,483.0,1029.0,145.0,691.0,761.0,3,1,0.0,6.182084906716632
Nazarr,1996.0,,Action,6.1,19.0,2071.0,222.0,1183.0,1505.0,3,0,0.0,2.995732273553991
Nazrana,1961.0,130.0,"Comedy, Drama, Romance",6.9,50.0,561.0,1670.0,2824.0,2865.0,3,1,4.0,3.9318256327243257
Nazrana,1987.0,,Romance,6.2,90.0,2225.0,1702.0,2488.0,1887.0,3,0,15.0,4.51085950651685
Nazrana Pyar Ka,1980.0,,Drama,4.9,10.0,2333.0,1667.0,1854.0,2943.0,3,0,7.0,2.3978952727983707
NCR: Chapter One,2021.0,65.0,Crime,7.8,20.0,2386.0,112.0,1279.0,1911.0,3,0,5.0,3.044522437723423
Neal 'n' Nikki,2005.0,122.0,"Comedy, Musical, Romance",3.2,1476.0,325.0,2378.0,2619.0,48.0,3,1,4.0,7.29776828253138
Neecha Nagar,1946.0,122.0,Drama,6.8,182.0,591.0,1640.0,2674.0,1133.0,3,0,7.0,5.209486152841421
Neel Kamal,1947.0,116.0,"Drama, Musical, Romance",7.7,75.0,1292.0,450.0,1853.0,1333.0,3,1,7.0,4.330733340286331
Neel Kamal,1968.0,160.0,"Drama, Fantasy, Musical",6.8,278.0,2154.0,2511.0,1813.0,1412.0,3,1,7.0,5.631211781821365
Neel Mani,1957.0,140.0,Drama,6.1,12.0,1356.0,1599.0,1408.0,1600.0,3,0,7.0,2.5649493574615367
Neela Akash,1965.0,,"Drama, Family",6.7,37.0,2063.0,631.0,1258.0,1469.0,3,1,7.0,3.6375861597263857
Neelambari,2003.0,154.0,Drama,7.4,15.0,2324.0,2061.0,601.0,598.0,3,0,7.0,2.772588722239781
Neeli Aankhen,1962.0,,Mystery,5.1,7.0,2980.0,2049.0,96.0,1082.0,3,0,14.0,2.0794415416798357
Neend Hamari Khwab Tumhare,1966.0,134.0,"Musical, Romance",6.5,28.0,2625.0,2082.0,1493.0,481.0,3,1,13.0,3.367295829986474
Neerja,2016.0,122.0,"Biography, Drama, Thriller",7.6,21470.0,2153.0,2188.0,2263.0,3036.0,3,1,3.0,9.974458466406707
Neeyat,1980.0,147.0,"Family, Drama",5.5,23.0,254.0,2082.0,949.0,2136.0,3,1,8.0,3.1780538303479458
Nehle Pe Dehlaa,1976.0,,"Action, Crime, Drama",5.4,32.0,2012.0,2262.0,2129.0,2981.0,3,1,0.0,3.4965075614664802
Nehlle Pe Dehlla,2007.0,125.0,"Action, Comedy, Crime",3.8,489.0,110.0,1969.0,471.0,2271.0,3,1,0.0,6.194405391104672
Nehru: The Jewel of India,1990.0,165.0,Biography,5.4,12.0,1293.0,1840.0,755.0,312.0,3,0,3.0,2.5649493574615367
Neighbours,2014.0,125.0,Horror,3.2,42.0,2665.0,2277.0,838.0,831.0,3,0,11.0,3.7612001156935624
Nenunnanu,2004.0,,Action,5.3,237.0,2963.0,1378.0,2393.0,18.0,3,0,0.0,5.472270673671475
Netaji Subhas Chandra Bose: The Forgotten Hero,2005.0,208.0,"Biography, Drama, History",7.6,1095.0,2661.0,2473.0,849.0,1765.0,3,1,3.0,6.999422467507961
Netaji Subhash Chandra Bose,1966.0,150.0,"Biography, Drama",7.7,25.0,941.0,36.0,943.0,2847.0,3,1,3.0,3.258096538021482
New Delhi,1956.0,176.0,"Comedy, Drama, Musical",7.4,62.0,1567.0,1067.0,2824.0,986.0,3,1,4.0,4.143134726391533
New Delhi Times,1986.0,123.0,"Drama, Mystery",7.7,173.0,2284.0,2082.0,2312.0,1746.0,3,1,7.0,5.159055299214529
New York,2009.0,153.0,"Crime, Drama, Thriller",6.8,10553.0,1192.0,937.0,1073.0,1680.0,3,1,5.0,9.264260213965613
Newton,2017.0,106.0,"Comedy, Drama",7.7,17734.0,199.0,1718.0,1660.0,270.0,3,1,4.0,9.783295367207723
NH-8: Road to Nidhivan,2015.0,95.0,Horror,2.7,35.0,1609.0,399.0,297.0,2764.0,3,0,11.0,3.58351893845611
Nidaan,2000.0,146.0,"Drama, Romance",6.1,15.0,1428.0,2106.0,1995.0,1717.0,3,1,7.0,2.772588722239781
Nigahen: Nagina Part II,1989.0,140.0,"Drama, Family, Fantasy",5.2,295.0,918.0,2270.0,2488.0,312.0,3,1,7.0,5.69035945432406
Nigehbaan: The Third Eye,2005.0,,Thriller,2.5,22.0,719.0,1943.0,2176.0,2397.0,3,0,18.0,3.1354942159291497
Night,2017.0,108.0,"Drama, Romance",4.3,218.0,1747.0,372.0,2427.0,343.0,3,1,7.0,5.389071729816501
Night Club,1958.0,137.0,"Crime, Drama",6.2,5.0,1677.0,376.0,1026.0,1550.0,3,1,5.0,1.791759469228055
Night in London,1967.0,,"Action, Drama, Thriller",6.6,37.0,546.0,503.0,1258.0,1082.0,3,1,0.0,3.6375861597263857
Nil Battey Sannata,2015.0,100.0,"Drama, Family",8.3,6069.0,396.0,2306.0,1976.0,2180.0,3,1,7.0,8.711113884053544
Nili,1950.0,,Romance,7.7,9.0,2208.0,2280.0,2411.0,88.0,3,0,15.0,2.302585092994046
Ninne Pelladatha,1996.0,146.0,"Romance, Comedy, Drama",7.5,659.0,1330.0,2515.0,1473.0,2771.0,3,1,15.0,6.492239835020471
Nippu Ravva,1993.0,,"Action, Drama",7.2,32.0,2.0,1391.0,2763.0,207.0,3,1,0.0,3.4965075614664802
Nirakar Chhaya,2007.0,82.0,Drama,7.5,8.0,359.0,2385.0,2681.0,2853.0,0,0,7.0,2.1972245773362196
Nirala,1950.0,,"Drama, Romance, Thriller",6.6,30.0,681.0,1165.0,596.0,1446.0,3,1,7.0,3.4339872044851463
Nirbhay,1996.0,135.0,"Action, Thriller",4.9,12.0,3050.0,1901.0,1266.0,2466.0,3,1,0.0,2.5649493574615367
Nirdosh,1941.0,,Drama,6.3,7.0,2954.0,1384.0,1445.0,2372.0,3,0,7.0,2.0794415416798357
Nirdosh,1973.0,130.0,"Drama, Thriller",4.0,6.0,2333.0,2489.0,2844.0,2686.0,3,1,7.0,1.9459101490553132
Nirdosh,2018.0,110.0,"Drama, Mystery, Thriller",3.9,138.0,2739.0,1565.0,349.0,1396.0,3,1,7.0,4.9344739331306915
Nirmaan,1974.0,133.0,Drama,7.7,6.0,2225.0,1425.0,258.0,2134.0,3,0,7.0,1.9459101490553132
Nirmal Anand Ki Puppy,2019.0,100.0,Drama,9.1,7.0,2435.0,1021.0,752.0,1197.0,3,0,7.0,2.0794415416798357
Nirmala,1938.0,128.0,Drama,5.5,14.0,787.0,626.0,358.0,1441.0,3,0,7.0,2.70805020110221
Nirnayak,1997.0,,"Action, Romance, Thriller",6.0,7.0,267.0,850.0,1918.0,470.0,3,1,0.0,2.0794415416798357
Nirvana Inn,2019.0,95.0,Mystery,5.9,200.0,3007.0,69.0,1913.0,2321.0,3,0,14.0,5.303304908059076
Nirvana13,2011.0,95.0,Drama,9.1,99.0,1108.0,1503.0,250.0,2318.0,3,0,7.0,4.605170185988092
Nishaan,1983.0,131.0,"Action, Drama, Family",6.3,43.0,2823.0,2156.0,1889.0,1055.0,3,1,0.0,3.784189633918261
Nishabd,2007.0,110.0,Drama,5.4,1622.0,2146.0,206.0,957.0,2141.0,3,0,7.0,7.392031567514591
Nishan,1965.0,138.0,Drama,4.9,10.0,401.0,1980.0,1540.0,1872.0,3,0,7.0,2.3978952727983707
Nishan,1949.0,,Drama,5.2,6.0,2347.0,460.0,898.0,1925.0,3,0,7.0,1.9459101490553132
Nishana,1950.0,,"Drama, Romance",7.5,6.0,3093.0,1165.0,358.0,2566.0,3,1,7.0,1.9459101490553132
Nishana,1980.0,137.0,"Action, Drama",5.9,22.0,1156.0,919.0,1714.0,2542.0,3,1,0.0,3.1354942159291497
Nishana,1995.0,,"Drama, Family",5.0,30.0,2019.0,1304.0,2003.0,1774.0,3,1,7.0,3.4339872044851463
Nishane Bazi,1989.0,139.0,"Action, Adventure, Crime",2.9,10.0,2949.0,2252.0,2491.0,2603.0,3,1,0.0,2.3978952727983707
Nishant,1975.0,140.0,"Crime, Drama",7.6,564.0,2661.0,754.0,2263.0,233.0,3,1,5.0,6.336825731146441
Nishchaiy,1992.0,146.0,"Action, Drama, Romance",4.2,491.0,759.0,2487.0,2150.0,1175.0,3,1,0.0,6.198478716492308
Niyaz Aur Namaaz,1977.0,,Drama,6.0,7.0,6.0,177.0,1866.0,1057.0,3,0,7.0,2.0794415416798357
No Entry,2005.0,158.0,"Comedy, Drama, Musical",6.6,11195.0,244.0,250.0,686.0,2288.0,3,1,4.0,9.323311850635344
No Man's Truth,2020.0,123.0,"Crime, Drama, Mystery",6.3,30.0,1508.0,561.0,535.0,821.0,3,1,5.0,3.4339872044851463
No One Killed Jessica,2011.0,136.0,"Biography, Crime, Drama",7.2,11199.0,2014.0,1767.0,2745.0,1583.0,3,1,3.0,9.323669057283185
No Problem,2010.0,139.0,"Action, Comedy, Crime",4.3,2299.0,244.0,250.0,2195.0,138.0,3,1,0.0,7.7406644019172415
No Smoking,2007.0,128.0,"Drama, Horror, Mystery",7.3,6928.0,299.0,937.0,393.0,1774.0,3,1,7.0,8.843470781627381
Noblemen,2018.0,108.0,Drama,5.8,221.0,2968.0,1107.0,125.0,1499.0,3,0,7.0,5.402677381872279
Noise of Silence,2021.0,110.0,"Drama, Romance",7.2,46.0,2386.0,1624.0,2601.0,2402.0,3,1,7.0,3.8501476017100584
Noor,2017.0,117.0,"Adventure, Comedy, Drama",3.9,1432.0,2792.0,2274.0,2457.0,613.0,3,1,1.0,7.267525427828172
Noor Mahal,1965.0,,"Drama, Family",4.8,5.0,1737.0,551.0,907.0,1285.0,3,1,7.0,1.791759469228055
Noorie,1979.0,120.0,"Drama, Family, Romance",6.0,159.0,1483.0,707.0,1714.0,1324.0,3,1,7.0,5.075173815233827
Noorjehan,1967.0,130.0,"Drama, History, Romance",6.0,18.0,1391.0,1273.0,1723.0,2134.0,3,1,7.0,2.9444389791664403
Not a Love Story,2011.0,100.0,"Crime, Drama, Thriller",5.0,694.0,2146.0,599.0,1248.0,3049.0,3,1,5.0,6.543911845564792
Notebook,2019.0,115.0,"Drama, Romance",6.9,2253.0,1729.0,2539.0,1735.0,1487.0,3,1,7.0,7.720461694599722
Noukadubi,2011.0,135.0,"Drama, Romance",7.6,845.0,2264.0,932.0,2045.0,1963.0,3,1,7.0,6.740519359606223
NTR Kathanayakudu,2019.0,169.0,"Biography, Drama",5.6,1866.0,1980.0,1391.0,2745.0,2384.0,3,1,3.0,7.532088143541722
Number Game,2018.0,117.0,"Horror, Mystery, Thriller",6.3,10.0,2779.0,103.0,1479.0,2154.0,3,1,11.0,2.3978952727983707
Numbri Aadmi,1991.0,125.0,"Action, Crime, Drama",4.3,19.0,2857.0,861.0,314.0,2038.0,3,1,0.0,2.995732273553991
Nyay Anyay,1990.0,155.0,Drama,5.7,39.0,1373.0,919.0,934.0,2701.0,3,0,7.0,3.6888794541139363
Nyaydaata,1999.0,123.0,Action,5.1,15.0,2996.0,2356.0,274.0,427.0,3,0,0.0,2.772588722239781
Nympho: The Lust Story,2020.0,104.0,"Drama, Romance, Thriller",5.3,31.0,1340.0,1412.0,1417.0,2956.0,3,1,7.0,3.4657359027997265
O Teri,2014.0,107.0,"Comedy, Drama",3.3,584.0,2932.0,1625.0,464.0,2353.0,3,1,4.0,6.371611847231857
Oass,2012.0,105.0,Drama,6.2,196.0,53.0,1621.0,913.0,3030.0,3,0,7.0,5.2832037287379885
Ocean of an Old Man,2008.0,80.0,Drama,6.6,44.0,2089.0,2360.0,102.0,1005.0,3,0,7.0,3.8066624897703196
Octave,2002.0,118.0,Drama,5.1,8.0,2557.0,1712.0,285.0,844.0,3,0,7.0,2.1972245773362196
October,2018.0,115.0,"Drama, Romance",7.5,14013.0,2643.0,2419.0,432.0,854.0,3,1,7.0,9.54781210893048
Odd Couple,2019.0,117.0,Drama,8.2,13.0,1883.0,2255.0,2500.0,1413.0,3,0,7.0,2.6390573296152584
Office #thebrightesthorrorfilm,2017.0,99.0,Horror,5.4,13.0,621.0,572.0,1784.0,190.0,3,0,11.0,2.6390573296152584
Officer,2001.0,,"Action, Crime, Drama",4.2,120.0,1644.0,2266.0,1980.0,637.0,3,1,0.0,4.795790545596741
Officer Arjun Singh IPS,2019.0,120.0,"Action, Drama",8.0,91.0,335.0,1623.0,1812.0,192.0,3,1,0.0,4.5217885770490405
Offshore,2006.0,92.0,Drama,6.3,20.0,708.0,649.0,1977.0,1679.0,3,0,7.0,3.044522437723423
Oh Bewafa,1980.0,,"Drama, Romance",3.4,25.0,2356.0,1695.0,205.0,3035.0,3,1,7.0,3.258096538021482
Oh Darling Yeh Hai India,1995.0,160.0,Comedy,4.2,1582.0,1279.0,2038.0,581.0,1028.0,3,0,4.0,7.367077059881012
"Oh, My God!!",2008.0,105.0,"Comedy, Drama",5.4,264.0,2704.0,2476.0,2248.0,741.0,3,1,4.0,5.579729825986222
OK Jaanu,2017.0,135.0,"Drama, Romance",5.2,3883.0,2538.0,81.0,2382.0,1623.0,3,1,7.0,8.264620829411216
Old Iss Gold,2007.0,,Comedy,5.4,17.0,1698.0,389.0,2286.0,1110.0,3,0,4.0,2.8903717578961645
Om,2003.0,,"Action, Romance",3.7,31.0,376.0,393.0,2176.0,2598.0,3,1,0.0,3.4657359027997265
Om,1986.0,,Horror,5.2,6.0,2665.0,2370.0,1889.0,1375.0,3,0,11.0,1.9459101490553132
Om Dar-B-Dar,1988.0,101.0,Drama,7.1,438.0,1221.0,261.0,759.0,1284.0,3,0,7.0,6.0844994130751715
Om Jai Jagadish,2002.0,172.0,"Drama, Musical",5.5,1911.0,295.0,2511.0,207.0,784.0,3,1,7.0,7.555905093611346
Om Shanti Om,2007.0,162.0,"Action, Comedy, Drama",6.7,40120.0,769.0,2038.0,591.0,354.0,3,1,0.0,10.59965516698957
Omerta,2017.0,98.0,"Action, Biography, Crime",7.2,2851.0,900.0,1718.0,1895.0,2379.0,3,1,0.0,7.955775781534187
OMG: Oh My God!,2012.0,125.0,"Comedy, Drama, Fantasy",8.1,53454.0,2935.0,1522.0,114.0,1494.0,3,1,4.0,10.8865954574476
Omkara,2006.0,155.0,"Action, Crime, Drama",8.1,19631.0,3070.0,108.0,1059.0,2271.0,3,1,0.0,9.884916166950692
Omprakash Zindabad,2020.0,130.0,"Comedy, Drama",4.9,12.0,2200.0,2022.0,2403.0,3049.0,3,1,4.0,2.5649493574615367
Once Again,2018.0,101.0,"Drama, Romance",7.0,869.0,1237.0,2088.0,1554.0,525.0,3,1,7.0,6.76849321164863
Once Upon a Time in Bihar,2015.0,122.0,Thriller,6.7,193.0,1727.0,1076.0,1655.0,107.0,3,0,18.0,5.267858159063328
Once Upon a Time in Mumbaai,2010.0,134.0,"Action, Crime, Drama",7.4,16677.0,1541.0,108.0,674.0,1144.0,3,1,0.0,9.72184576464693
Once Upon a Time in Mumbaai Dobara,2013.0,160.0,"Action, Crime, Drama",4.6,6839.0,1541.0,145.0,857.0,2619.0,3,1,0.0,8.830543010616596
One 2 Ka 4,2001.0,169.0,"Action, Comedy, Crime",5.4,4870.0,2598.0,2038.0,900.0,1090.0,3,1,0.0,8.491054533806542
One by Two,2014.0,139.0,"Comedy, Drama, Romance",4.2,722.0,684.0,34.0,1754.0,1303.0,3,1,4.0,6.583409222158765
One Crazy Ride,2009.0,87.0,Documentary,8.3,35.0,813.0,2385.0,2681.0,2853.0,0,0,6.0,3.58351893845611
One Day Before the Rainy Season,1971.0,114.0,"Biography, Drama",7.5,89.0,1454.0,347.0,316.0,2137.0,3,1,3.0,4.499809670330265
One Day: Justice Delivered,2019.0,124.0,"Action, Crime, Thriller",5.0,1055.0,382.0,296.0,1154.0,772.0,3,1,0.0,6.962243464266207
One Dollar Curry,2004.0,89.0,Comedy,5.6,39.0,3024.0,2462.0,715.0,2602.0,3,0,4.0,3.6888794541139363
One More...,2012.0,90.0,"Drama, Sport",6.8,13.0,2630.0,1018.0,570.0,2853.0,2,1,7.0,2.6390573296152584
One Night Out,2018.0,129.0,Thriller,7.0,15.0,2231.0,969.0,773.0,1030.0,3,0,18.0,2.772588722239781
One Night Stand,2016.0,97.0,"Drama, Romance",3.1,1167.0,1059.0,2331.0,2559.0,1617.0,3,1,7.0,7.0630481633881725
One Two Three,2008.0,135.0,"Comedy, Crime",5.3,2511.0,393.0,2376.0,2552.0,1774.0,3,1,4.0,7.828834527588089
Online Gurukul,2017.0,,"Comedy, Crime, Horror",5.1,22.0,876.0,55.0,729.0,937.0,3,1,4.0,3.1354942159291497
Only You,1999.0,150.0,"Romance, Drama",6.1,1426.0,101.0,1971.0,1776.0,2756.0,3,1,15.0,7.2633296174768365
Oonch Neech Beech,1989.0,126.0,"Drama, Family",6.4,11.0,3095.0,1593.0,2202.0,2417.0,3,1,7.0,2.4849066497880004
Oonche Log,1985.0,,"Drama, Family",5.9,40.0,546.0,1702.0,2149.0,1831.0,3,1,7.0,3.713572066704308
Oonche Log,1965.0,144.0,"Drama, Romance, Thriller",7.4,46.0,1824.0,376.0,1813.0,795.0,3,1,7.0,3.8501476017100584
Oonga,2013.0,98.0,"Adventure, Drama",6.9,51.0,675.0,1726.0,2257.0,1898.0,3,1,1.0,3.9512437185814275
Ooops a Desi,2013.0,126.0,Thriller,6.2,176.0,554.0,518.0,1726.0,85.0,3,0,18.0,5.176149732573829
Oops!,2003.0,109.0,"Comedy, Drama",3.5,93.0,658.0,1054.0,2770.0,86.0,3,1,4.0,4.543294782270004
Opera House,1961.0,107.0,"Action, Crime, Drama",5.5,14.0,1767.0,1996.0,96.0,1106.0,3,1,0.0,2.70805020110221
Operation Jackpot,1968.0,146.0,"Action, Mystery",8.0,26.0,702.0,2315.0,1599.0,2020.0,3,1,0.0,3.295836866004329
Operation Parindey,2020.0,60.0,"Action, Drama, Thriller",4.7,349.0,2448.0,203.0,2078.0,1956.0,3,1,0.0,5.857933154483459
Opium Royale,2005.0,,"Comedy, Drama",6.6,17.0,710.0,2385.0,2681.0,2853.0,0,1,4.0,2.8903717578961645
Oraalppokkam,2014.0,99.0,"Drama, Fantasy, Mystery",7.0,108.0,2426.0,1567.0,1354.0,2310.0,3,1,7.0,4.6913478822291435
Ormakal Marikkumo?,1977.0,150.0,Drama,6.6,23.0,1187.0,982.0,2375.0,1044.0,3,0,7.0,3.1780538303479458
Oru Kaidhiyin Diary,1985.0,152.0,"Crime, Drama, Thriller",7.0,230.0,502.0,982.0,2012.0,1938.0,3,1,5.0,5.442417710521793
Ottran,2003.0,,Action,5.6,70.0,970.0,332.0,2430.0,2356.0,3,0,0.0,4.2626798770413155
Out of a Jam,2015.0,59.0,Documentary,8.5,16.0,2565.0,1138.0,1945.0,2717.0,3,0,6.0,2.833213344056216
Out of Control,2003.0,124.0,"Comedy, Drama, Romance",3.3,241.0,312.0,1747.0,2035.0,559.0,3,1,4.0,5.488937726156687
Overtime,2012.0,114.0,Drama,4.8,25.0,128.0,718.0,1947.0,1865.0,3,0,7.0,3.258096538021482
Oye Lucky! Lucky Oye!,2008.0,125.0,"Action, Comedy, Crime",7.7,16700.0,709.0,34.0,1665.0,1667.0,3,1,0.0,9.723223876851618
P Se PM Tak,2015.0,123.0,"Comedy, Drama",3.9,80.0,1357.0,1275.0,862.0,503.0,3,1,4.0,4.394449154672439
P Se Pyaar F Se Faraar,2019.0,131.0,"Crime, Drama, Romance",6.8,641.0,1496.0,472.0,960.0,1258.0,3,1,5.0,6.464588303689961
Paa,2009.0,133.0,"Comedy, Drama",7.2,11492.0,1948.0,206.0,42.0,2917.0,3,1,4.0,9.349493433368758
Paagalpan,2001.0,146.0,Romance,6.5,40.0,1128.0,1020.0,14.0,751.0,3,0,15.0,3.713572066704308
Paak,2018.0,,Drama,8.0,23.0,2764.0,339.0,1909.0,1699.0,3,0,7.0,3.1780538303479458
Paan Singh Tomar,2012.0,135.0,"Action, Biography, Crime",8.2,34161.0,2908.0,853.0,1248.0,1999.0,3,1,0.0,10.438869194198006
Paanch,2003.0,130.0,"Crime, Thriller",7.7,2200.0,299.0,1039.0,65.0,1085.0,3,1,5.0,7.696667081526462
Paanch Fauladi,1988.0,,"Action, Drama",4.2,11.0,1560.0,1938.0,1852.0,544.0,3,1,0.0,2.4849066497880004
Paanch Papi,1989.0,,Action,3.6,14.0,2616.0,810.0,1759.0,548.0,3,0,0.0,2.70805020110221
Paanch Qaidi,1981.0,137.0,"Action, Adventure",6.2,25.0,2616.0,1169.0,2221.0,203.0,3,1,0.0,3.258096538021482
Paandav,1995.0,132.0,"Action, Drama",4.1,541.0,2019.0,145.0,1496.0,1884.0,3,1,0.0,6.295266001439646
Paap,2003.0,120.0,"Action, Drama, Romance",5.1,806.0,1834.0,937.0,2672.0,1501.0,3,1,0.0,6.693323668269949
Paap Aur Punya,1974.0,,"Musical, Romance",7.1,26.0,1905.0,2082.0,2312.0,111.0,3,1,13.0,3.295836866004329
Paap Ka Ant,1989.0,,"Action, Drama, Romance",3.9,68.0,3020.0,1702.0,818.0,868.0,3,1,0.0,4.23410650459726
Paap Ki Aandhi,1991.0,,"Action, Drama",3.7,33.0,1535.0,631.0,63.0,785.0,3,1,0.0,3.5263605246161616
Paap Ki Duniya,1988.0,168.0,"Action, Drama, Romance",5.0,103.0,2616.0,2270.0,1547.0,1845.0,3,1,0.0,4.6443908991413725
Paap Ki Kamaee,1990.0,160.0,Action,5.2,29.0,1268.0,1840.0,2186.0,1494.0,3,0,0.0,3.4011973816621555
Paap Ko Jalaa Kar Raakh Kar Doonga,1988.0,153.0,Crime,5.4,67.0,1179.0,631.0,763.0,264.0,3,0,5.0,4.219507705176107
Paapi,1977.0,,"Action, Crime, Drama",7.3,51.0,1742.0,2262.0,2202.0,3058.0,3,1,0.0,3.9512437185814275
Paapi - Ek Satya Katha,2013.0,115.0,Crime,3.8,27.0,429.0,358.0,1706.0,1851.0,3,0,5.0,3.332204510175204
Paapi Pet Ka Sawaal Hai,1984.0,,Drama,5.4,21.0,2690.0,1702.0,934.0,2480.0,3,0,7.0,3.091042453358316
Paappi Devataa,1995.0,,"Action, Drama",4.5,54.0,918.0,631.0,949.0,1039.0,3,1,0.0,4.007333185232471
Paar,1984.0,141.0,Drama,7.6,450.0,855.0,1405.0,2263.0,2871.0,3,0,7.0,6.111467339502679
Paathshaala,2010.0,122.0,"Drama, Family",4.9,1660.0,1548.0,68.0,1490.0,2429.0,3,1,7.0,7.415175109613295
Paayal,1992.0,150.0,"Comedy, Drama, Romance",3.3,26.0,1418.0,455.0,824.0,789.0,3,1,4.0,3.295836866004329
Paayum Puli,1985.0,130.0,Action,6.7,138.0,2339.0,1711.0,1819.0,3.0,3,0,0.0,4.9344739331306915
Pad Man,2018.0,140.0,"Comedy, Drama",7.9,22611.0,1948.0,145.0,1827.0,2628.0,3,1,4.0,10.026236017795181
Padatik,1973.0,98.0,Drama,7.1,230.0,1594.0,640.0,2426.0,1861.0,3,0,7.0,5.442417710521793
Padikkathavan,1985.0,129.0,Drama,7.1,346.0,2044.0,1711.0,150.0,2927.0,3,0,7.0,5.849324779946859
Padmaavat,2018.0,164.0,"Drama, History, Romance",7.0,28573.0,2457.0,608.0,1966.0,2429.0,3,1,7.0,10.260252492425103
Padmashree Laloo Prasad Yadav,2005.0,162.0,Comedy,2.4,185.0,1428.0,2266.0,1346.0,1349.0,3,0,4.0,5.225746673713202
Padosan,1968.0,157.0,"Comedy, Musical, Romance",8.1,6443.0,1138.0,2262.0,2129.0,1469.0,3,1,4.0,8.770904744296866
Padosi,1941.0,135.0,Drama,7.2,12.0,2579.0,1270.0,721.0,239.0,3,0,7.0,2.5649493574615367
Padosi Ki Biwi,1988.0,,Thriller,3.3,7.0,1560.0,603.0,338.0,1813.0,3,0,18.0,2.0794415416798357
Pagalpanti,2019.0,149.0,"Action, Comedy",3.2,2118.0,244.0,250.0,969.0,951.0,3,1,0.0,7.6586995582682995
Pagdi: The Honour,2014.0,98.0,"Drama, Family",5.8,31.0,2055.0,1797.0,2839.0,1687.0,3,1,7.0,3.4657359027997265
Page 16,2018.0,112.0,"Horror, Mystery",3.9,31.0,2570.0,365.0,461.0,1209.0,3,1,11.0,3.4657359027997265
Page 3,2005.0,139.0,Drama,7.3,6712.0,1412.0,1074.0,378.0,2321.0,3,0,7.0,8.811801223938751
Pagglait,2021.0,114.0,"Comedy, Drama",6.9,7043.0,2932.0,1983.0,2254.0,2486.0,3,1,4.0,8.859931469616097
Pagla Kahin Ka,1970.0,,"Drama, Romance",7.2,79.0,2563.0,2058.0,337.0,1872.0,3,1,7.0,4.382026634673881
Pagleaazam,2020.0,123.0,Comedy,6.7,10.0,3033.0,314.0,66.0,1378.0,3,0,4.0,2.3978952727983707
Paharganj,2019.0,108.0,"Crime, Drama, Mystery",4.5,786.0,2135.0,1142.0,462.0,1665.0,3,1,5.0,6.668228248417403
Paheli,1977.0,131.0,"Drama, Family",7.6,33.0,1885.0,2010.0,1487.0,54.0,3,1,7.0,3.5263605246161616
Paheli,2005.0,140.0,"Comedy, Drama, Fantasy",6.5,12727.0,214.0,2038.0,1958.0,312.0,3,1,4.0,9.451559570017622
Paigham,1959.0,188.0,"Comedy, Drama",7.0,85.0,2347.0,657.0,1813.0,3012.0,3,1,4.0,4.454347296253507
Pailwaan,2019.0,166.0,"Action, Drama, Sport",6.4,1671.0,2303.0,2266.0,2502.0,2751.0,3,1,0.0,7.421775793644647
Painter Babu,1983.0,,Romance,3.6,21.0,368.0,378.0,1899.0,1452.0,3,0,15.0,3.091042453358316
Painting Life,2018.0,145.0,Drama,6.3,7.0,520.0,1567.0,746.0,2168.0,3,0,7.0,2.0794415416798357
Paisa Hi Paisa,1956.0,88.0,Comedy,6.5,11.0,1534.0,1067.0,1258.0,2437.0,3,0,4.0,2.4849066497880004
Paisa Vasool,2004.0,139.0,"Action, Comedy, Crime",4.1,142.0,2714.0,1214.0,2584.0,2751.0,3,1,0.0,4.962844630259907
Paisa Ya Pyar,1969.0,165.0,"Comedy, Drama, Romance",4.9,11.0,1068.0,376.0,1258.0,545.0,3,1,4.0,2.4849066497880004
Paisa Yeh Paisa,1985.0,,"Action, Crime, Drama",5.0,22.0,2690.0,495.0,772.0,1732.0,3,1,0.0,3.1354942159291497
Paise Ki Gudiya,1974.0,,"Drama, Family",6.1,16.0,546.0,376.0,1527.0,2273.0,3,1,7.0,2.833213344056216
Pakhandi,1984.0,138.0,Drama,6.5,26.0,2417.0,2082.0,2202.0,3058.0,3,0,7.0,3.295836866004329
Pakhi,2018.0,100.0,Crime,6.5,8.0,2364.0,278.0,2535.0,2584.0,3,0,5.0,2.1972245773362196
Pal Pal Dil Ke Paas,2019.0,154.0,"Action, Drama, Romance",4.6,1033.0,2814.0,1012.0,2120.0,1119.0,3,1,0.0,6.9411900550683745
Pal Pal Dil Ke Ssaat,2009.0,,Romance,4.3,12.0,2947.0,111.0,1248.0,2980.0,3,0,15.0,2.5649493574615367
Palay Khan,1986.0,145.0,"Action, Thriller",6.5,48.0,356.0,870.0,1714.0,785.0,3,1,0.0,3.8918202981106265
Palki,1967.0,160.0,"Drama, Family, Musical",5.5,35.0,1425.0,1884.0,1882.0,3014.0,3,1,7.0,3.58351893845611
Palkon Ki Chhaon Mein,1977.0,127.0,"Drama, Romance",7.6,67.0,1537.0,1702.0,818.0,427.0,3,1,7.0,4.219507705176107
Paltan,2018.0,150.0,"Action, Drama, History",5.3,939.0,1017.0,870.0,300.0,2637.0,3,1,0.0,6.84587987526405
Panaah,1992.0,156.0,"Action, Drama",6.5,43.0,1333.0,1405.0,1749.0,1761.0,3,1,0.0,3.784189633918261
Pancha Thanthram,1974.0,141.0,"Action, Drama, Fantasy",6.4,16.0,2501.0,1604.0,68.0,475.0,3,1,0.0,2.833213344056216
Panchaali,2018.0,49.0,Action,5.9,17.0,2702.0,300.0,2539.0,2042.0,3,0,0.0,2.8903717578961645
Panchakshari,2010.0,129.0,"Drama, Fantasy, Thriller",3.9,127.0,2425.0,305.0,2170.0,1832.0,3,1,7.0,4.852030263919617
Pancham Unmixed: Mujhe Chalte Jaana Hai ...,2008.0,113.0,Documentary,8.6,43.0,544.0,268.0,770.0,224.0,3,0,6.0,3.784189633918261
Panchamirtham,2008.0,131.0,Comedy,7.3,9.0,2120.0,316.0,1208.0,2131.0,3,0,4.0,2.302585092994046
Panchayat,1958.0,134.0,"Drama, Family",6.8,13.0,1381.0,1635.0,1652.0,2566.0,3,1,7.0,2.6390573296152584
Panchlait,2017.0,,Drama,8.4,77.0,1913.0,209.0,2839.0,563.0,3,0,7.0,4.356708826689592
Panchvati,1986.0,,"Drama, Family",6.9,12.0,474.0,2025.0,1470.0,126.0,3,1,7.0,2.5649493574615367
Pandavas 5,2013.0,,Animation,6.1,8.0,2298.0,2385.0,2681.0,2853.0,0,0,2.0,2.1972245773362196
Pandavas: The Five Warriors,2000.0,110.0,"Animation, Action, Drama",4.3,33.0,2939.0,2385.0,2681.0,2853.0,0,1,2.0,3.5263605246161616
Pandi Durai,1992.0,,Drama,4.2,9.0,1499.0,765.0,1319.0,1270.0,3,0,7.0,2.302585092994046
Pandian,1992.0,149.0,"Action, Crime",5.2,210.0,2339.0,1711.0,1162.0,340.0,3,1,0.0,5.351858133476067
Pandit Aur Pathan,1977.0,,"Action, Crime, Drama",5.4,9.0,1114.0,1055.0,1542.0,1469.0,3,1,0.0,2.302585092994046
Pandit Bhimsen Joshi,1992.0,,Documentary,8.3,7.0,869.0,2385.0,2681.0,2853.0,0,0,6.0,2.0794415416798357
Panga,2020.0,131.0,"Drama, Sport",6.8,5455.0,396.0,997.0,926.0,2144.0,3,1,7.0,8.604471199523298
Panipat,2019.0,165.0,"Action, Drama, History",5.3,4426.0,391.0,327.0,2195.0,1244.0,3,1,0.0,8.395477432732141
Pankh,2010.0,98.0,Drama,3.7,125.0,2758.0,498.0,1195.0,1349.0,3,0,7.0,4.836281906951478
Papa Kahte Hain,1996.0,143.0,Comedy,4.6,206.0,1422.0,296.0,980.0,1445.0,3,0,4.0,5.332718793265369
Papa the Great,2000.0,143.0,Family,5.5,67.0,491.0,1077.0,1475.0,2380.0,3,0,8.0,4.219507705176107
Papeeha,1993.0,,Drama,7.6,17.0,2384.0,1296.0,2732.0,1951.0,3,0,7.0,2.8903717578961645
Papi,1953.0,111.0,"Crime, Drama",7.6,53.0,585.0,1400.0,1853.0,753.0,3,1,5.0,3.9889840465642745
Papi Gudia,1996.0,130.0,"Horror, Thriller",2.2,221.0,1373.0,410.0,1065.0,2820.0,3,1,11.0,5.402677381872279
Pappu Can't Dance Saala,2010.0,138.0,"Comedy, Drama, Romance",6.5,447.0,2524.0,2476.0,1564.0,1988.0,3,1,4.0,6.104793232414985
Pappu Ki Pugdandi,2015.0,83.0,Drama,6.0,13.0,2529.0,295.0,928.0,1431.0,3,0,7.0,2.6390573296152584
Param Dharam,1987.0,125.0,"Action, Crime, Drama",5.9,22.0,2857.0,1731.0,1401.0,1544.0,3,1,0.0,3.1354942159291497
Param Vir Chakra,1995.0,170.0,War,6.7,52.0,377.0,1910.0,1137.0,920.0,3,0,20.0,3.970291913552122
Paramaatma,1994.0,152.0,"Action, Drama, Fantasy",6.5,47.0,472.0,1304.0,982.0,207.0,3,1,0.0,3.871201010907891
Parampara,1993.0,155.0,"Action, Drama, Romance",5.7,1055.0,3106.0,2262.0,2791.0,11.0,3,1,0.0,6.962243464266207
Parampara,1986.0,,Unknown,4.0,5.0,1864.0,2385.0,2681.0,2853.0,0,0,19.0,1.791759469228055
Paranthe Wali Gali,2014.0,101.0,"Drama, Romance",5.0,87.0,2364.0,1318.0,2850.0,2941.0,3,1,7.0,4.477336814478207
Paras,1949.0,,Drama,7.0,6.0,237.0,989.0,1230.0,183.0,3,0,7.0,1.9459101490553132
Paras,1971.0,147.0,"Drama, Family",6.2,28.0,558.0,1980.0,1921.0,2480.0,3,1,7.0,3.367295829986474
Parasmani,1963.0,137.0,"Adventure, Drama, Fantasy",6.4,41.0,458.0,758.0,1251.0,1599.0,3,1,1.0,3.7376696182833684
Parasuram,2003.0,142.0,"Action, Drama",4.3,46.0,327.0,31.0,1846.0,1204.0,3,1,0.0,3.8501476017100584
Paraya Dhan,1971.0,,"Drama, Thriller",6.4,59.0,2063.0,809.0,1920.0,481.0,3,1,7.0,4.0943445622221
Paraya Ghar,1989.0,125.0,"Drama, Family",6.2,28.0,1206.0,1835.0,934.0,1965.0,3,1,7.0,3.367295829986474
Parbat Ke Us Paar,1988.0,,"Drama, Romance",4.6,5.0,2162.0,43.0,1199.0,504.0,3,1,7.0,1.791759469228055
Parbat Pe Apna Dera,1944.0,,Romance,6.7,6.0,2579.0,2410.0,2673.0,2452.0,3,0,15.0,1.9459101490553132
Parched,2015.0,116.0,Drama,7.6,4954.0,1379.0,2330.0,1827.0,2748.0,3,0,7.0,8.508152446764088
Parchhain,1952.0,,"Drama, Family",5.8,16.0,2579.0,2064.0,941.0,2320.0,3,1,7.0,2.833213344056216
Parchhaiyan,1972.0,129.0,Drama,6.4,10.0,2586.0,2487.0,2011.0,538.0,3,0,7.0,2.3978952727983707
Parda Hai Parda,1992.0,128.0,"Crime, Romance, Thriller",7.1,25.0,1146.0,1126.0,1654.0,66.0,3,1,5.0,3.258096538021482
Parde Ke Peechey,1971.0,,Action,5.9,10.0,1160.0,2489.0,2844.0,1845.0,3,0,0.0,2.3978952727983707
Pardes,1997.0,191.0,"Drama, Musical, Romance",7.0,14018.0,2730.0,2038.0,1249.0,207.0,3,1,7.0,9.548168831368535
Pardes,1950.0,,"Drama, Family",7.8,15.0,1391.0,1165.0,2002.0,1160.0,3,1,7.0,2.772588722239781
Pardesi,1957.0,152.0,"Adventure, Biography, History",7.0,103.0,1291.0,2421.0,1769.0,481.0,3,1,1.0,4.6443908991413725
Pardesi,1970.0,190.0,Mystery,6.2,12.0,1356.0,1357.0,474.0,1140.0,3,0,14.0,2.5649493574615367
Pardesi,1993.0,,Action,4.8,20.0,2019.0,1304.0,2531.0,2895.0,3,0,0.0,3.044522437723423
Pardesi Babu,1998.0,,"Action, Comedy, Drama",5.1,392.0,1489.0,767.0,1980.0,2511.0,3,1,0.0,5.973809611869261
Pareeksha,2020.0,120.0,Drama,8.1,2921.0,1864.0,69.0,1783.0,2533.0,3,0,7.0,7.980023592310645
Pareshaan Parinda,2018.0,112.0,"Action, Romance",4.8,13.0,682.0,1281.0,2138.0,444.0,3,1,0.0,2.6390573296152584
Pari,2018.0,136.0,"Fantasy, Horror, Mystery",6.6,5900.0,1928.0,304.0,1662.0,1988.0,3,1,9.0,8.682877107057168
Parichay,1972.0,145.0,"Drama, Family, Musical",7.5,827.0,869.0,919.0,933.0,1845.0,3,1,7.0,6.71901315438526
Parinati,1989.0,125.0,Drama,7.2,53.0,1864.0,447.0,2566.0,2676.0,3,0,7.0,3.9889840465642745
Parinda,1989.0,154.0,"Action, Crime, Drama",7.8,3168.0,3000.0,870.0,207.0,1606.0,3,1,0.0,8.06117135969092
Parineeta,2005.0,130.0,"Drama, Musical, Romance",7.2,8867.0,1855.0,2436.0,2126.0,2330.0,3,1,7.0,9.090204570736201
Parivaar,1987.0,,"Drama, Family",7.0,51.0,2598.0,1304.0,1357.0,2438.0,3,1,7.0,3.9512437185814275
Parivar,1956.0,,"Comedy, Drama, Family",7.4,21.0,398.0,1067.0,2697.0,754.0,3,1,4.0,3.091042453358316
Parivar,1968.0,165.0,"Comedy, Drama",6.3,23.0,1280.0,919.0,1493.0,1745.0,3,1,4.0,3.1780538303479458
Parmanu: The Story of Pokhran,2018.0,129.0,"Action, Drama, History",7.6,21773.0,69.0,937.0,481.0,712.0,3,1,0.0,9.988471876441125
Parmatma,1978.0,,"Adventure, Drama, Family",4.7,11.0,565.0,2084.0,2003.0,371.0,3,1,1.0,2.4849066497880004
Paroma,1985.0,139.0,Drama,6.6,160.0,307.0,1735.0,276.0,1565.0,3,0,7.0,5.081404364984463
Partner,2007.0,155.0,"Comedy, Drama, Romance",5.8,11787.0,629.0,1939.0,763.0,1289.0,3,1,4.0,9.374837343857585
Party,1984.0,110.0,Drama,7.2,494.0,861.0,591.0,849.0,2034.0,3,0,7.0,6.20455776256869
Parvarish,1958.0,129.0,"Drama, Family",6.8,71.0,2305.0,1670.0,1258.0,1286.0,3,1,7.0,4.276666119016055
Parvarish,1977.0,162.0,"Action, Crime, Drama",6.9,930.0,1482.0,2058.0,173.0,2981.0,3,1,0.0,6.836259277277067
Parwana,1971.0,93.0,"Romance, Thriller",6.8,188.0,1138.0,1425.0,173.0,3035.0,3,1,15.0,5.241747015059643
Parwana,1947.0,,"Drama, Music",7.5,15.0,1016.0,967.0,2564.0,1594.0,3,1,7.0,2.772588722239781
Parwana,2003.0,112.0,"Action, Drama, Romance",2.2,284.0,646.0,108.0,153.0,1802.0,3,1,0.0,5.652489180268651
Parwane,1993.0,,"Action, Crime, Drama",5.2,17.0,373.0,2144.0,2358.0,439.0,3,1,0.0,2.8903717578961645
Parzania,2005.0,116.0,"Drama, History",7.6,1379.0,2000.0,1405.0,552.0,2358.0,3,1,7.0,7.22983877815125
Pasand Apni Apni,1983.0,,Comedy,7.0,85.0,475.0,1304.0,1975.0,2871.0,3,0,4.0,4.454347296253507
Passport,1961.0,127.0,"Crime, Drama",6.9,26.0,1872.0,1165.0,1723.0,1106.0,3,1,5.0,3.295836866004329
Pataakha,2018.0,134.0,"Action, Comedy, Drama",7.2,3824.0,3070.0,1983.0,1828.0,2714.0,3,1,0.0,8.249313746260636
Pataal Bhairavi,1985.0,148.0,"Fantasy, Drama",5.7,72.0,1146.0,919.0,934.0,1845.0,3,1,9.0,4.290459441148391
Patang,1993.0,100.0,Drama,7.1,19.0,855.0,2030.0,2268.0,1746.0,3,0,7.0,2.995732273553991
Patang,1960.0,,"Comedy, Crime, Drama",6.4,19.0,904.0,2282.0,1258.0,1997.0,3,1,4.0,2.995732273553991
Patang,2011.0,93.0,Drama,6.2,306.0,1880.0,1428.0,1451.0,2410.0,3,0,7.0,5.726847747587197
Patanga,1971.0,138.0,"Action, Comedy, Drama",5.5,17.0,1269.0,2082.0,2782.0,111.0,3,1,0.0,2.8903717578961645
Patanga,1949.0,143.0,"Comedy, Romance",6.4,26.0,919.0,1452.0,2409.0,1973.0,3,1,4.0,3.295836866004329
Patel Ki Punjabi Shaadi,2017.0,120.0,Comedy,4.1,342.0,2444.0,1835.0,1665.0,2986.0,3,0,4.0,5.8377304471659395
Pathan,1962.0,,"Drama, Family",4.0,14.0,407.0,1603.0,1455.0,1429.0,3,1,7.0,2.70805020110221
Pathar Ke Insan,1990.0,,"Action, Drama, Thriller",5.0,61.0,2640.0,2487.0,2488.0,988.0,3,1,0.0,4.127134385045092
Pathreela Raasta,1994.0,,Action,3.9,9.0,118.0,662.0,2717.0,2247.0,3,0,0.0,2.302585092994046
Paththar,1985.0,109.0,Crime,4.6,15.0,646.0,1494.0,261.0,670.0,3,0,5.0,2.772588722239781
Pati Parmeshwar,1990.0,,"Drama, Family",3.2,11.0,1406.0,662.0,2347.0,2670.0,3,1,7.0,2.4849066497880004
Pati Patni,1966.0,159.0,"Comedy, Drama, Family",6.2,29.0,2320.0,1980.0,1493.0,1567.0,3,1,4.0,3.4011973816621555
Pati Patni Aur Tawaif,1990.0,,"Drama, Family",4.3,42.0,2107.0,1938.0,794.0,544.0,3,1,7.0,3.7612001156935624
Pati Patni Aur Woh,1978.0,141.0,"Comedy, Romance",7.1,447.0,446.0,1980.0,2747.0,2083.0,3,1,4.0,6.104793232414985
Pati Patni Aur Woh,2019.0,126.0,"Comedy, Romance",5.7,6166.0,1597.0,1027.0,460.0,235.0,3,1,4.0,8.726967774991493
Patiala Dreamz,2014.0,120.0,Drama,4.0,8.0,68.0,1999.0,2694.0,198.0,3,0,7.0,2.1972245773362196
Patiala House,2011.0,140.0,"Drama, Sport",5.6,8780.0,1715.0,1835.0,629.0,136.0,3,1,7.0,9.080345575359996
Patita,1953.0,143.0,Drama,7.8,64.0,211.0,616.0,2697.0,88.0,3,0,7.0,4.174387269895637
Patita,1980.0,125.0,Drama,5.8,24.0,969.0,2112.0,2775.0,1971.0,3,0,7.0,3.2188758248682006
Pativrata,1965.0,,Unknown,7.8,8.0,1769.0,2379.0,1902.0,2853.0,2,0,19.0,2.1972245773362196
Patli Kamar Lambe Baal,2004.0,83.0,Drama,4.3,7.0,573.0,202.0,627.0,1922.0,3,0,7.0,2.0794415416798357
Pattathu Yaanai,2013.0,155.0,Action,3.8,151.0,541.0,1367.0,83.0,3037.0,3,0,0.0,5.0238805208462765
Patth,2003.0,157.0,Drama,4.6,29.0,2636.0,2068.0,1690.0,945.0,3,0,7.0,3.4011973816621555
Patthar Aur Payal,1974.0,150.0,"Action, Drama",6.6,57.0,918.0,631.0,818.0,2981.0,3,1,0.0,4.060443010546419
Patthar Aur Payal,2000.0,,Action,5.4,5.0,932.0,631.0,1992.0,252.0,3,0,0.0,1.791759469228055
Patthar Dil,1985.0,,"Drama, Romance",5.2,6.0,2823.0,1507.0,562.0,1110.0,3,1,7.0,1.9459101490553132
Patthar Ke Phool,1991.0,155.0,"Action, Drama, Romance",5.6,1004.0,235.0,1939.0,1980.0,1209.0,3,1,0.0,6.912742820493176
Patthar Ke Sanam,1967.0,136.0,"Action, Drama, Musical",6.6,141.0,2032.0,2511.0,1308.0,1567.0,3,1,0.0,4.955827057601261
Pavitra Paapi,1970.0,152.0,Drama,8.0,49.0,2063.0,442.0,2623.0,1777.0,3,0,7.0,3.912023005428146
Payaase Panchhi,1961.0,139.0,Comedy,7.0,9.0,925.0,1288.0,155.0,1057.0,3,0,4.0,2.302585092994046
Payal,1957.0,,"Drama, Family",6.1,7.0,1125.0,2262.0,1645.0,1952.0,3,1,7.0,2.0794415416798357
Payal Ki Jhankaar,1980.0,114.0,Romance,5.6,18.0,2519.0,149.0,2069.0,2744.0,3,0,15.0,2.9444389791664403
Payal Ki Jhankar,1968.0,132.0,"Action, Adventure, Comedy",4.4,12.0,1403.0,1067.0,986.0,2032.0,3,1,0.0,2.5649493574615367
Payame Haq,1939.0,,"Adventure, Drama",4.6,7.0,701.0,251.0,343.0,413.0,3,1,1.0,2.0794415416798357
Payback,2010.0,115.0,"Action, Crime, Drama",5.5,65.0,2367.0,774.0,1460.0,3049.0,3,1,0.0,4.189654742026425
Paying Guest,1957.0,157.0,"Comedy, Crime, Drama",7.1,225.0,2736.0,616.0,1628.0,805.0,3,1,4.0,5.420534999272286
Paying Guests,2009.0,109.0,"Comedy, Drama",4.2,510.0,1801.0,2121.0,929.0,24.0,3,1,4.0,6.236369590203704
Pazhani,2008.0,159.0,"Action, Drama",2.8,114.0,1822.0,466.0,1009.0,1270.0,3,1,0.0,4.74493212836325
Peda Rayudu,1995.0,165.0,"Action, Drama",7.2,543.0,2222.0,1312.0,1897.0,500.0,3,1,0.0,6.298949246855942
Peddlers,2012.0,116.0,"Drama, Thriller",7.0,83.0,2975.0,773.0,1130.0,2578.0,3,1,7.0,4.430816798843313
Peechha Karro,1986.0,114.0,"Comedy, Thriller",6.4,150.0,1785.0,1794.0,472.0,948.0,3,1,4.0,5.017279836814924
Peepli [Live],2010.0,95.0,"Comedy, Drama",7.4,11954.0,302.0,1177.0,1634.0,1951.0,3,1,4.0,9.388904879892426
Pehchaan,1993.0,138.0,"Action, Drama, Thriller",4.4,152.0,655.0,2266.0,2126.0,2512.0,3,1,0.0,5.030437921392435
Pehchaan: The Face of Truth,2005.0,173.0,Drama,5.7,60.0,2644.0,2487.0,1975.0,2107.0,3,0,7.0,4.110873864173311
Pehchan,1970.0,,"Drama, Family, Musical",5.0,25.0,2690.0,1230.0,411.0,481.0,3,1,7.0,3.258096538021482
Pehla Aadmi,1950.0,,"Drama, History",7.1,7.0,525.0,2166.0,2486.0,1624.0,3,1,7.0,2.0794415416798357
Pehla Adhyay,1981.0,130.0,Drama,8.0,7.0,3077.0,1156.0,634.0,2853.0,2,0,7.0,2.0794415416798357
Pehla Nasha,1993.0,131.0,"Mystery, Romance, Thriller",4.9,325.0,391.0,605.0,1707.0,2107.0,3,1,14.0,5.786897381366708
Pehla Pehla Pyar,1994.0,,"Comedy, Drama, Romance",5.1,109.0,1485.0,1835.0,2607.0,312.0,3,1,4.0,4.700480365792417
Pehla Sitara,2012.0,,Romance,7.0,17.0,1750.0,2183.0,264.0,2853.0,2,0,15.0,2.8903717578961645
Pehle Aap,1944.0,,Drama,7.0,6.0,41.0,2056.0,2829.0,1057.0,3,0,7.0,1.9459101490553132
Pehli Jhalak,1955.0,156.0,"Action, Comedy, Crime",6.4,18.0,1403.0,2510.0,1110.0,1845.0,3,1,0.0,2.9444389791664403
Pehli Nazar Ka Pyaar,2008.0,140.0,Romance,4.4,7.0,334.0,340.0,2765.0,2767.0,3,0,15.0,2.0794415416798357
Penalty,2019.0,128.0,Sport,5.5,783.0,2656.0,1145.0,1082.0,2468.0,3,0,17.0,6.664409020350408
Pepper Chicken,2020.0,,Thriller,6.8,281.0,2206.0,668.0,480.0,1537.0,3,0,18.0,5.641907070938114
Perfect Plan,2017.0,127.0,"Drama, Mystery, Thriller",6.2,6.0,3125.0,2536.0,1992.0,3059.0,3,1,7.0,1.9459101490553132
Periyanna,1999.0,148.0,"Action, Drama, Romance",4.8,230.0,2321.0,2450.0,1353.0,2745.0,3,1,0.0,5.442417710521793
Permission,1987.0,137.0,"Drama, Musical, Romance",8.3,1391.0,869.0,1818.0,1510.0,316.0,3,1,7.0,7.238496840894365
Pestonjee,1988.0,125.0,"Comedy, Drama",7.1,206.0,3027.0,2030.0,554.0,626.0,3,1,4.0,5.332718793265369
Pet Pyaar Aur Paap,1984.0,128.0,"Drama, Family",6.3,30.0,745.0,1667.0,2436.0,2782.0,3,1,7.0,3.4339872044851463
Phaansi,1978.0,141.0,"Action, Drama",6.6,31.0,918.0,2082.0,2528.0,2081.0,3,1,0.0,3.4657359027997265
Phaansi Ke Baad,1985.0,141.0,Drama,6.0,17.0,918.0,2084.0,818.0,2438.0,3,0,7.0,2.8903717578961645
Phagun,1958.0,,"Comedy, Drama, Musical",6.6,35.0,517.0,1165.0,448.0,1057.0,3,1,4.0,3.58351893845611
Phagun,1973.0,136.0,"Drama, Family, Romance",7.3,59.0,2093.0,631.0,2827.0,1036.0,3,1,7.0,4.0943445622221
Phamous,2018.0,115.0,"Comedy, Crime, Drama",3.8,282.0,1244.0,931.0,2393.0,1188.0,3,1,4.0,5.645446897643238
Phandebaaz,1978.0,150.0,"Action, Comedy",6.7,35.0,2417.0,631.0,1436.0,1872.0,3,1,0.0,3.58351893845611
Phantom,2015.0,136.0,"Action, Drama, Thriller",5.9,8714.0,1192.0,1925.0,1073.0,2239.0,3,1,0.0,9.07280095795412
Phas Gaye Re Obama,2010.0,108.0,"Comedy, Crime, Drama",7.5,5284.0,2731.0,1688.0,1564.0,2333.0,3,1,4.0,8.572627898304338
Phata Poster Nikhla Hero,2013.0,146.0,"Action, Comedy",4.8,4492.0,2109.0,2042.0,851.0,1756.0,3,1,0.0,8.41027590907016
Phhir,2011.0,100.0,"Drama, Mystery, Romance",5.0,186.0,833.0,1721.0,2074.0,1530.0,3,1,7.0,5.231108616854587
Phillauri,2017.0,138.0,"Comedy, Drama, Fantasy",6.1,3596.0,280.0,304.0,626.0,2731.0,3,1,4.0,8.187855443695623
Phir Aaya Satte Pe Satta,2017.0,134.0,Thriller,7.2,24.0,1954.0,1705.0,1952.0,545.0,3,0,18.0,3.2188758248682006
Phir Aayee Barsat,1985.0,,Romance,7.8,6.0,1045.0,387.0,796.0,2253.0,3,0,15.0,1.9459101490553132
Phir Bhi Dil Hai Hindustani,2000.0,160.0,"Comedy, Drama, Musical",6.2,7103.0,427.0,2038.0,982.0,1081.0,3,1,4.0,8.868413284672005
Phir Hera Pheri,2006.0,153.0,"Comedy, Crime",7.0,19525.0,1700.0,145.0,2552.0,1774.0,3,1,4.0,9.879502189785617
Phir Kab Milogi,1974.0,132.0,Romance,6.2,44.0,962.0,1181.0,474.0,692.0,3,0,15.0,3.8066624897703196
Phir Kabhi,2008.0,,"Drama, Romance",6.8,74.0,2960.0,1304.0,629.0,1111.0,3,1,7.0,4.31748811353631
Phir Milenge,2004.0,142.0,Drama,6.1,1983.0,2249.0,1939.0,42.0,2511.0,3,0,7.0,7.592870287844818
Phir Se...,2018.0,118.0,Romance,5.4,206.0,109.0,1109.0,559.0,1062.0,3,0,15.0,5.332718793265369
Phir Subha Hogi,1958.0,168.0,"Drama, Romance",7.5,81.0,2180.0,1670.0,1258.0,1550.0,3,1,7.0,4.406719247264253
Phir Tauba Tauba,2008.0,109.0,Romance,2.7,9.0,2864.0,191.0,1847.0,2233.0,3,0,15.0,2.302585092994046
Phir Teri Kahani Yaad Aayee,1993.0,105.0,"Romance, Drama",5.8,271.0,1422.0,1550.0,1847.0,1803.0,3,1,15.0,5.605802066295998
Phir Wohi Dil Laya Hoon,1963.0,,"Musical, Romance",6.9,71.0,1680.0,945.0,337.0,1998.0,3,1,13.0,4.276666119016055
Phir Wohi Raat,1980.0,146.0,"Crime, Horror, Mystery",6.6,87.0,622.0,1702.0,1094.0,371.0,3,1,5.0,4.477336814478207
Phobia,2016.0,112.0,"Drama, Mystery, Thriller",6.9,2791.0,1818.0,1639.0,180.0,1731.0,3,1,7.0,7.934513463882263
Phool,1945.0,122.0,Drama,6.5,8.0,1143.0,1612.0,2564.0,754.0,3,0,7.0,2.1972245773362196
Phool,1993.0,,Romance,4.8,103.0,2679.0,1099.0,1234.0,2713.0,3,0,15.0,4.6443908991413725
Phool Aur Aag,1999.0,,"Drama, Action, Comedy",4.9,39.0,2864.0,1304.0,900.0,339.0,3,1,7.0,3.6888794541139363
Phool Aur Angaar,1993.0,146.0,"Action, Drama",5.4,131.0,373.0,322.0,373.0,1520.0,3,1,0.0,4.882801922586371
Phool Aur Kaante,1991.0,173.0,"Action, Drama, Romance",5.8,1348.0,1338.0,108.0,1223.0,344.0,3,1,0.0,7.207118856207756
Phool Aur Patthar,1966.0,163.0,"Action, Drama, Romance",6.3,218.0,1742.0,1273.0,607.0,2478.0,3,1,0.0,5.389071729816501
Phool Bane Angaare,1963.0,,"Drama, Romance",6.0,15.0,2819.0,1181.0,1813.0,401.0,3,1,7.0,2.772588722239781
Phool Bane Angaray,1991.0,,"Action, Drama",4.6,127.0,1171.0,1818.0,1897.0,1872.0,3,1,0.0,4.852030263919617
Phool Khile Hain Gulshan Gulshan,1978.0,115.0,"Drama, Family",6.2,64.0,2675.0,1835.0,1436.0,409.0,3,1,7.0,4.174387269895637
Phoolan Hasina Ramkali,1993.0,117.0,Action,4.4,20.0,1233.0,1064.0,2506.0,2773.0,3,0,0.0,3.044522437723423
Phoolon Ki Sej,1964.0,148.0,"Drama, Romance",5.7,26.0,977.0,2510.0,358.0,266.0,3,1,7.0,3.295836866004329
Phoonk,2008.0,110.0,"Drama, Horror, Mystery",3.9,1265.0,2146.0,2230.0,183.0,94.0,3,1,7.0,7.143617602704121
Phoonk 2,2010.0,110.0,"Drama, Horror, Mystery",3.2,488.0,1545.0,2230.0,183.0,94.0,3,1,7.0,6.192362489474872
Phoring,2013.0,127.0,Drama,7.6,870.0,986.0,2174.0,103.0,2644.0,3,0,7.0,6.769641976852503
Photograph,2019.0,110.0,"Drama, Romance",6.9,4505.0,2259.0,1428.0,2208.0,2243.0,3,1,7.0,8.41316512099219
Phullu,2017.0,96.0,"Comedy, Drama",6.0,189.0,68.0,2074.0,991.0,1740.0,3,1,4.0,5.247024072160486
Phulmania,2019.0,120.0,Drama,5.4,16.0,1365.0,1073.0,1984.0,1846.0,3,0,7.0,2.833213344056216
Phulwari,1984.0,158.0,"Drama, Family",5.8,6.0,1607.0,584.0,2322.0,411.0,3,1,7.0,1.9459101490553132
Picnic,1966.0,138.0,Drama,6.2,11.0,2545.0,1230.0,404.0,2556.0,3,0,7.0,2.4849066497880004
Pied Piper,2013.0,113.0,"Comedy, Drama",6.3,23.0,3088.0,2465.0,1374.0,2030.0,3,1,4.0,3.1780538303479458
Pighalta Aasman,1985.0,155.0,"Comedy, Drama, Romance",6.1,31.0,2567.0,694.0,2321.0,2041.0,3,1,4.0,3.4657359027997265
Pihu,2016.0,91.0,"Drama, Thriller",6.7,2205.0,1241.0,1648.0,1696.0,1879.0,3,1,7.0,7.698936199813447
Piku,2015.0,123.0,"Comedy, Drama",7.6,29786.0,2643.0,608.0,173.0,970.0,3,1,4.0,10.301827335701704
Pinjar,2003.0,188.0,Drama,8.0,2633.0,576.0,2390.0,1305.0,2335.0,3,0,7.0,7.876258882303226
Pinjra,1972.0,175.0,Drama,7.9,232.0,2579.0,1084.0,2726.0,462.0,3,0,7.0,5.4510384535657
Pinjre Ke Panchhi,1966.0,,"Crime, Drama",5.8,13.0,2399.0,442.0,1355.0,1469.0,3,1,5.0,2.6390573296152584
Pink,2016.0,136.0,"Crime, Drama, Thriller",8.1,40953.0,268.0,2317.0,173.0,1212.0,3,1,5.0,10.620204764608506
Pinky Beauty Parlour,2016.0,130.0,Drama,8.4,33.0,166.0,2245.0,2810.0,1078.0,3,0,7.0,3.5263605246161616
Pinti Ka Sabun,2017.0,85.0,Drama,8.7,6.0,1875.0,647.0,2525.0,2374.0,3,0,7.0,1.9459101490553132
Pirates 1.0,2017.0,120.0,Thriller,5.9,16.0,2015.0,49.0,44.0,3052.0,3,0,18.0,2.833213344056216
Pirate's Blood,2008.0,,"Action, Horror, Thriller",4.3,40.0,1510.0,1372.0,2143.0,2281.0,3,1,0.0,3.713572066704308
Pita,1991.0,,Drama,7.0,23.0,861.0,2469.0,2237.0,968.0,3,0,7.0,3.1780538303479458
Pitaah,2002.0,126.0,"Action, Drama",6.3,693.0,1428.0,1969.0,1498.0,2243.0,3,1,0.0,6.542471960506805
"Pitra, Putra Aur Dharamyuddha",1994.0,120.0,"Documentary, Drama",8.6,124.0,230.0,2385.0,2681.0,2853.0,0,1,6.0,4.8283137373023015
Pitta Kathalu,2021.0,150.0,"Drama, Romance",5.0,627.0,1646.0,2349.0,406.0,2342.0,3,1,7.0,6.4425401664681985
Piya Ka Ghar,1972.0,134.0,"Drama, Family, Musical",6.7,210.0,475.0,248.0,933.0,427.0,3,1,7.0,5.351858133476067
Piya Milan,1958.0,132.0,"Action, Adventure, Drama",4.5,8.0,2866.0,2510.0,1870.0,1317.0,3,1,0.0,2.1972245773362196
Piya Milan,1985.0,132.0,Drama,8.3,7.0,1177.0,1313.0,494.0,2375.0,3,0,7.0,2.0794415416798357
Piya Milan Ki Aas,1961.0,,Romance,6.2,5.0,2336.0,1230.0,155.0,1057.0,3,0,15.0,1.791759469228055
Piya Pyare,1934.0,144.0,"Adventure, Fantasy",2.7,11.0,1969.0,1871.0,636.0,1071.0,3,1,1.0,2.4849066497880004
Pizza,2014.0,107.0,Horror,6.2,1147.0,160.0,146.0,1674.0,374.0,3,0,11.0,7.045776576879511
PK,2014.0,153.0,"Comedy, Drama, Musical",8.1,168150.0,2106.0,18.0,269.0,2330.0,3,1,4.0,12.0326176642218
PK Lele a Salesman,2018.0,135.0,"Comedy, Romance",5.5,11.0,1445.0,1193.0,488.0,2884.0,3,1,4.0,2.4849066497880004
Placebo,2014.0,96.0,"Documentary, Drama, Fantasy",7.7,314.0,45.0,2385.0,2681.0,2853.0,0,1,6.0,5.752572638825633
Plan,2004.0,149.0,"Action, Comedy, Crime",4.1,842.0,960.0,1969.0,1785.0,729.0,3,1,0.0,6.736966958001855
Platform,1993.0,150.0,"Action, Crime, Drama",3.7,194.0,652.0,108.0,2655.0,1890.0,3,1,0.0,5.272999558563747
Play This,2018.0,110.0,Drama,5.4,22.0,2703.0,801.0,1275.0,52.0,3,0,7.0,3.1354942159291497
Players,2012.0,163.0,"Action, Crime, Thriller",4.1,4181.0,38.0,1251.0,2791.0,48.0,3,1,0.0,8.338544879988579
Plot No. 5,1981.0,,Mystery,5.7,27.0,3120.0,2455.0,440.0,203.0,3,0,14.0,3.332204510175204
PM Narendra Modi,2019.0,136.0,"Biography, Drama",3.1,5954.0,1746.0,2508.0,1307.0,644.0,3,1,3.0,8.691986481789401
Pocket Gangsters,2015.0,110.0,"Romance, Thriller",6.5,13.0,937.0,1351.0,2371.0,1335.0,3,1,15.0,2.6390573296152584
Pocket Maar,1956.0,,"Action, Crime, Drama",7.3,39.0,919.0,616.0,744.0,1586.0,3,1,0.0,3.6888794541139363
Pocket Maar,1974.0,,"Action, Drama, Romance",6.6,48.0,2176.0,631.0,2129.0,1872.0,3,1,0.0,3.8918202981106265
Police,1958.0,,Action,6.2,8.0,1203.0,1563.0,1230.0,1586.0,3,0,0.0,2.1972245773362196
Police Aur Mujrim,1992.0,146.0,"Action, Musical, Romance",5.2,51.0,1171.0,1635.0,2791.0,1452.0,3,1,0.0,3.9512437185814275
Police Force: An Inside Story,2004.0,138.0,"Action, Crime, Drama",4.5,738.0,720.0,145.0,1980.0,207.0,3,1,0.0,6.6052979209482015
Police Ke Peechhe Police,1989.0,,Crime,4.6,8.0,447.0,2035.0,1889.0,1246.0,3,0,5.0,2.1972245773362196
Police Lock-up,1995.0,,"Action, Crime, Drama",4.2,18.0,1300.0,1901.0,707.0,504.0,3,1,0.0,2.9444389791664403
Police Officer,1992.0,158.0,Action,3.4,58.0,373.0,2359.0,900.0,1175.0,3,0,0.0,4.07753744390572
Police Public,1990.0,127.0,"Crime, Thriller",6.6,141.0,759.0,2439.0,944.0,950.0,3,1,5.0,4.955827057601261
Police Wala,1993.0,155.0,Romance,4.1,13.0,2676.0,559.0,1099.0,978.0,3,0,15.0,2.6390573296152584
Policegiri,2013.0,141.0,"Action, Comedy, Crime",4.1,1374.0,1185.0,1969.0,1722.0,1840.0,3,1,0.0,7.226209010100671
Policewala Gunda,1995.0,146.0,"Action, Drama",5.0,55.0,1793.0,631.0,1998.0,1370.0,3,1,0.0,4.02535169073515
Ponga Pandit,1975.0,,"Drama, Family, Action",6.5,47.0,1905.0,1763.0,1557.0,637.0,3,1,7.0,3.871201010907891
Poochho Mere Dil Se,2004.0,132.0,"Action, Drama",4.6,10.0,1345.0,166.0,353.0,748.0,3,1,0.0,2.3978952727983707
Pooja Ke Phool,1964.0,161.0,"Musical, Drama, Family",7.0,42.0,0.0,376.0,1258.0,703.0,3,1,13.0,3.7612001156935624
Poonam,1981.0,138.0,Drama,5.2,18.0,918.0,1555.0,1852.0,2438.0,3,0,7.0,2.9444389791664403
Poonam Ki Raat,1965.0,136.0,"Romance, Thriller, Mystery",6.8,22.0,1306.0,1230.0,1496.0,1872.0,3,1,15.0,3.1354942159291497
Poorna,2017.0,100.0,"Action, Adventure, Biography",7.8,1343.0,1998.0,1583.0,58.0,1955.0,3,1,0.0,7.203405521083095
Popcorn Khao! Mast Ho Jao,2004.0,138.0,"Comedy, Drama, Romance",4.0,85.0,1194.0,144.0,2619.0,3028.0,3,1,4.0,4.454347296253507
Post Box 999,1958.0,115.0,"Action, Mystery",6.4,29.0,2234.0,2262.0,2283.0,1294.0,3,1,0.0,3.4011973816621555
Poster Boys,2017.0,128.0,Comedy,5.4,1446.0,2649.0,2270.0,479.0,2544.0,3,0,4.0,7.277247726631484
Praana,2019.0,107.0,"Crime, Drama, Horror",8.3,793.0,2960.0,1476.0,2681.0,2853.0,1,1,5.0,6.677083461247136
Prabhat,1973.0,120.0,Drama,6.9,8.0,2675.0,1865.0,2853.0,1038.0,3,0,7.0,2.1972245773362196
Prabhat pheri,2014.0,89.0,Documentary,6.6,7.0,2406.0,924.0,2681.0,2853.0,1,0,6.0,2.0794415416798357
Prague,2013.0,109.0,"Horror, Mystery, Romance",5.6,349.0,367.0,526.0,290.0,1252.0,3,1,11.0,5.857933154483459
Prahaar: The Final Attack,1991.0,166.0,"Drama, Thriller, Action",8.0,1863.0,2728.0,1389.0,1490.0,722.0,3,1,7.0,7.530479995245536
Prakash Electronic,2017.0,126.0,Comedy,4.9,9.0,1495.0,829.0,2823.0,1411.0,3,0,4.0,2.302585092994046
Pran Jaaye Par Shaan Na Jaaye,2003.0,137.0,"Comedy, Drama",6.2,324.0,2452.0,1791.0,1489.0,2157.0,3,1,4.0,5.783825182329737
Pran Jaye Par Vachan Na Jaye,1974.0,,"Action, Drama, Musical",6.0,19.0,2304.0,2262.0,2003.0,538.0,3,1,0.0,2.995732273553991
Pranaam,2019.0,120.0,"Action, Crime, Drama",4.3,273.0,2477.0,1693.0,378.0,42.0,3,1,0.0,5.6131281063880705
Pranali: The Tradition,2008.0,,"Crime, Drama",6.0,37.0,961.0,1401.0,2685.0,2670.0,3,1,5.0,3.6375861597263857
Prarambh,2004.0,83.0,Drama,6.8,21.0,1343.0,1351.0,2433.0,2444.0,3,0,7.0,3.091042453358316
Prassthanam,2019.0,141.0,"Action, Drama",5.9,1265.0,672.0,1969.0,900.0,148.0,3,1,0.0,7.143617602704121
Prateeksha,1993.0,,"Action, Crime",5.2,32.0,1373.0,919.0,1436.0,2982.0,3,1,0.0,3.4965075614664802
Prateeksha,2006.0,150.0,Romance,5.5,47.0,475.0,931.0,617.0,312.0,3,0,15.0,3.871201010907891
Pratha,2002.0,,"Action, Drama, Thriller",6.2,34.0,2028.0,594.0,879.0,408.0,3,1,0.0,3.5553480614894135
Pratibandh,1990.0,159.0,"Action, Drama",6.0,128.0,2222.0,550.0,982.0,2061.0,3,1,0.0,4.859812404361672
Pratibimbo,2020.0,21.0,"Crime, Drama, Mystery",7.8,8.0,3115.0,1336.0,1786.0,47.0,3,1,5.0,2.1972245773362196
Pratidhwani,1993.0,,Action,5.0,7.0,1309.0,2428.0,524.0,595.0,3,0,0.0,2.0794415416798357
Pratiggya,1975.0,,"Action, Comedy, Drama",7.2,295.0,744.0,631.0,818.0,111.0,3,1,0.0,5.69035945432406
Pratighaat,1987.0,164.0,"Action, Crime, Drama",7.0,71.0,1624.0,2242.0,327.0,595.0,3,1,0.0,4.276666119016055
Pratigyabadh,1991.0,125.0,Drama,5.5,37.0,2212.0,389.0,439.0,1494.0,3,0,7.0,3.6375861597263857
Pratikar,1991.0,150.0,"Action, Crime, Drama",4.9,105.0,2160.0,1735.0,207.0,1338.0,3,1,0.0,4.663439094112067
Pratima,1945.0,,Drama,6.2,13.0,1777.0,657.0,1452.0,2853.0,2,0,7.0,2.6390573296152584
Pratisaad: The Response,2010.0,126.0,"Biography, Drama",7.4,24.0,3114.0,1958.0,1109.0,1656.0,3,1,3.0,3.2188758248682006
Pratishodh,1981.0,121.0,Drama,6.5,18.0,2767.0,2399.0,2482.0,2238.0,3,0,7.0,2.9444389791664403
Pratyaghat,1994.0,125.0,Musical,6.7,11.0,2484.0,1577.0,866.0,2438.0,3,0,13.0,2.4849066497880004
Preet Ki Dori,1971.0,,"Action, Drama, Romance",5.8,6.0,2509.0,1523.0,2623.0,538.0,3,1,0.0,1.9459101490553132
Preet Na Jane Reet,1966.0,,Romance,6.5,28.0,2305.0,2058.0,2225.0,1624.0,3,0,15.0,3.367295829986474
Preetam,1971.0,137.0,"Comedy, Romance",6.2,27.0,496.0,2058.0,1188.0,919.0,3,1,4.0,3.332204510175204
Prem,1995.0,167.0,"Action, Drama, Romance",4.1,220.0,2508.0,1971.0,2607.0,668.0,3,1,0.0,5.3981627015177525
Prem Aggan,1998.0,168.0,"Drama, Romance",1.7,544.0,783.0,700.0,1369.0,2299.0,3,1,7.0,6.300785794663244
Prem Bandhan,1979.0,,"Adventure, Drama, Romance",6.6,37.0,2164.0,1702.0,2003.0,1544.0,3,1,1.0,3.6375861597263857
Prem Daan,1992.0,,Romance,8.0,13.0,2356.0,1482.0,1162.0,44.0,3,0,15.0,2.6390573296152584
Prem Deewane,1992.0,160.0,"Action, Comedy, Drama",5.2,220.0,2368.0,1895.0,1707.0,501.0,3,1,0.0,5.3981627015177525
Prem Geet,1981.0,150.0,Romance,7.7,67.0,2744.0,1667.0,219.0,2028.0,3,0,15.0,4.219507705176107
Prem Jung,1991.0,,Action,6.5,6.0,2351.0,172.0,1473.0,1502.0,3,0,0.0,1.9459101490553132
Prem Jyoti,1985.0,,Romance,4.9,8.0,1324.0,2215.0,2681.0,2853.0,1,0,15.0,2.1972245773362196
Prem Kaa Game,2010.0,,"Comedy, Drama",3.4,218.0,378.0,318.0,1233.0,2792.0,3,1,4.0,5.389071729816501
Prem Kahani,1937.0,87.0,"Drama, Family, Romance",5.9,12.0,787.0,376.0,1468.0,534.0,3,1,7.0,2.5649493574615367
Prem Kahani,1975.0,149.0,"Drama, Musical, Romance",6.6,150.0,2012.0,1702.0,2321.0,1567.0,3,1,7.0,5.017279836814924
Prem Nagar,1974.0,200.0,"Drama, Musical, Romance",6.3,114.0,1182.0,1702.0,818.0,1872.0,3,1,7.0,4.74493212836325
Prem Parvat,1973.0,,"Drama, Romance",6.0,8.0,2979.0,500.0,834.0,2375.0,3,1,7.0,2.1972245773362196
Prem Patra,1962.0,157.0,"Drama, Romance",7.6,68.0,525.0,1902.0,2321.0,2411.0,3,1,7.0,4.23410650459726
Prem Pratigyaa,1989.0,156.0,"Drama, Romance",5.9,230.0,472.0,1304.0,1234.0,2982.0,3,1,7.0,5.442417710521793
Prem Pujari,1970.0,192.0,"Action, Drama, Musical",6.9,212.0,670.0,616.0,2827.0,2480.0,3,1,0.0,5.3612921657094255
Prem Qaidi,1991.0,156.0,"Action, Romance",2.1,153.0,1152.0,1025.0,797.0,2423.0,3,1,0.0,5.0369526024136295
Prem Ratan Dhan Payo,2015.0,164.0,"Action, Drama, Musical",4.4,19913.0,2698.0,1939.0,2468.0,1680.0,3,1,0.0,9.89917828094803
Prem Rog,1982.0,183.0,"Drama, Musical, Romance",7.2,913.0,2010.0,2058.0,1493.0,2782.0,3,1,7.0,6.81783057145415
Prem Shakti,1994.0,,"Action, Drama, Fantasy",3.9,81.0,2616.0,767.0,1065.0,2438.0,3,1,0.0,4.406719247264253
Prem Shastra,1974.0,102.0,"Drama, Romance",6.5,55.0,447.0,616.0,2864.0,538.0,3,1,7.0,4.02535169073515
Prem Tapasya,1983.0,137.0,"Drama, Romance",6.1,25.0,1668.0,919.0,2003.0,2130.0,3,1,7.0,3.258096538021482
Prem Vivah,1979.0,,"Drama, Family",6.0,24.0,475.0,368.0,798.0,1494.0,3,1,7.0,3.2188758248682006
Prem Yog,1994.0,148.0,"Drama, Family",6.1,65.0,2059.0,1835.0,1223.0,2449.0,3,1,7.0,4.189654742026425
Prema Sikharam,1992.0,,"Comedy, Drama, Family",5.6,7.0,2515.0,519.0,484.0,2875.0,3,1,4.0,2.0794415416798357
Premante Idera,1998.0,,"Romance, Drama",6.6,254.0,1073.0,2428.0,1758.0,2596.0,3,1,15.0,5.541263545158426
Prematho Raa,2001.0,,Romance,5.1,107.0,2924.0,2428.0,2430.0,972.0,3,0,15.0,4.68213122712422
PremGranth,1996.0,156.0,"Action, Drama, Musical",5.7,425.0,2099.0,2058.0,2029.0,1338.0,3,1,0.0,6.054439346269371
Pret Atma,1997.0,114.0,Horror,3.5,6.0,1954.0,1705.0,472.0,246.0,3,0,11.0,1.9459101490553132
Pride and Honour,2004.0,162.0,"Action, Crime, Drama",5.5,3711.0,1934.0,1939.0,2357.0,338.0,3,1,0.0,8.21932609390609
Prince,1969.0,,"Musical, Romance",7.1,146.0,1380.0,2058.0,2824.0,1998.0,3,1,13.0,4.990432586778736
Prince,2010.0,138.0,"Action, Sci-Fi, Thriller",4.2,2001.0,1315.0,2508.0,882.0,372.0,3,1,0.0,7.601901959875166
Prince Vaali,2011.0,175.0,"Action, Adventure, Fantasy",5.8,11.0,2629.0,566.0,2681.0,2853.0,1,1,0.0,2.4849066497880004
Prisoners of Conscience,1978.0,45.0,Documentary,7.0,32.0,230.0,2385.0,2681.0,2853.0,0,0,6.0,3.4965075614664802
Prithvi,1997.0,136.0,"Action, Mystery, Thriller",4.4,108.0,1731.0,2266.0,2357.0,2742.0,3,1,0.0,4.6913478822291435
Prithvi Vallabh,1943.0,121.0,Drama,7.7,27.0,2691.0,1907.0,659.0,1296.0,3,0,7.0,3.332204510175204
Private Detective: Two Plus Two Plus One,1997.0,130.0,Mystery,5.8,63.0,2048.0,1405.0,2294.0,970.0,3,0,14.0,4.1588830833596715
Private Secretary,1962.0,,"Drama, Family",5.4,5.0,574.0,376.0,945.0,1979.0,3,1,7.0,1.791759469228055
Priya,1970.0,,Drama,6.2,5.0,864.0,1980.0,2623.0,88.0,3,0,7.0,1.791759469228055
Priya: The Charming Girl of India,2019.0,,Romance,4.0,6.0,1069.0,1164.0,666.0,2804.0,3,0,15.0,1.9459101490553132
Priyanka,1994.0,135.0,Unknown,5.7,27.0,3028.0,614.0,260.0,1001.0,3,0,19.0,3.332204510175204
Priyasakhi,2005.0,157.0,"Drama, Family, Romance",4.6,153.0,1180.0,1977.0,1220.0,2246.0,3,1,7.0,5.0369526024136295
Priyatama,1978.0,120.0,"Comedy, Drama, Romance",6.7,51.0,475.0,919.0,1559.0,2040.0,3,1,4.0,3.9512437185814275
Procession of Memories,1973.0,164.0,"Action, Drama, Musical",7.4,1917.0,1680.0,631.0,2864.0,2926.0,3,1,0.0,7.559038255443384
Professor,1962.0,166.0,"Comedy, Drama, Musical",7.0,248.0,1380.0,2058.0,1174.0,1783.0,3,1,4.0,5.517452896464707
Professor Ki Padosan,1994.0,138.0,Comedy,6.2,69.0,2581.0,1804.0,2202.0,1756.0,3,0,4.0,4.248495242049359
Professor Pyarelal,1981.0,133.0,"Action, Crime, Thriller",6.6,103.0,546.0,2549.0,1335.0,556.0,3,1,0.0,4.6443908991413725
Project Marathwada,2016.0,110.0,Drama,6.4,77.0,506.0,1494.0,2257.0,867.0,3,0,7.0,4.356708826689592
Project Papa,2018.0,97.0,Drama,6.6,27.0,1225.0,999.0,1917.0,2015.0,3,0,7.0,3.332204510175204
Psycho Raman,2016.0,133.0,"Crime, Drama, Thriller",7.4,13418.0,299.0,1428.0,2743.0,2608.0,3,1,5.0,9.504426892100957
Pudhiya Geethai,2003.0,140.0,"Action, Drama, Romance",4.7,1229.0,1021.0,942.0,1363.0,178.0,3,1,0.0,7.114769448366463
Pukar,1983.0,161.0,"Action, Drama, Musical",6.0,316.0,2174.0,206.0,2864.0,2074.0,3,1,0.0,5.75890177387728
Puli Bebbuli,1983.0,149.0,"Action, Family, Drama",6.3,15.0,1188.0,1085.0,537.0,1039.0,3,1,0.0,2.772588722239781
Punar Milan,1964.0,,Drama,6.0,7.0,2234.0,188.0,1456.0,1294.0,3,0,7.0,2.0794415416798357
Punnagai Mannan,1986.0,153.0,"Comedy, Drama, Romance",7.8,830.0,1145.0,982.0,2012.0,2136.0,3,1,4.0,6.7226297948554485
Punnami Nagu,2009.0,,"Adventure, Drama, Fantasy",4.3,6.0,2.0,1356.0,1482.0,2683.0,3,1,1.0,1.9459101490553132
Purab Aur Pachhim,1970.0,142.0,"Drama, Romance",7.4,863.0,1493.0,376.0,2129.0,1412.0,3,1,7.0,6.761572768804055
Puran Bhagat,1933.0,159.0,Unknown,6.5,10.0,636.0,556.0,1203.0,325.0,3,0,19.0,2.3978952727983707
Purana Mandir,1984.0,144.0,"Comedy, Drama, Horror",6.4,492.0,2665.0,2370.0,1416.0,365.0,3,1,4.0,6.20050917404269
Purana Purush,1978.0,136.0,"Action, Adventure, Comedy",8.4,34.0,796.0,1558.0,1302.0,220.0,3,1,0.0,3.5553480614894135
Purani Haveli,1989.0,139.0,Horror,5.2,250.0,2665.0,2370.0,584.0,198.0,3,0,11.0,5.5254529391317835
Purani Jeans,2014.0,137.0,"Drama, Romance",6.3,762.0,2879.0,2331.0,894.0,81.0,3,1,7.0,6.637258031284457
Purani Kabar,1998.0,,Horror,4.6,12.0,2061.0,1319.0,1410.0,987.0,3,0,11.0,2.5649493574615367
Puraskar,1970.0,,"Action, Comedy, Crime",4.6,8.0,2151.0,945.0,2209.0,919.0,3,1,0.0,2.1972245773362196
Purdah,2018.0,71.0,"Documentary, Drama, Sport",8.1,276.0,1097.0,2385.0,2681.0,2853.0,0,1,6.0,5.6240175061873385
Purnima,1965.0,120.0,"Family, Romance",6.5,41.0,1673.0,631.0,1355.0,1469.0,3,1,8.0,3.7376696182833684
Pushkar Puran,2017.0,100.0,Documentary,6.5,22.0,1221.0,2385.0,2681.0,2853.0,0,0,6.0,3.1354942159291497
Pushpanjali,1970.0,,"Drama, Family",7.1,9.0,1306.0,1972.0,1477.0,1221.0,3,1,7.0,2.302585092994046
Pyaar Diwana,1972.0,135.0,Comedy,5.9,15.0,2402.0,1067.0,1455.0,1753.0,3,0,4.0,2.772588722239781
Pyaar Diwana Hota Hai,2002.0,148.0,"Comedy, Drama, Romance",3.9,335.0,2194.0,767.0,1632.0,1293.0,3,1,4.0,5.817111159963204
Pyaar Impossible!,2010.0,140.0,"Comedy, Romance",4.6,3023.0,1131.0,1622.0,255.0,2841.0,3,1,4.0,8.014335737299424
Pyaar Ishq Aur Mohabbat,2001.0,,"Drama, Musical, Romance",4.0,587.0,2102.0,331.0,1105.0,2715.0,3,1,7.0,6.376726947898627
Pyaar Ka Punchnama,2011.0,149.0,"Comedy, Drama, Romance",7.6,20388.0,1388.0,1027.0,1815.0,747.0,3,1,4.0,9.922750818716974
Pyaar Ka Punchnama 2,2015.0,137.0,"Comedy, Drama, Romance",7.2,14259.0,1388.0,1027.0,1635.0,2724.0,3,1,4.0,9.565213693968287
Pyaar Ka Rishta,1973.0,137.0,Drama,6.1,11.0,2772.0,442.0,2160.0,1567.0,3,0,7.0,2.4849066497880004
Pyaar Ka Saagar,1961.0,,"Drama, Family, Musical",6.5,31.0,680.0,1695.0,1355.0,1324.0,3,1,7.0,3.4657359027997265
Pyaar Ka Saaya,1991.0,,Drama,4.1,58.0,3051.0,220.0,1847.0,2484.0,3,0,7.0,4.07753744390572
Pyaar Ka Sindoor,1986.0,,"Drama, Romance",4.0,10.0,472.0,955.0,207.0,1560.0,3,1,7.0,2.3978952727983707
Pyaar Ka Tarana,1993.0,136.0,"Musical, Drama",4.3,24.0,670.0,1237.0,214.0,134.0,3,1,13.0,3.2188758248682006
Pyaar Karke Dekho,1987.0,144.0,"Drama, Family",6.4,58.0,608.0,767.0,1273.0,1110.0,3,1,7.0,4.07753744390572
Pyaar Karle,2019.0,116.0,Drama,3.6,5.0,2299.0,553.0,2672.0,776.0,3,0,7.0,1.791759469228055
Pyaar Ke Side Effects,2006.0,132.0,"Comedy, Drama, Romance",6.7,3038.0,2394.0,1651.0,1265.0,2091.0,3,1,4.0,8.019283792916793
Pyaar Kiya Nahin Jaata..,2003.0,77.0,"Drama, Romance",6.1,14.0,1428.0,2392.0,2462.0,1694.0,3,1,7.0,2.70805020110221
Pyaar Kiya To Darna Kya,1998.0,162.0,"Action, Comedy, Drama",6.7,4770.0,2686.0,1939.0,1011.0,338.0,3,1,0.0,8.470311205516108
Pyaar Kiya To Darna Kya,1963.0,,"Comedy, Drama, Musical",7.0,37.0,2193.0,1612.0,2297.0,2361.0,3,1,4.0,3.6375861597263857
Pyaar Koi Khel Nahin,1999.0,165.0,"Drama, Romance, Thriller",3.3,371.0,2733.0,2270.0,1249.0,332.0,3,1,7.0,5.918893854273146
Pyaar Mein Kabhi Kabhi...,1999.0,,"Comedy, Drama, Musical",4.4,169.0,2011.0,665.0,2025.0,1891.0,3,1,4.0,5.135798437050262
Pyaar Mein Twist,2005.0,123.0,"Comedy, Drama, Musical",6.1,185.0,960.0,1835.0,629.0,2948.0,3,1,4.0,5.225746673713202
Pyaar Mohabbat,1988.0,,"Drama, Romance",3.6,19.0,118.0,1735.0,763.0,1375.0,3,1,7.0,2.995732273553991
Pyaar Se from Kolkata - Pari,2019.0,49.0,Drama,4.8,5.0,2479.0,583.0,961.0,2853.0,2,0,7.0,1.791759469228055
Pyaar to Hona Hi Tha,1998.0,156.0,"Comedy, Drama, Romance",6.7,2998.0,244.0,108.0,1011.0,528.0,3,1,4.0,8.00603417874901
Pyaar Tune Kya Kiya...,2001.0,123.0,"Drama, Romance, Thriller",5.7,807.0,2050.0,700.0,1982.0,1151.0,3,1,7.0,6.694562058521095
Pyaar Vali Love Story,2014.0,133.0,Drama,5.9,59.0,2451.0,1943.0,2590.0,1604.0,3,0,7.0,4.0943445622221
Pyaar Zindagi Hai,2001.0,157.0,"Drama, Romance, Thriller",6.5,44.0,3022.0,1702.0,2768.0,395.0,3,1,7.0,3.8066624897703196
Pyaara Dost,1982.0,,Thriller,4.6,5.0,974.0,844.0,174.0,2083.0,3,0,18.0,1.791759469228055
Pyaara Dushman,1980.0,,Action,4.3,13.0,232.0,211.0,2747.0,2040.0,3,0,0.0,2.6390573296152584
Pyaas,1982.0,,Drama,7.2,28.0,1742.0,2549.0,1026.0,1405.0,3,0,7.0,3.367295829986474
Pyaasa,1957.0,146.0,"Drama, Musical, Romance",8.4,5823.0,879.0,780.0,2827.0,1359.0,3,1,7.0,8.669742589876522
Pyaasa,2002.0,137.0,"Drama, Romance",3.3,96.0,259.0,0.0,72.0,3064.0,3,1,7.0,4.574710978503383
Pyaasa Haiwan,2003.0,106.0,Horror,5.3,30.0,1233.0,1985.0,1040.0,2075.0,3,0,11.0,3.4339872044851463
Pyaasa Sawan,1981.0,161.0,"Family, Romance",7.4,77.0,1668.0,919.0,1998.0,2982.0,3,1,8.0,4.356708826689592
Pyaasi,2003.0,,Horror,6.2,5.0,1233.0,1985.0,1040.0,252.0,3,0,11.0,1.791759469228055
Pyaasi Atma,1988.0,,Horror,6.1,7.0,1001.0,3.0,144.0,1286.0,3,0,11.0,2.0794415416798357
Pyaasi Bhootni,2003.0,,Horror,5.9,9.0,1233.0,202.0,2210.0,1152.0,3,0,11.0,2.302585092994046
Pyaassi Ankhen,1983.0,,Drama,5.6,10.0,2150.0,2030.0,175.0,3014.0,3,0,7.0,2.3978952727983707
Pyar,1950.0,,Drama,8.5,23.0,2962.0,1670.0,2826.0,1621.0,3,0,7.0,3.1780538303479458
Pyar Bhara Dil,1991.0,147.0,"Drama, Romance",6.3,14.0,575.0,590.0,1918.0,899.0,3,1,7.0,2.70805020110221
Pyar Hi Pyar,1969.0,135.0,Romance,6.9,64.0,496.0,2510.0,607.0,1845.0,3,0,15.0,4.174387269895637
Pyar Ho Gaya,1986.0,,Romance,3.6,7.0,839.0,410.0,1963.0,2205.0,3,0,15.0,2.0794415416798357
Pyar Hua Chori Chori,1992.0,154.0,Romance,6.3,51.0,1146.0,891.0,1401.0,829.0,3,0,15.0,3.9512437185814275
Pyar Jhukta Nahin,1985.0,135.0,"Family, Romance",6.3,175.0,3022.0,1304.0,1647.0,637.0,3,1,8.0,5.170483995038151
Pyar Ka Bandhan,1963.0,,"Drama, Family, Romance",4.6,8.0,1677.0,1635.0,1609.0,1255.0,3,1,7.0,2.1972245773362196
Pyar Ka Devta,1990.0,148.0,"Action, Comedy, Drama",3.8,114.0,1146.0,1304.0,1234.0,501.0,3,1,0.0,4.74493212836325
Pyar Ka Karz,1990.0,161.0,Drama,6.1,29.0,1146.0,631.0,1357.0,1494.0,3,0,7.0,3.4011973816621555
Pyar Ka Mandir,1988.0,148.0,"Drama, Family",6.5,96.0,1146.0,1304.0,1221.0,501.0,3,1,7.0,4.574710978503383
Pyar Ka Mausam,1969.0,153.0,"Drama, Musical, Romance",6.8,107.0,1680.0,368.0,2321.0,501.0,3,1,7.0,4.68213122712422
Pyar Ka Rog,1994.0,,"Comedy, Drama, Romance",4.0,14.0,148.0,1795.0,2328.0,538.0,3,1,4.0,2.70805020110221
Pyar Ka Sapna,1969.0,147.0,"Comedy, Drama, Family",6.2,20.0,962.0,376.0,474.0,1359.0,3,1,4.0,3.044522437723423
Pyar Ka Saudagar,1991.0,136.0,Romance,4.4,8.0,1203.0,27.0,1432.0,1375.0,3,0,15.0,2.1972245773362196
Pyar Ke Do Pal,1986.0,130.0,"Action, Drama",6.2,50.0,2101.0,495.0,1401.0,1233.0,3,1,0.0,3.9318256327243257
Pyar Ke Kabil,1987.0,187.0,"Drama, Family, Romance",5.6,51.0,254.0,1835.0,1647.0,392.0,3,1,7.0,3.9512437185814275
Pyar Ke Naam Qurban,1990.0,134.0,"Action, Drama, Romance",5.6,39.0,453.0,1304.0,629.0,1375.0,3,1,0.0,3.6888794541139363
Pyar Ki Baten,1951.0,,Romance,5.9,10.0,153.0,1400.0,2659.0,1653.0,3,0,15.0,2.3978952727983707
Pyar Ki Dhun,2002.0,,"Drama, Romance",2.5,13.0,2405.0,1297.0,822.0,2765.0,3,1,7.0,2.6390573296152584
Pyar Ki Jeet,1987.0,146.0,"Comedy, Drama, Musical",7.4,37.0,2356.0,2082.0,2793.0,2136.0,3,1,4.0,3.6375861597263857
Pyar Ki Kahani,1971.0,150.0,"Drama, Romance",6.1,83.0,2230.0,1181.0,2623.0,199.0,3,1,7.0,4.430816798843313
Pyar Ki Pyas,1961.0,,Drama,5.8,13.0,1425.0,2118.0,1609.0,1405.0,3,0,7.0,2.6390573296152584
Pyar Kiya Hai Pyar Karenge,1986.0,133.0,"Drama, Romance",3.6,37.0,3020.0,250.0,1647.0,264.0,3,1,7.0,3.6375861597263857
Pyar Kiye Jaa,1966.0,129.0,"Comedy, Romance",7.1,176.0,561.0,1067.0,2321.0,1469.0,3,1,4.0,5.176149732573829
Pyar Mohabbat,1966.0,,"Adventure, Drama, Romance",6.7,29.0,2572.0,616.0,2129.0,1874.0,3,1,1.0,3.4011973816621555
Pyar Pyar,1993.0,,"Action, Drama, Romance",4.6,8.0,2804.0,448.0,1108.0,971.0,3,1,0.0,2.1972245773362196
Pyara Tarana,1982.0,,"Musical, Romance",7.4,16.0,1145.0,389.0,1020.0,2423.0,3,1,13.0,2.833213344056216
Pyare Mohan,2006.0,130.0,"Action, Comedy, Crime",3.3,827.0,2231.0,848.0,686.0,3008.0,3,1,0.0,6.71901315438526
Pyari Behna,1985.0,136.0,"Action, Comedy, Drama",6.8,70.0,472.0,1304.0,1647.0,2787.0,3,1,0.0,4.2626798770413155
Pyasa Darinda,1990.0,,Horror,4.9,8.0,1238.0,1006.0,418.0,2853.0,2,0,11.0,2.1972245773362196
Pyasa Shaitan,1984.0,100.0,Horror,5.0,54.0,1114.0,982.0,968.0,1330.0,3,0,11.0,4.007333185232471
Pyasi Atma,1998.0,,Horror,4.7,9.0,1753.0,681.0,483.0,1494.0,3,0,11.0,2.302585092994046
Pyasi Chudail,1998.0,,Horror,3.5,6.0,1261.0,1792.0,1821.0,2853.0,2,0,11.0,1.9459101490553132
Pyasi Sham,1969.0,,"Drama, Romance, Thriller",6.9,23.0,183.0,2262.0,706.0,2464.0,3,1,7.0,3.1780538303479458
Q,2017.0,96.0,"Drama, Thriller",6.0,29.0,2468.0,805.0,364.0,2853.0,2,1,7.0,3.4011973816621555
Qahar,1997.0,,"Action, Crime, Drama",3.8,160.0,2107.0,2270.0,2552.0,357.0,3,1,0.0,5.081404364984463
Qaid,1975.0,130.0,"Drama, Romance, Thriller",5.7,15.0,406.0,2487.0,1188.0,1052.0,3,1,7.0,2.772588722239781
Qaid Mein Hai Bulbul,1992.0,,"Drama, Romance",2.8,35.0,2236.0,1758.0,442.0,2670.0,3,1,7.0,3.58351893845611
Qaidi,1984.0,110.0,"Action, Drama",6.1,30.0,2345.0,389.0,2688.0,501.0,3,1,0.0,3.4339872044851463
Qarib Qarib Single,2017.0,125.0,"Comedy, Romance",7.1,7382.0,2878.0,853.0,1675.0,1672.0,3,1,4.0,8.906935339059165
Qasam Se Qasam Se,2012.0,145.0,Romance,4.0,18.0,353.0,697.0,689.0,2376.0,3,0,15.0,2.9444389791664403
Qatal E Aam,2005.0,,Action,2.9,7.0,2462.0,861.0,1183.0,1494.0,3,0,0.0,2.0794415416798357
Qatil,1988.0,135.0,"Crime, Drama, Mystery",6.0,25.0,373.0,79.0,2186.0,2438.0,3,1,5.0,3.258096538021482
Qatil Chudail,2001.0,96.0,Horror,5.2,5.0,1233.0,252.0,955.0,194.0,3,0,11.0,1.791759469228055
Qatil Haseeno Ka,2001.0,113.0,Crime,3.1,7.0,1161.0,357.0,1952.0,328.0,3,0,5.0,2.0794415416798357
Qatilon Ka Qatil,2004.0,,Action,4.2,6.0,599.0,577.0,2681.0,2853.0,1,0,0.0,1.9459101490553132
Qatl,1986.0,141.0,"Mystery, Thriller",7.0,202.0,1963.0,1980.0,1964.0,2480.0,3,1,14.0,5.313205979041787
Qawwali Ki Raat,1964.0,,Musical,6.1,8.0,746.0,1502.0,1455.0,1131.0,3,0,13.0,2.1972245773362196
Qayamat,1983.0,139.0,"Action, Crime, Drama",6.0,62.0,2019.0,631.0,2436.0,1039.0,3,1,0.0,4.143134726391533
Qayamat Ki Raat,1990.0,,Horror,4.6,10.0,798.0,1518.0,758.0,2438.0,3,0,11.0,2.3978952727983707
Qayamat Se Qayamat Tak,1988.0,162.0,"Drama, Musical, Romance",7.5,10497.0,1501.0,18.0,982.0,855.0,3,1,7.0,9.258940041812245
Qayamat: City Under Threat,2003.0,180.0,"Action, Drama, Romance",4.7,2202.0,920.0,108.0,2552.0,2331.0,3,1,0.0,7.697575346802343
Qila,1998.0,133.0,"Drama, Family, Music",5.1,109.0,2934.0,657.0,1454.0,2136.0,3,1,7.0,4.700480365792417
Queen,2013.0,146.0,"Adventure, Comedy, Drama",8.2,61852.0,3031.0,997.0,1905.0,1307.0,3,1,1.0,11.032515881090573
Queen of Sajjangarh,2021.0,,Horror,5.9,20.0,1415.0,2406.0,1887.0,39.0,3,0,11.0,3.044522437723423
Queens! Destiny of Dance,2011.0,112.0,"Drama, Musical",5.4,10.0,628.0,2024.0,2788.0,2853.0,2,1,7.0,2.3978952727983707
Quick Gun Murugun: Misadventures of an Indian Cowboy,2009.0,97.0,"Action, Comedy, Drama",5.8,802.0,2593.0,1696.0,1937.0,299.0,3,1,0.0,6.688354713946762
Qurbani,1980.0,157.0,"Action, Crime, Drama",7.0,823.0,783.0,714.0,2791.0,3058.0,3,1,0.0,6.714170529909472
Qurbani Rang Layegi,1991.0,,"Drama, Family",5.5,32.0,2019.0,1969.0,1714.0,1756.0,3,1,7.0,3.4965075614664802
Qurbaniyaan,2000.0,,Action,3.2,5.0,2864.0,1304.0,1992.0,1759.0,3,0,0.0,1.791759469228055
R... Rajkumar,2013.0,146.0,"Action, Comedy, Romance",5.2,5552.0,1847.0,2042.0,2457.0,2637.0,3,1,0.0,8.622093601241607
Ra.One,2011.0,156.0,"Action, Adventure, Sci-Fi",4.7,39039.0,289.0,2038.0,300.0,1171.0,3,1,0.0,10.57234204052703
Raabta,2017.0,147.0,"Action, Drama, Fantasy",5.1,6311.0,730.0,608.0,2577.0,2023.0,3,1,0.0,8.750207862525711
Raadha Aur Seeta,1979.0,109.0,"Drama, Family",5.4,7.0,3009.0,1697.0,1218.0,1296.0,3,1,7.0,2.0794415416798357
Raag Desh,2017.0,135.0,"Action, Drama, History",8.1,376.0,2908.0,1107.0,171.0,1518.0,3,1,0.0,5.932245187448011
Raagini,1958.0,128.0,"Drama, Family",6.5,10.0,2141.0,376.0,1110.0,1754.0,3,1,7.0,2.3978952727983707
Raahee,1987.0,,"Action, Crime, Drama",5.5,15.0,2162.0,1980.0,2325.0,2599.0,3,1,0.0,2.772588722239781
Raahgir,2019.0,85.0,Drama,7.4,27.0,855.0,69.0,2645.0,1663.0,3,0,7.0,3.332204510175204
Raaj Tilak,1984.0,,"Action, Drama",5.9,120.0,2107.0,631.0,818.0,1127.0,3,1,0.0,4.795790545596741
Raaja,1975.0,140.0,"Drama, Family",6.2,38.0,1160.0,1835.0,2528.0,1872.0,3,1,7.0,3.6635616461296463
Raakh,1989.0,153.0,"Action, Crime, Drama",7.5,1095.0,83.0,18.0,2563.0,1767.0,3,1,0.0,6.999422467507961
Raakh: A Poem Masked in Blood,2007.0,113.0,"Action, Crime, Drama",3.6,77.0,900.0,1304.0,2447.0,8.0,3,1,0.0,4.356708826689592
Raakhi Aur Rifle,1976.0,109.0,Action,6.3,7.0,1981.0,575.0,1935.0,2618.0,3,0,0.0,2.0794415416798357
Raampur Ka Lakshman,1972.0,138.0,"Drama, Family",6.3,66.0,1482.0,1763.0,2003.0,2480.0,3,1,7.0,4.204692619390966
Raanjhanaa,2013.0,140.0,"Drama, Romance",7.6,30344.0,25.0,630.0,2468.0,1510.0,3,1,7.0,10.320387038269956
Raasaiyya,1995.0,129.0,"Comedy, Drama",4.9,178.0,1229.0,1633.0,1721.0,2197.0,3,1,4.0,5.187385805840755
Raaste Kaa Patthar,1972.0,133.0,"Drama, Romance",5.7,85.0,1607.0,206.0,2325.0,1292.0,3,1,7.0,4.454347296253507
Raaste Pyar Ke,1982.0,,"Drama, Family",4.3,14.0,2065.0,919.0,2003.0,2417.0,3,1,7.0,2.70805020110221
Raat,1992.0,127.0,Horror,7.1,1020.0,2146.0,1821.0,2053.0,1746.0,3,0,11.0,6.928537818164665
Raat Akeli Hai,2020.0,149.0,"Crime, Drama, Mystery",7.3,15769.0,957.0,1428.0,1827.0,82.0,3,1,5.0,9.665864679957084
Raat Aur Din,1967.0,135.0,"Mystery, Thriller",7.6,74.0,2519.0,1400.0,1723.0,795.0,3,1,14.0,4.31748811353631
Raat Baaki Hai,2021.0,100.0,"Drama, Thriller",5.2,332.0,414.0,1517.0,254.0,731.0,3,1,7.0,5.808142489980444
"Raat Gayi, Baat Gayi?",2009.0,104.0,"Comedy, Drama",6.3,533.0,2524.0,17.0,203.0,1358.0,3,1,4.0,6.280395838960195
Raat Ke Andhere Mein,1987.0,110.0,"Horror, Mystery",4.3,9.0,3057.0,898.0,590.0,733.0,3,1,11.0,2.302585092994046
Raat Ke Rahi,1959.0,,"Action, Crime, Drama",6.7,15.0,1678.0,2058.0,899.0,324.0,3,1,0.0,2.772588722239781
Raat Ki Baat,2000.0,,Crime,3.6,7.0,252.0,1196.0,2210.0,2027.0,3,0,5.0,2.0794415416798357
Raaton Ka Raja,1970.0,,Drama,4.4,5.0,2080.0,679.0,950.0,705.0,3,0,7.0,1.791759469228055
Raavan,1984.0,,"Drama, Family",7.1,35.0,1121.0,2165.0,2775.0,875.0,3,1,7.0,3.58351893845611
Raavan,2010.0,130.0,"Action, Adventure, Drama",5.4,4245.0,1455.0,45.0,85.0,868.0,3,1,0.0,8.353732642263202
Raaz,1967.0,139.0,"Thriller, Mystery",6.2,137.0,2234.0,1702.0,411.0,947.0,3,1,18.0,4.927253685157205
Raaz,1981.0,132.0,"Crime, Mystery, Thriller",5.2,20.0,918.0,1667.0,2528.0,555.0,3,1,5.0,3.044522437723423
Raaz,2002.0,151.0,"Drama, Horror, Musical",6.5,3085.0,3035.0,665.0,471.0,1364.0,3,1,7.0,8.034631032923107
Raaz 3: The Third Dimension,2012.0,139.0,"Horror, Romance, Thriller",4.0,3528.0,3035.0,693.0,471.0,772.0,3,1,11.0,8.16876982367527
Raaz Reboot,2016.0,128.0,"Horror, Mystery, Romance",4.4,1784.0,3035.0,693.0,1129.0,2758.0,3,1,11.0,7.487173694213739
Raaz: The Mystery Continues,2009.0,151.0,"Horror, Mystery, Romance",5.6,3396.0,1581.0,997.0,53.0,766.0,3,1,11.0,8.130647968160584
Raazi,2018.0,138.0,"Action, Drama, Thriller",7.8,26557.0,1528.0,159.0,2743.0,2015.0,3,1,0.0,10.187086299550273
Rab Ne Bana Di Jodi,2008.0,167.0,"Comedy, Drama, Music",7.2,44985.0,84.0,2038.0,269.0,2974.0,3,1,4.0,10.714106609236245
Rabba Main Kya Karoon,2013.0,116.0,"Comedy, Romance",4.3,277.0,219.0,132.0,2611.0,360.0,3,1,4.0,5.627621113690637
Race,2008.0,149.0,"Action, Crime, Drama",6.7,13516.0,38.0,1251.0,2126.0,138.0,3,1,0.0,9.511703431483827
Race 2,2013.0,150.0,"Action, Crime, Thriller",5.4,15574.0,38.0,1251.0,2126.0,249.0,3,1,0.0,9.653422343655654
Race 3,2018.0,160.0,"Action, Crime, Thriller",1.9,42457.0,2244.0,250.0,2150.0,550.0,3,1,0.0,10.656270630991948
Rachna,1983.0,118.0,Family,4.8,12.0,2502.0,250.0,585.0,1064.0,3,0,8.0,2.5649493574615367
Racket,2018.0,122.0,Drama,7.3,17.0,2004.0,1657.0,2532.0,2886.0,3,0,7.0,2.8903717578961645
Radha Ka Sangam,1992.0,,"Drama, Romance",5.0,72.0,1298.0,42.0,1832.0,1090.0,3,1,7.0,4.290459441148391
Radha Krishna,1954.0,120.0,Fantasy,7.9,7.0,2033.0,989.0,1974.0,88.0,3,0,9.0,2.0794415416798357
Radhe,2021.0,135.0,"Action, Crime, Thriller",1.8,162455.0,1847.0,1939.0,640.0,2071.0,3,1,0.0,11.998162474856553
Radhe Shyam,1932.0,,Unknown,3.8,5.0,231.0,1867.0,1087.0,2716.0,3,0,19.0,1.791759469228055
Radio: Love on Air,2009.0,110.0,"Drama, Musical, Romance",2.9,304.0,999.0,823.0,2348.0,2624.0,3,1,7.0,5.720311776607412
Raees,2017.0,143.0,"Action, Crime, Drama",6.8,41441.0,2000.0,1666.0,2400.0,2558.0,3,1,0.0,10.632050138317028
Raeeszada,1990.0,149.0,Drama,3.6,22.0,499.0,2186.0,448.0,246.0,3,0,7.0,3.1354942159291497
Rafoo Chakkar: Fun on the Run,2008.0,122.0,"Comedy, Crime, Drama",3.4,54.0,441.0,1415.0,372.0,1718.0,3,1,4.0,4.007333185232471
Rafta Rafta: The Speed,2006.0,,"Action, Crime, Drama",4.0,6.0,2023.0,1943.0,2690.0,2987.0,3,1,0.0,1.9459101490553132
Raftaar,1975.0,,Drama,6.0,10.0,731.0,1750.0,1436.0,2982.0,3,0,7.0,2.3978952727983707
Raftaar - An Obsession,2009.0,,Thriller,5.9,7.0,2992.0,361.0,2803.0,2826.0,3,0,18.0,2.0794415416798357
Raghav,2014.0,,Drama,7.1,30.0,514.0,757.0,436.0,570.0,3,0,7.0,3.4339872044851463
Raghu More: Bachelor of Hearts,2003.0,,Comedy,4.5,15.0,992.0,226.0,2476.0,1382.0,3,0,4.0,2.772588722239781
Raghu Rai: An Unframed Portrait,2017.0,55.0,Documentary,6.4,73.0,412.0,402.0,1834.0,2853.0,2,0,6.0,4.30406509320417
Raghu Romeo,2003.0,100.0,"Comedy, Crime",6.9,651.0,2048.0,2444.0,1329.0,2252.0,3,1,4.0,6.480044561926653
Raghuveer,1995.0,151.0,"Action, Drama",4.3,86.0,1154.0,2266.0,2358.0,2742.0,3,1,0.0,4.465908118654584
Ragini MMS,2011.0,93.0,"Drama, Horror, Mystery",4.9,2489.0,1818.0,975.0,1905.0,1989.0,3,1,7.0,7.820037989458753
Ragini MMS 2,2014.0,119.0,Horror,3.8,2740.0,516.0,2274.0,2094.0,1784.0,3,0,11.0,7.916078096302786
Rahasya,2015.0,123.0,"Mystery, Thriller",7.6,4599.0,1465.0,1039.0,347.0,2821.0,3,1,14.0,8.433811582477187
Rahenge Sadaa Gardish Mein Taare,2017.0,70.0,Drama,5.6,12.0,2387.0,1703.0,2464.0,345.0,3,0,7.0,2.5649493574615367
Rahgir,1969.0,120.0,Romance,6.8,12.0,2896.0,503.0,2184.0,2478.0,3,0,15.0,2.5649493574615367
Rahi,1953.0,139.0,Drama,7.0,28.0,1291.0,616.0,1484.0,481.0,3,0,7.0,3.367295829986474
Rahi Badal Gaye,1985.0,,Romance,6.4,46.0,2225.0,1835.0,2263.0,1756.0,3,0,15.0,3.8501476017100584
Rahu Ketu,1978.0,133.0,Action,5.8,20.0,447.0,2082.0,2003.0,1874.0,3,0,0.0,3.044522437723423
Rahul,2001.0,151.0,Drama,5.4,249.0,1864.0,2031.0,2835.0,2012.0,3,0,7.0,5.521460917862246
Raid,2018.0,122.0,"Action, Crime, Drama",7.4,15835.0,2014.0,108.0,851.0,189.0,3,1,0.0,9.670041108226021
Rail Ka Dibba,1953.0,,Drama,8.0,36.0,1911.0,1165.0,2297.0,2276.0,3,0,7.0,3.6109179126442243
Railway Children,2016.0,120.0,"Crime, Drama",8.0,137.0,1920.0,2523.0,2602.0,2052.0,3,1,5.0,4.927253685157205
Railway Platform,1955.0,162.0,"Comedy, Drama, Romance",7.2,24.0,2180.0,1384.0,2343.0,1082.0,3,1,4.0,3.2188758248682006
Railway Raju,2019.0,120.0,"Crime, Thriller",7.5,6.0,733.0,287.0,1428.0,1291.0,3,1,5.0,1.9459101490553132
Rain: The Terror Within...,2005.0,,"Drama, Romance, Thriller",3.2,66.0,215.0,822.0,1371.0,1769.0,3,1,7.0,4.204692619390966
Rainbow,2015.0,106.0,"Comedy, Drama",7.9,3652.0,1650.0,1089.0,823.0,2985.0,3,1,4.0,8.203304026795282
Raincoat,2004.0,117.0,"Drama, Romance",7.6,4170.0,2264.0,108.0,85.0,287.0,3,1,7.0,8.335911094196945
Raj Hath,1956.0,136.0,"Adventure, Drama, Romance",6.2,16.0,2691.0,1165.0,1723.0,2847.0,3,1,1.0,2.833213344056216
Raj Mahal,1982.0,157.0,"Action, Drama",6.1,19.0,1155.0,2487.0,1559.0,427.0,3,1,0.0,2.995732273553991
Raj Tilak,1959.0,171.0,Adventure,6.1,14.0,2347.0,745.0,2824.0,1845.0,3,0,1.0,2.70805020110221
Raja,1995.0,168.0,"Action, Drama, Romance",5.3,751.0,980.0,1971.0,1234.0,1555.0,3,1,0.0,6.62273632394984
Raja Abroadiya,2018.0,117.0,Romance,4.3,22.0,1363.0,1848.0,2710.0,140.0,3,0,15.0,3.1354942159291497
Raja Aur Rana,1984.0,,"Action, Comedy, Crime",6.4,9.0,2616.0,15.0,96.0,593.0,3,1,0.0,2.302585092994046
Raja Aur Rangeeli,1996.0,,"Comedy, Romance",8.4,74.0,1182.0,1188.0,1406.0,2853.0,2,1,4.0,4.31748811353631
Raja Aur Runk,1968.0,145.0,"Drama, Family, Musical",6.9,49.0,1311.0,1980.0,96.0,1561.0,3,1,7.0,3.912023005428146
Raja Babu,1994.0,161.0,"Action, Comedy, Drama",6.3,2654.0,629.0,767.0,1065.0,2438.0,3,1,0.0,7.884199933676039
Raja Bhai Lagey Raho...,2005.0,,Comedy,2.9,19.0,724.0,1801.0,1876.0,612.0,3,0,4.0,2.995732273553991
Raja Bhaiya,2003.0,127.0,"Comedy, Drama",3.7,211.0,2162.0,1901.0,1918.0,1112.0,3,1,4.0,5.356586274672012
Raja Harishchandra,1952.0,146.0,History,6.0,7.0,2161.0,1599.0,2541.0,542.0,3,0,10.0,2.0794415416798357
Raja Harishchandrra,1979.0,,"Biography, History",9.0,8.0,364.0,373.0,1553.0,490.0,3,1,3.0,2.1972245773362196
Raja Hindustani,1996.0,165.0,"Action, Comedy, Drama",6.2,7195.0,693.0,18.0,1065.0,2742.0,3,1,0.0,8.881280595070423
Raja Jani,1972.0,,"Action, Drama, Romance",6.6,195.0,1567.0,631.0,818.0,1874.0,3,1,0.0,5.278114659230517
Raja Kaka,1974.0,,"Action, Drama",5.1,10.0,603.0,1055.0,2747.0,2208.0,3,1,0.0,2.3978952727983707
Raja Kali Amman,2000.0,,"Drama, Fantasy, Thriller",4.0,27.0,2165.0,588.0,1044.0,1230.0,3,1,7.0,3.332204510175204
Raja Ki Ayegi Baraat,1997.0,158.0,"Drama, Romance",3.7,373.0,373.0,2032.0,1958.0,877.0,3,1,7.0,5.924255797414532
Raja Ko Rani Se Pyar Ho Gaya,2000.0,148.0,"Comedy, Musical, Romance",3.4,78.0,2059.0,355.0,1290.0,716.0,3,1,4.0,4.3694478524670215
Raja Kumarudu,1999.0,,"Comedy, Drama, Romance",6.7,1873.0,1156.0,1171.0,1758.0,1840.0,3,1,4.0,7.535830462798367
Raja Natwarlal,2014.0,141.0,"Crime, Thriller",6.1,4038.0,1350.0,693.0,842.0,1774.0,3,1,5.0,8.303752415563412
Raja Rani,1973.0,,"Family, Romance",6.7,98.0,2363.0,1702.0,2312.0,650.0,3,1,8.0,4.59511985013459
Raja Rani Ko Chahiye Pasina,1978.0,,"Drama, Family",6.3,6.0,2770.0,2144.0,658.0,1021.0,3,1,7.0,1.9459101490553132
Raja Saab,1969.0,144.0,Romance,6.3,37.0,2819.0,2082.0,1493.0,1128.0,3,0,15.0,3.6375861597263857
Raja Simham,1995.0,,Unknown,4.3,7.0,1156.0,1684.0,1950.0,2643.0,3,0,19.0,2.0794415416798357
Rajaji,1999.0,150.0,"Comedy, Romance",4.6,344.0,3042.0,767.0,1980.0,2376.0,3,1,4.0,5.84354441703136
Rajdhani Express,2013.0,140.0,"Action, Drama, Thriller",2.9,257.0,379.0,931.0,892.0,1720.0,3,1,0.0,5.552959584921617
Rajjo,2013.0,123.0,"Drama, Romance",2.3,436.0,3085.0,997.0,1730.0,1349.0,3,1,7.0,6.07993319509559
Rajkumar,1996.0,146.0,"Drama, Family, Fantasy",4.5,277.0,1785.0,1405.0,207.0,1338.0,3,1,7.0,5.627621113690637
Rajkumar,1964.0,178.0,"Musical, Drama, Comedy",7.0,164.0,1160.0,2058.0,2112.0,1845.0,3,1,13.0,5.10594547390058
Rajma Chawal,2018.0,117.0,"Comedy, Drama, Family",5.8,1698.0,1379.0,224.0,2029.0,2486.0,3,1,4.0,7.4377951216719325
Rajneeti,2010.0,163.0,"Crime, Drama, Thriller",7.1,16737.0,1864.0,1760.0,90.0,1606.0,3,1,5.0,9.725436862592819
Rajnigandha,1974.0,110.0,"Drama, Romance",7.3,670.0,475.0,2437.0,175.0,728.0,3,1,7.0,6.508769136971682
Rajoo Dada,1992.0,125.0,Action,3.3,6.0,614.0,1304.0,514.0,1503.0,3,0,0.0,1.9459101490553132
Rajput,1982.0,,"Action, Drama, Romance",6.5,150.0,3003.0,1702.0,607.0,920.0,3,1,0.0,5.017279836814924
Rajput,1951.0,120.0,"Action, Drama",6.4,10.0,1381.0,1509.0,2564.0,1248.0,3,1,0.0,2.3978952727983707
Rajput Ramani,1936.0,138.0,Adventure,3.1,10.0,1274.0,1385.0,1491.0,2450.0,3,0,1.0,2.3978952727983707
Raju Ban Gaya Gentleman,1992.0,152.0,"Musical, Comedy, Romance",6.8,7351.0,427.0,2038.0,982.0,1606.0,3,1,13.0,8.902727664035522
Raju Chacha,2000.0,163.0,"Action, Comedy, Drama",5.1,1878.0,251.0,977.0,90.0,2165.0,3,1,0.0,7.538494999413465
Rajula,2013.0,,Drama,6.8,14.0,1733.0,249.0,2806.0,396.0,3,0,7.0,2.70805020110221
Rakhi,1962.0,133.0,"Drama, Family",6.5,41.0,0.0,376.0,2827.0,1831.0,3,1,7.0,3.7376696182833684
Rakhi Aur Hathkadi,1972.0,90.0,"Action, Drama, Family",6.6,22.0,2333.0,376.0,337.0,2926.0,3,1,0.0,3.1354942159291497
Rakht,2004.0,162.0,"Horror, Thriller",3.7,608.0,1428.0,1969.0,2552.0,541.0,3,1,11.0,6.411818267709897
Rakhta Charitra,2010.0,125.0,"Action, Biography, Crime",7.6,4066.0,2146.0,2508.0,2325.0,2667.0,3,1,0.0,8.310660905907225
Rakhta Charitra 2,2010.0,135.0,"Action, Biography, Crime",6.5,2645.0,2146.0,2084.0,2819.0,2745.0,3,1,0.0,7.880804344674901
Rakhtbeej,2012.0,120.0,Thriller,3.1,15.0,248.0,952.0,2654.0,1417.0,3,0,18.0,2.772588722239781
Rakhwala,1971.0,,"Action, Musical, Thriller",5.9,38.0,92.0,631.0,1188.0,2981.0,3,1,0.0,3.6635616461296463
Rakhwala,1989.0,,Drama,4.9,82.0,1152.0,250.0,688.0,2417.0,3,0,7.0,4.418840607796598
Rakhwale,1994.0,135.0,Action,2.9,20.0,2749.0,1349.0,21.0,909.0,3,0,0.0,3.044522437723423
Rakkhosh,2019.0,128.0,Horror,4.7,162.0,48.0,2221.0,2198.0,1898.0,3,0,11.0,5.093750200806762
Raksha,1981.0,127.0,"Action, Drama",5.8,21.0,2230.0,919.0,1677.0,1544.0,3,1,0.0,3.091042453358316
Rakshaa Bandhan,1977.0,90.0,Drama,7.6,5.0,2581.0,881.0,1650.0,1286.0,3,0,7.0,1.791759469228055
Rakshak,1996.0,164.0,"Action, Thriller",4.7,296.0,376.0,2266.0,1065.0,2625.0,3,1,0.0,5.6937321388027
Rakta Bandhan,1984.0,126.0,"Action, Comedy, Crime",5.3,14.0,2051.0,1786.0,472.0,1494.0,3,1,0.0,2.70805020110221
Raktanadir Dhara,1994.0,,Musical,6.9,12.0,2155.0,2205.0,538.0,1710.0,3,0,13.0,2.5649493574615367
Raktdhar,2017.0,111.0,Drama,6.5,12.0,137.0,930.0,2286.0,2427.0,3,0,7.0,2.5649493574615367
Ram Aur Shyam,1967.0,171.0,"Comedy, Drama, Family",7.4,862.0,2886.0,657.0,2827.0,1567.0,3,1,4.0,6.760414691083428
Ram Aur Shyam,1996.0,,"Action, Crime, Drama",4.1,18.0,2122.0,1954.0,1276.0,741.0,3,1,0.0,2.9444389791664403
Ram Balram,1980.0,169.0,"Action, Comedy, Drama",6.3,475.0,3003.0,631.0,173.0,3058.0,3,1,0.0,6.16541785423142
Ram Bhakta Hanuman,1948.0,,"Action, Adventure, Fantasy",7.2,9.0,955.0,2363.0,2455.0,175.0,3,1,0.0,2.302585092994046
Ram Bharose,1977.0,130.0,Comedy,6.7,18.0,232.0,1763.0,2003.0,203.0,3,0,4.0,2.9444389791664403
Ram Gopal Varma Ki Aag,2007.0,171.0,"Action, Adventure, Comedy",1.7,6655.0,2146.0,206.0,1411.0,104.0,3,1,0.0,8.803273982501045
Ram Jaane: God Knows,1995.0,122.0,"Action, Crime, Drama",5.4,3714.0,2101.0,2038.0,982.0,3007.0,3,1,0.0,8.220133957151859
Ram Kasam,1978.0,,Action,5.4,7.0,565.0,2262.0,2003.0,537.0,3,0,0.0,2.0794415416798357
Ram Ke Naam,1992.0,90.0,Documentary,8.9,624.0,230.0,2385.0,2681.0,2853.0,0,0,6.0,6.437751649736401
Ram Ki Ganga,1984.0,,Drama,5.7,6.0,2586.0,2452.0,1557.0,1745.0,3,0,7.0,1.9459101490553132
Ram Ki Janmabhoomi,2019.0,122.0,Drama,6.6,92.0,2483.0,1982.0,1461.0,1421.0,3,0,7.0,4.532599493153256
Ram Lakhan,1989.0,174.0,"Action, Comedy, Drama",6.8,2406.0,2730.0,1735.0,900.0,249.0,3,1,0.0,7.786136437783072
Ram Lila,1961.0,,Drama,6.0,28.0,578.0,1256.0,32.0,1529.0,3,0,7.0,3.367295829986474
Ram Raaj,2008.0,,Action,5.7,168.0,1310.0,1378.0,1406.0,2853.0,2,0,0.0,5.1298987149230735
Ram Rajya,1943.0,144.0,"Drama, Family, Fantasy",7.2,20.0,3005.0,1599.0,2377.0,2851.0,3,1,7.0,3.044522437723423
Ram Ratan,2017.0,112.0,Romance,3.7,61.0,863.0,1834.0,558.0,1350.0,3,0,15.0,4.127134385045092
Ram Shastra,1995.0,,"Action, Drama",4.1,78.0,2450.0,870.0,1290.0,674.0,3,1,0.0,4.3694478524670215
Ram Singh Charlie,2020.0,104.0,Drama,8.0,1272.0,1729.0,1103.0,644.0,2284.0,3,0,7.0,7.149131598557407
Ram Tera Desh,1984.0,140.0,Drama,5.8,13.0,2857.0,809.0,358.0,2943.0,3,0,7.0,2.6390573296152584
Ram Tere Kitne Nam,1985.0,157.0,Drama,6.0,58.0,1756.0,1980.0,2003.0,1872.0,3,0,7.0,4.07753744390572
Ram Teri Ganga Maili,1985.0,178.0,"Drama, Musical, Romance",6.7,962.0,2010.0,1714.0,1273.0,744.0,3,1,7.0,6.870053411798126
Rama O Rama,1988.0,,"Action, Drama, Romance",5.4,18.0,888.0,1178.0,2280.0,1965.0,3,1,0.0,2.9444389791664403
Rama Rama Kya Hai Dramaaa,2008.0,180.0,"Comedy, Drama, Romance",3.9,259.0,582.0,1445.0,179.0,312.0,3,1,4.0,5.560681631015528
Ramaa: The Saviour,2010.0,120.0,"Action, Adventure, Drama",3.4,147.0,892.0,1918.0,2624.0,1464.0,3,1,0.0,4.997212273764115
Ramad,2017.0,142.0,"Drama, Thriller",7.5,38.0,2571.0,2211.0,39.0,2093.0,3,1,7.0,3.6635616461296463
Ramaiya Vastavaiya,2013.0,148.0,"Action, Drama, Romance",5.7,3531.0,1847.0,2126.0,756.0,2074.0,3,1,0.0,8.16961956172385
Ram-Avtar,1988.0,170.0,"Action, Drama, Romance",4.5,201.0,2797.0,2270.0,207.0,2650.0,3,1,0.0,5.308267697401205
Ramayana: The Epic,2010.0,98.0,"Animation, Adventure, Family",5.9,456.0,592.0,1224.0,982.0,418.0,3,1,2.0,6.124683390894205
Ramgarh Ke Sholay,1991.0,123.0,"Action, Comedy, Crime",4.7,59.0,132.0,1066.0,632.0,203.0,3,1,0.0,4.0943445622221
Ramji Londonwaley,2005.0,154.0,"Comedy, Drama, Family",6.7,1058.0,2446.0,1158.0,2168.0,905.0,3,1,4.0,6.9650803456014065
Ramkali,1985.0,141.0,Action,5.4,12.0,2664.0,809.0,2325.0,1715.0,3,0,0.0,2.5649493574615367
Ramkhind. A Warli Village,2001.0,78.0,Documentary,5.9,28.0,195.0,2385.0,2681.0,2853.0,0,0,6.0,3.367295829986474
RamLeela,2013.0,150.0,"Drama, Musical, Romance",6.4,19114.0,2457.0,1777.0,591.0,2728.0,3,1,7.0,9.858228646130513
Ramnagri,1982.0,,Drama,6.2,9.0,1234.0,2244.0,2517.0,2050.0,3,0,7.0,2.302585092994046
Ram-Path,2017.0,,Documentary,9.4,5.0,363.0,859.0,2681.0,2853.0,1,0,6.0,1.791759469228055
Ramprasad Ki Tehrvi,2019.0,115.0,"Comedy, Drama",7.6,3574.0,2528.0,1231.0,589.0,1706.0,3,1,4.0,8.181720455128108
Rampur Ka Raja,1993.0,,Action,5.1,13.0,847.0,434.0,642.0,558.0,3,0,0.0,2.6390573296152584
Ramshastri,1944.0,122.0,Drama,6.8,10.0,3079.0,723.0,1865.0,805.0,3,0,7.0,2.3978952727983707
Ramta Jogi,2015.0,139.0,Romance,6.9,71.0,865.0,1652.0,2851.0,248.0,3,0,15.0,4.276666119016055
Ramu Dada,1961.0,,Drama,4.8,5.0,443.0,2090.0,943.0,2283.0,3,0,7.0,1.791759469228055
Ramudochhadu,1996.0,125.0,"Action, Comedy, Drama",6.1,77.0,1309.0,1082.0,2516.0,2384.0,3,1,0.0,4.356708826689592
Ramwati,1991.0,,Action,2.9,7.0,3107.0,500.0,387.0,796.0,3,0,0.0,2.0794415416798357
Ranbanka,2015.0,98.0,Action,3.6,119.0,351.0,1211.0,1989.0,1814.0,3,0,0.0,4.787491742782046
Ranbhoomi,1991.0,,"Action, Drama",4.2,29.0,656.0,919.0,629.0,2480.0,3,1,0.0,3.4011973816621555
Ranchi Diaries,2017.0,93.0,Thriller,7.3,81.0,2514.0,2209.0,1724.0,312.0,3,0,18.0,4.406719247264253
Rang,1993.0,150.0,"Drama, Romance",4.8,187.0,2875.0,919.0,182.0,1129.0,3,1,7.0,5.236441962829949
Rang Birangi,1983.0,180.0,Comedy,7.1,520.0,962.0,213.0,1677.0,790.0,3,0,4.0,6.255750041753367
Rang De Basanti,2006.0,167.0,"Comedy, Crime, Drama",8.1,114446.0,2140.0,18.0,2446.0,2573.0,3,1,4.0,11.647867112717373
Ranga,1982.0,133.0,"Action, Drama",6.2,100.0,1957.0,1711.0,1829.0,2229.0,3,1,0.0,4.61512051684126
Ranga Khush,1975.0,,"Action, Crime, Drama",3.1,12.0,1114.0,535.0,448.0,593.0,3,1,0.0,2.5649493574615367
Ranga Mera Naam,1991.0,,Action,5.8,8.0,1156.0,1378.0,1406.0,2944.0,3,0,0.0,2.1972245773362196
Rangbaaz,1996.0,,Action,5.9,45.0,1233.0,861.0,296.0,1494.0,3,0,0.0,3.828641396489095
Rangdari,2012.0,,Action,6.6,9.0,413.0,408.0,38.0,819.0,3,0,0.0,2.302585092994046
Rangeela,1995.0,142.0,"Comedy, Drama, Musical",7.5,9370.0,2146.0,2390.0,11.0,988.0,3,1,4.0,9.145375093123823
Rangeela Raja,1996.0,,Action,5.6,10.0,1156.0,1378.0,1239.0,2065.0,3,0,0.0,2.3978952727983707
Rangeela Raja,2019.0,162.0,Comedy,2.3,215.0,2676.0,767.0,1395.0,1159.0,3,0,4.0,5.375278407684165
Rangeelay,2013.0,129.0,"Action, Comedy, Drama",5.0,176.0,1683.0,931.0,1564.0,540.0,3,1,0.0,5.176149732573829
Rangilla Ratan,1976.0,,Action,6.0,33.0,2314.0,1835.0,1677.0,409.0,3,0,0.0,3.5263605246161616
Rangin Raaten,1956.0,,Romance,7.2,20.0,1292.0,2058.0,1258.0,833.0,3,0,15.0,3.044522437723423
Rangoon,2017.0,170.0,"Action, Drama, History",5.6,3903.0,3070.0,997.0,2277.0,2271.0,3,1,0.0,8.269756947532983
Rangrezz,2013.0,144.0,"Action, Drama",5.1,426.0,1924.0,871.0,1772.0,2030.0,3,1,0.0,6.056784013228625
Rani Aur Lalpari,1975.0,135.0,"Drama, Family, Fantasy",6.7,42.0,2230.0,436.0,1998.0,30.0,3,1,7.0,3.7612001156935624
Rani Aur Maharani,1993.0,,"Action, Thriller",4.1,9.0,1233.0,861.0,2111.0,632.0,3,1,0.0,2.302585092994046
Rani Hindustani,1995.0,,Crime,3.4,8.0,262.0,861.0,1952.0,1815.0,3,0,5.0,2.1972245773362196
Rani Mera Naam,1972.0,,Action,5.1,15.0,1188.0,2451.0,96.0,1324.0,3,0,0.0,2.772588722239781
Rani Rupmati,1959.0,148.0,"Action, Adventure",5.8,24.0,2336.0,463.0,1483.0,2847.0,3,1,0.0,3.2188758248682006
Ranj,2019.0,80.0,Drama,7.2,9.0,2812.0,1724.0,1228.0,1245.0,3,0,7.0,2.302585092994046
Rann,2010.0,137.0,"Drama, Mystery, Thriller",6.9,2476.0,2146.0,206.0,2035.0,872.0,3,1,7.0,7.814803429489359
Ranna,2015.0,152.0,"Action, Comedy, Drama",6.2,616.0,1660.0,2230.0,1730.0,436.0,3,1,0.0,6.424869023905388
Ranviir the Marshal,2015.0,132.0,"Action, Drama, Thriller",7.7,7.0,1548.0,1839.0,1975.0,2063.0,3,1,0.0,2.0794415416798357
Rao Saheb,1986.0,123.0,"Comedy, Drama",5.7,7.0,3027.0,351.0,512.0,2901.0,3,1,4.0,2.0794415416798357
Raqeeb,2007.0,124.0,"Crime, Drama, Mystery",4.2,283.0,301.0,1655.0,2311.0,2784.0,3,1,5.0,5.648974238161206
Raqt,2013.0,180.0,"Horror, Mystery, Thriller",4.3,6.0,81.0,2103.0,2403.0,877.0,3,1,11.0,1.9459101490553132
Rasa Yatra,2012.0,50.0,"Documentary, History",7.6,50.0,1795.0,2385.0,2681.0,2853.0,0,1,6.0,3.9318256327243257
Rasan Piya,2015.0,80.0,"Documentary, Biography, Music",8.5,13.0,1709.0,2385.0,2681.0,2853.0,0,1,6.0,2.6390573296152584
Rascals,2011.0,128.0,"Action, Comedy, Crime",2.9,2682.0,629.0,108.0,2195.0,1144.0,3,1,0.0,7.894690850425624
Rashtraputra,2018.0,122.0,"Action, Biography, Drama",5.7,23.0,1526.0,1283.0,1918.0,33.0,3,1,0.0,3.1780538303479458
Ratan,1944.0,118.0,"Musical, Romance",7.2,30.0,1391.0,2307.0,1048.0,184.0,3,1,13.0,3.4339872044851463
Ratnadeep,1951.0,,"Drama, Romance",6.6,10.0,636.0,36.0,532.0,1400.0,3,1,7.0,2.3978952727983707
Ratnadeep,1979.0,,"Drama, Family",7.1,19.0,475.0,809.0,755.0,705.0,3,1,7.0,2.995732273553991
Raton Ki Rani (The Night Queen),2004.0,116.0,Horror,3.5,6.0,1233.0,1985.0,2795.0,194.0,3,0,11.0,1.9459101490553132
Ravan Raaj: A True Story,1995.0,153.0,"Action, Crime, Thriller",5.9,112.0,2160.0,861.0,1401.0,987.0,3,1,0.0,4.727387818712341
Ravoyi Chandamama,1999.0,,"Drama, Romance",4.8,189.0,1073.0,1378.0,221.0,100.0,3,1,7.0,5.247024072160486
Razia Sultana,1961.0,,Romance,6.5,16.0,680.0,1463.0,1649.0,1716.0,3,0,15.0,2.833213344056216
Ready,2011.0,145.0,"Action, Comedy, Romance",4.8,16937.0,244.0,1939.0,370.0,1774.0,3,1,0.0,9.737314897481545
Reason,2018.0,261.0,Documentary,9.1,125.0,230.0,2385.0,2681.0,2853.0,0,0,6.0,4.836281906951478
Rebellious Flower,2016.0,110.0,"Biography, Drama",6.8,241.0,1320.0,1607.0,2319.0,1419.0,3,1,3.0,5.488937726156687
Red Alert: The War Within,2009.0,120.0,"Action, Drama, Thriller",6.4,339.0,239.0,2266.0,2161.0,405.0,3,1,0.0,5.8289456176102075
Red Ant Dream,2013.0,120.0,Documentary,7.2,23.0,2453.0,2385.0,2681.0,2853.0,0,0,6.0,3.1780538303479458
Red Rose,1980.0,125.0,"Crime, Romance, Thriller",6.3,167.0,502.0,1702.0,1714.0,371.0,3,1,5.0,5.123963979403259
Red Swastik,2007.0,131.0,"Crime, Drama, Thriller",2.8,219.0,3056.0,2094.0,802.0,673.0,3,1,5.0,5.393627546352362
Red: The Dark Side,2007.0,148.0,"Drama, Romance, Thriller",3.3,306.0,3035.0,86.0,501.0,209.0,3,1,7.0,5.726847747587197
Rediscovering India,2017.0,124.0,Documentary,9.0,62.0,1523.0,454.0,441.0,1453.0,3,0,6.0,4.143134726391533
Redrum,2018.0,101.0,Thriller,3.9,28.0,703.0,2210.0,2740.0,2254.0,3,0,18.0,3.367295829986474
Refl3ct,2021.0,65.0,Sci-Fi,9.3,467.0,1712.0,2442.0,2754.0,1695.0,3,0,16.0,6.148468295917647
Refugee,2000.0,207.0,"Drama, Musical, Romance",5.4,1881.0,1017.0,870.0,2552.0,48.0,3,1,7.0,7.540090320145325
Regards & Peace,2020.0,89.0,Thriller,5.5,27.0,2442.0,1585.0,708.0,2249.0,3,0,18.0,3.332204510175204
Rehguzar,2006.0,125.0,Drama,5.9,45.0,777.0,931.0,2151.0,2038.0,3,0,7.0,3.828641396489095
Rehnaa Hai Terre Dil Mein,2001.0,160.0,"Musical, Romance",7.6,7713.0,825.0,1158.0,2126.0,711.0,3,1,13.0,8.950792138768174
Relax,2005.0,131.0,Thriller,3.2,8.0,1851.0,1851.0,556.0,147.0,3,0,18.0,2.1972245773362196
Religion,2007.0,105.0,"Drama, History",8.0,1031.0,507.0,1514.0,2563.0,1768.0,3,1,7.0,6.939253946041508
Remember Amnesia,2019.0,88.0,Comedy,7.7,29.0,2214.0,1139.0,2658.0,620.0,3,0,4.0,3.4011973816621555
Reporter Raju,1962.0,138.0,"Action, Crime, Drama",5.2,11.0,749.0,714.0,540.0,1058.0,3,1,0.0,2.4849066497880004
Rescue,2019.0,80.0,Drama,4.5,18.0,1689.0,1661.0,2487.0,976.0,3,0,7.0,2.9444389791664403
Resham Ki Dori,1974.0,139.0,"Drama, Family",7.0,49.0,406.0,1926.0,607.0,1257.0,3,1,7.0,3.912023005428146
Reshma Aur Shera,1971.0,158.0,"Drama, Musical, Romance",6.8,204.0,2796.0,2511.0,2549.0,2041.0,3,1,7.0,5.3230099791384085
Reshma Aur Sultaan,2002.0,82.0,Action,4.9,10.0,2310.0,810.0,607.0,2438.0,3,0,0.0,2.3978952727983707
Reshma Ki Jawani,1990.0,,Thriller,6.3,15.0,2906.0,40.0,470.0,2585.0,3,0,18.0,2.772588722239781
Reshmi Rumal,1961.0,,Romance,4.9,8.0,925.0,1230.0,2283.0,1128.0,3,0,15.0,2.1972245773362196
Return of Hanuman,2007.0,110.0,"Animation, Action, Adventure",7.2,693.0,299.0,1675.0,1259.0,2853.0,2,1,2.0,6.542471960506805
Return of Jewel Thief,1996.0,159.0,"Crime, Thriller",4.6,110.0,385.0,376.0,596.0,703.0,3,1,5.0,4.709530201312334
Return of Mr. Superman,1960.0,,"Action, Adventure, Crime",3.9,15.0,1484.0,1509.0,2343.0,1585.0,3,1,0.0,2.772588722239781
Return of Robin Hood,1988.0,80.0,Drama,7.0,27.0,2885.0,246.0,2700.0,1933.0,3,0,7.0,3.332204510175204
Return to Rajapur,2006.0,,"Drama, Romance",6.0,151.0,1659.0,1148.0,1084.0,1096.0,3,1,7.0,5.0238805208462765
Reva,2018.0,159.0,Drama,8.4,692.0,1997.0,2484.0,443.0,45.0,3,0,7.0,6.541029999189903
Revati,2005.0,145.0,Drama,5.1,34.0,775.0,1032.0,2391.0,450.0,3,0,7.0,3.5553480614894135
Revenge of the Tigress,2001.0,105.0,Action,8.5,15.0,1233.0,1985.0,169.0,1095.0,3,0,0.0,2.772588722239781
Revolver Rani,2014.0,132.0,"Action, Comedy, Crime",4.5,1678.0,2383.0,997.0,2800.0,3049.0,3,1,0.0,7.425953657077541
Rhythm,2016.0,,"Musical, Romance",3.7,10.0,3090.0,63.0,2024.0,2287.0,3,1,13.0,2.3978952727983707
Ribbon,2017.0,106.0,"Drama, Family",6.9,604.0,1979.0,979.0,2538.0,1786.0,3,1,7.0,6.405228458030842
Rickshawala,1973.0,,Romance,5.7,12.0,1160.0,1181.0,1955.0,1669.0,3,0,15.0,2.5649493574615367
Ricky,1986.0,,"Drama, Family",5.4,8.0,386.0,913.0,1677.0,2038.0,3,1,7.0,2.1972245773362196
Right Yaaa Wrong,2010.0,135.0,"Crime, Drama, Mystery",6.4,895.0,1697.0,2270.0,879.0,972.0,3,1,5.0,6.79794041297493
Rihaee,1988.0,158.0,Drama,6.7,75.0,344.0,2487.0,818.0,1623.0,3,0,7.0,4.330733340286331
Rikki-Tikki-Tavi,1979.0,78.0,Family,7.6,527.0,1657.0,150.0,1328.0,145.0,3,0,8.0,6.269096283706261
Rise of the Zombie,2013.0,86.0,"Drama, Horror, Thriller",3.5,404.0,1387.0,621.0,1201.0,1212.0,3,1,7.0,6.003887067106539
Rishta Kagaz Ka,1983.0,,"Drama, Musical",6.3,22.0,113.0,1490.0,1852.0,2104.0,3,1,7.0,3.1354942159291497
Rishte Naahte,1965.0,158.0,"Drama, Family",6.5,13.0,1181.0,1635.0,916.0,1738.0,3,1,7.0,2.6390573296152584
Rishtey,2002.0,164.0,"Action, Drama",4.6,921.0,980.0,250.0,1065.0,2511.0,3,1,0.0,6.826545223556594
Risk,2007.0,155.0,"Action, Crime, Drama",6.6,559.0,3080.0,2487.0,1954.0,2784.0,3,1,0.0,6.327936783729195
Risknamaa,2019.0,123.0,Thriller,7.0,20.0,31.0,726.0,258.0,1782.0,3,0,18.0,3.044522437723423
Ritu,2014.0,129.0,"Drama, Romance",6.8,25.0,1488.0,1668.0,1263.0,2126.0,3,1,7.0,3.258096538021482
Rivaaj,1972.0,117.0,Drama,6.7,11.0,2862.0,1181.0,2202.0,2480.0,3,0,7.0,2.4849066497880004
Riwayat,2012.0,122.0,"Crime, Drama, Family",4.6,9.0,3017.0,1934.0,2155.0,2390.0,3,1,5.0,2.302585092994046
Riyasat,2014.0,80.0,Crime,6.4,44.0,385.0,1702.0,333.0,2123.0,3,0,5.0,3.8066624897703196
RK/RKAY,2021.0,95.0,Drama,8.7,12.0,2048.0,1688.0,1265.0,2091.0,3,0,7.0,2.5649493574615367
Road,2002.0,134.0,Thriller,5.6,1197.0,2050.0,1224.0,2819.0,294.0,3,0,18.0,7.088408778675395
Road to Ladakh,2003.0,50.0,Drama,6.1,268.0,392.0,592.0,2023.0,2812.0,3,0,7.0,5.594711379601839
Road to Sangam,2009.0,135.0,"Drama, Thriller",7.4,764.0,201.0,1522.0,1632.0,1790.0,3,1,7.0,6.639875833826536
"Road, Movie",2009.0,95.0,"Adventure, Comedy, Crime",6.8,1660.0,671.0,34.0,2233.0,2781.0,3,1,1.0,7.415175109613295
Roadside Romeo,2008.0,93.0,"Animation, Adventure, Comedy",5.2,1353.0,1131.0,1925.0,1059.0,1028.0,3,1,2.0,7.21081845347222
Roam Rome Mein,2019.0,107.0,Drama,7.8,50.0,2876.0,1428.0,2621.0,2887.0,3,0,7.0,3.9318256327243257
Roar: Tigers of the Sundarbans,2014.0,123.0,"Action, Adventure, Sci-Fi",5.6,702.0,1217.0,10.0,78.0,1847.0,3,1,0.0,6.555356891810665
Rock Dancer,1995.0,168.0,"Crime, Drama, Musical",4.2,45.0,2949.0,986.0,2041.0,2201.0,3,1,5.0,3.828641396489095
Rock on 2,2016.0,143.0,"Drama, Music",5.0,2006.0,2659.0,703.0,2382.0,354.0,3,1,7.0,7.604396348796338
Rock On!!,2008.0,145.0,"Drama, Music",7.7,21178.0,66.0,331.0,690.0,1312.0,3,1,7.0,9.960765403687601
Rocket Singh: Salesman of the Year,2009.0,150.0,"Comedy, Drama",7.5,19343.0,2620.0,1760.0,1759.0,1558.0,3,1,4.0,9.870137572854574
Rockford,1999.0,102.0,"Comedy, Drama",7.4,1352.0,1650.0,1852.0,938.0,1612.0,3,1,4.0,7.210079628170788
Rockstar,2011.0,159.0,"Drama, Music, Romance",7.7,40835.0,973.0,1760.0,1508.0,2449.0,3,1,7.0,10.617319324288905
Rocky,1981.0,151.0,"Action, Romance",6.9,593.0,2796.0,1969.0,1998.0,2817.0,3,1,0.0,6.386879319362645
Rocky,2006.0,125.0,"Action, Drama, Romance",3.9,317.0,2829.0,2548.0,885.0,1484.0,3,1,0.0,5.762051382780177
Rocky Handsome,2016.0,119.0,"Action, Crime, Drama",6.8,7647.0,1722.0,937.0,1610.0,2454.0,3,1,0.0,8.942199454731238
Rog,2005.0,115.0,"Mystery, Romance, Thriller",5.2,484.0,947.0,853.0,852.0,930.0,3,1,14.0,6.184148890937483
Rok Sako To Rok Lo,2004.0,,"Adventure, Musical, Romance",4.3,1840.0,319.0,2270.0,2836.0,1396.0,3,1,1.0,7.518064181233078
Rokkk,2010.0,180.0,"Drama, Horror, Mystery",4.2,125.0,2086.0,2333.0,2672.0,2416.0,3,1,7.0,4.836281906951478
Rolling in Money,1988.0,139.0,Comedy,6.9,365.0,1268.0,1405.0,1714.0,1375.0,3,0,4.0,5.902633333401366
Romance,1983.0,,Romance,6.2,36.0,2164.0,2058.0,1145.0,1816.0,3,0,15.0,3.6109179126442243
Romeo Akbar Walter,2019.0,141.0,"Action, Drama, Thriller",6.6,5120.0,2267.0,937.0,900.0,1543.0,3,1,0.0,8.54110501146255
Romeo N Bullet,2017.0,116.0,Drama,4.2,5.0,88.0,2453.0,1861.0,2853.0,2,0,7.0,1.791759469228055
Roohani Taaqat,1991.0,119.0,Horror,3.9,28.0,1560.0,2037.0,1973.0,2067.0,3,0,11.0,3.367295829986474
Roohi,2021.0,134.0,"Comedy, Horror",4.3,6422.0,903.0,1718.0,2721.0,1011.0,3,1,4.0,8.767640577257792
Roohi,1981.0,135.0,"Action, Drama, Romance",2.6,7.0,2349.0,2547.0,1352.0,421.0,3,1,0.0,2.0794415416798357
Room: The Mystery,2015.0,90.0,Thriller,3.5,31.0,764.0,390.0,846.0,2211.0,3,0,18.0,3.4657359027997265
Roop Ki Rani Choron Ka Raja,1961.0,,Romance,6.8,34.0,919.0,616.0,2827.0,934.0,3,0,15.0,3.5553480614894135
Roop Ki Rani Choron Ka Raja,1993.0,190.0,"Action, Drama, Musical",4.9,864.0,2508.0,250.0,2488.0,312.0,3,1,0.0,6.762729506931879
Roop Tera Mastana,1972.0,,"Romance, Thriller",6.4,31.0,1285.0,919.0,1455.0,947.0,3,1,15.0,3.4657359027997265
Rootha Na Karo,1970.0,125.0,"Drama, Comedy, Family",6.1,21.0,2787.0,2082.0,1493.0,1255.0,3,1,7.0,3.091042453358316
Roshni,2018.0,45.0,"Documentary, Family",6.2,186.0,281.0,1433.0,2073.0,2891.0,3,1,6.0,5.231108616854587
Roti,1974.0,120.0,"Drama, Romance, Thriller",6.8,461.0,1482.0,1702.0,1455.0,1715.0,3,1,7.0,6.135564891081739
Roti,1942.0,153.0,Drama,6.3,30.0,1529.0,530.0,2341.0,2594.0,3,0,7.0,3.4339872044851463
Roti Kapada Aur Makaan,1974.0,159.0,"Action, Drama, Musical",6.9,739.0,1493.0,1230.0,2321.0,3058.0,3,1,0.0,6.606650186198215
Roti Kee Keemat,1990.0,130.0,"Action, Crime, Drama",5.8,30.0,2172.0,2179.0,2111.0,2067.0,3,1,0.0,3.4339872044851463
Rough Book,2016.0,100.0,Drama,6.8,193.0,239.0,2330.0,1447.0,165.0,3,0,7.0,5.267858159063328
Rowdy Cheetah,2001.0,,Action,6.9,17.0,1330.0,1171.0,2462.0,1840.0,3,0,0.0,2.8903717578961645
Rowdy Inspector,1992.0,143.0,"Action, Drama",6.0,115.0,847.0,1391.0,238.0,558.0,3,1,0.0,4.7535901911063645
Rowdy Rathore,2012.0,140.0,"Action, Comedy, Crime",5.7,21097.0,1847.0,145.0,2457.0,1626.0,3,1,0.0,9.956933528241754
Roy,2015.0,146.0,"Action, Drama, Mystery",3.3,7240.0,3041.0,331.0,902.0,2069.0,3,1,0.0,8.88751459738882
Ru-Ba-Ru,2008.0,120.0,"Drama, Romance, Thriller",5.5,251.0,322.0,1761.0,2271.0,2104.0,3,1,7.0,5.529429087511423
Rudaali,1993.0,128.0,Drama,7.2,489.0,1205.0,1735.0,629.0,1965.0,3,0,7.0,6.194405391104672
Rudraksh,2004.0,143.0,"Action, Fantasy, Sci-Fi",2.7,1157.0,1456.0,1969.0,471.0,2715.0,3,1,0.0,7.05444965813294
Rudranetra,1989.0,126.0,"Action, Crime, Thriller",6.5,71.0,1156.0,550.0,484.0,1741.0,3,1,0.0,4.276666119016055
Rui Ka Bojh,1997.0,117.0,Drama,7.7,215.0,2729.0,1514.0,1995.0,1951.0,3,0,7.0,5.375278407684165
Rukh,2017.0,106.0,"Drama, Mystery",6.4,596.0,403.0,1224.0,2438.0,64.0,3,1,7.0,6.391917113392602
Rukhsat,1988.0,,Romance,7.2,46.0,2678.0,1304.0,2426.0,1423.0,3,0,15.0,3.8501476017100584
Rukmavati Ki Haveli,1991.0,,Drama,6.3,20.0,861.0,838.0,2702.0,1100.0,3,0,7.0,3.044522437723423
Rules: Pyaar Ka Superhit Formula,2003.0,,"Comedy, Romance",6.4,313.0,1807.0,2332.0,1386.0,1458.0,3,1,4.0,5.749392985908253
Run,2004.0,137.0,"Action, Comedy, Drama",4.8,1292.0,1089.0,45.0,459.0,1349.0,3,1,0.0,7.164720378771857
Run Bhola Run,2013.0,,Comedy,6.2,6.0,1700.0,1652.0,763.0,576.0,3,0,4.0,1.9459101490553132
Run Bhuumi - Champs Don't Cry,2015.0,107.0,Family,5.7,7.0,1888.0,817.0,1318.0,921.0,3,0,8.0,2.0794415416798357
Run Zindagi Run,2020.0,152.0,"Action, Crime, Thriller",7.5,8.0,726.0,1473.0,1582.0,1310.0,3,1,0.0,2.1972245773362196
Rungoli,1962.0,136.0,"Musical, Drama, Family",6.5,13.0,183.0,1067.0,2824.0,1057.0,3,1,13.0,2.6390573296152584
Running Shaadi,2017.0,114.0,"Comedy, Romance",6.6,2440.0,203.0,338.0,2605.0,2145.0,3,1,4.0,7.80016307039296
Runway: Love Among Gun Shots...,2009.0,102.0,"Action, Crime, Drama",4.0,23.0,1859.0,2269.0,147.0,2834.0,3,1,0.0,3.1780538303479458
Rupa's Boutique,2017.0,52.0,Documentary,7.7,7.0,844.0,2385.0,2681.0,2853.0,0,0,6.0,2.0794415416798357
Rupaye Dus Karod,1991.0,149.0,"Action, Drama, Thriller",5.4,25.0,2676.0,1702.0,549.0,212.0,3,1,0.0,3.258096538021482
Rush,2012.0,110.0,"Crime, Thriller",3.7,837.0,2566.0,693.0,2119.0,1672.0,3,1,5.0,6.731018100482083
Rustom,1982.0,139.0,Drama,6.3,23.0,624.0,575.0,2623.0,2611.0,3,0,7.0,3.1780538303479458
Rustom,2016.0,148.0,"Crime, Drama, Thriller",7.1,24285.0,692.0,1224.0,114.0,2454.0,3,1,5.0,10.097655331613764
Rustom Kaun,1966.0,131.0,"Action, Adventure",6.2,8.0,688.0,1762.0,1262.0,2814.0,3,1,0.0,2.1972245773362196
Rustom Sohrab,1967.0,144.0,"Action, Adventure, Drama",6.2,23.0,3079.0,1612.0,2564.0,1874.0,3,1,0.0,3.1780538303479458
Rustom-E-Baghdad,1963.0,,"Action, Adventure",5.8,6.0,442.0,575.0,514.0,2937.0,3,1,0.0,1.9459101490553132
Rustom-E-Hind,1965.0,135.0,Unknown,6.8,12.0,1269.0,1357.0,563.0,526.0,3,0,19.0,2.5649493574615367
Rustom-E-Rome,1964.0,106.0,"Action, Adventure, Drama",6.4,5.0,1981.0,575.0,398.0,2937.0,3,1,0.0,1.791759469228055
S. P. Parasuram,1994.0,140.0,"Action, Drama",5.7,98.0,2222.0,550.0,2488.0,898.0,3,1,0.0,4.59511985013459
S.P. Chauhan,2019.0,136.0,Drama,5.4,348.0,1492.0,931.0,2849.0,3030.0,3,0,7.0,5.855071922202427
S.R.K.,2009.0,,Comedy,7.2,21.0,141.0,1229.0,2785.0,718.0,3,0,4.0,3.091042453358316
Saagar,1985.0,186.0,"Drama, Romance",7.1,919.0,2181.0,1835.0,1020.0,722.0,3,1,7.0,6.824373670043086
Saaheb,1985.0,150.0,Drama,7.2,474.0,254.0,1735.0,207.0,212.0,3,0,7.0,6.163314804034641
Saajan,1991.0,181.0,"Drama, Musical, Romance",7.2,6267.0,1373.0,1969.0,1234.0,2288.0,3,1,7.0,8.74321260347591
Saajan Bina Suhagan,1978.0,121.0,"Crime, Drama, Family",6.4,42.0,2356.0,1490.0,2793.0,2542.0,3,1,5.0,3.7612001156935624
Saajan Chale Sasural,1996.0,134.0,"Comedy, Drama",6.0,1344.0,629.0,767.0,1065.0,2771.0,3,1,4.0,7.20414929203594
Saajan Ka Ghar,1994.0,153.0,Drama,4.9,134.0,2822.0,1835.0,982.0,668.0,3,0,7.0,4.90527477843843
Saajan Ki Baahon Mein,1995.0,,"Drama, Family, Romance",4.1,76.0,1082.0,1835.0,1980.0,2701.0,3,1,7.0,4.343805421853684
Saajan Ki Saheli,1981.0,,"Family, Drama",5.7,46.0,2356.0,1490.0,1882.0,2136.0,3,1,8.0,3.8501476017100584
Saajan Mere Main Saajan Ki,1980.0,,"Drama, Romance",5.9,7.0,950.0,1667.0,1002.0,1971.0,3,1,7.0,2.0794415416798357
Saala Khadoos,2016.0,109.0,"Action, Drama, Sport",7.6,11638.0,2745.0,1158.0,1513.0,1939.0,3,1,0.0,9.362116806941977
Saamri,2000.0,,Horror,3.8,5.0,804.0,954.0,2447.0,1099.0,3,0,11.0,1.791759469228055
Saanch Ko Aanch Nahin,1979.0,138.0,"Drama, Family",6.3,13.0,2519.0,344.0,1227.0,2711.0,3,1,7.0,2.6390573296152584
Saand Ki Aankh,2019.0,146.0,"Biography, Drama",7.7,4210.0,2920.0,2317.0,460.0,1839.0,3,1,3.0,8.345455428161928
Saanjh,2017.0,109.0,"Drama, Family",8.2,173.0,115.0,386.0,2622.0,68.0,3,1,7.0,5.159055299214529
Saanncha,2008.0,110.0,Drama,5.8,12.0,177.0,2234.0,158.0,341.0,3,0,7.0,2.5649493574615367
Saansein: The Last Breath,2016.0,101.0,"Horror, Romance",3.1,143.0,2103.0,2189.0,10.0,2029.0,3,1,11.0,4.969813299576001
Saaransh,1984.0,137.0,Drama,8.2,1781.0,1422.0,1855.0,255.0,2629.0,3,0,7.0,7.485491608030754
Saare Jahaan Se Mehnga...,2013.0,120.0,"Comedy, Drama",7.1,1126.0,282.0,280.0,2704.0,2064.0,3,1,4.0,7.027314514039777
Saari Raat,2015.0,83.0,Drama,5.6,23.0,307.0,1843.0,229.0,1228.0,3,0,7.0,3.1780538303479458
Saas Bahu Aur Sensex,2008.0,,"Comedy, Drama",5.1,94.0,2641.0,1058.0,696.0,282.0,3,1,4.0,4.553876891600541
Saas Bhi Kabhi Bahu Thi,1970.0,,"Comedy, Drama",6.5,26.0,2948.0,1972.0,1188.0,992.0,3,1,4.0,3.295836866004329
Saat Hindustani,1969.0,144.0,"Action, Adventure, Drama",6.5,197.0,1291.0,2396.0,912.0,323.0,3,1,0.0,5.288267030694535
Saat Rang Ke Sapne,1998.0,171.0,"Drama, Romance",5.9,96.0,1924.0,355.0,982.0,789.0,3,1,7.0,4.574710978503383
Saat Saheliyan,2010.0,,"Action, Comedy, Drama",3.2,12.0,2108.0,1766.0,2026.0,1760.0,3,1,0.0,2.5649493574615367
Saat Uchakkey,2016.0,139.0,Comedy,5.7,760.0,2473.0,1224.0,2756.0,71.0,3,0,4.0,6.634633357861686
Saath Saath,1982.0,117.0,Drama,7.1,264.0,2162.0,612.0,696.0,2377.0,3,0,7.0,5.579729825986222
Saathi,1968.0,156.0,"Drama, Romance",7.2,73.0,561.0,2510.0,1882.0,2586.0,3,1,7.0,4.30406509320417
Saathi,1991.0,175.0,"Action, Crime, Drama",6.2,183.0,1422.0,79.0,1419.0,2895.0,3,1,0.0,5.214935757608986
Saathiya,2002.0,138.0,"Drama, Family, Romance",6.8,6734.0,2538.0,2508.0,1958.0,2425.0,3,1,7.0,8.815073088844464
Saatwan Aasman,1992.0,130.0,Drama,5.1,75.0,1422.0,2507.0,1707.0,442.0,3,0,7.0,4.330733340286331
Saavi: A Bonded Bride,2015.0,150.0,Drama,6.7,9.0,2059.0,889.0,1301.0,630.0,3,0,7.0,2.302585092994046
Saawan... The Love Season,2006.0,123.0,"Drama, Fantasy, Romance",2.8,1177.0,2356.0,1939.0,2151.0,1156.0,3,1,7.0,7.071573364211532
Saawariya,2007.0,142.0,"Drama, Musical, Romance",5.2,7445.0,2457.0,1760.0,2468.0,2288.0,3,1,7.0,8.915432254432663
Saaya,1989.0,180.0,Horror,5.1,15.0,1276.0,2084.0,1714.0,637.0,3,0,11.0,2.772588722239781
Saaya,2003.0,135.0,"Drama, Fantasy, Mystery",5.8,913.0,297.0,937.0,2629.0,1353.0,3,1,7.0,6.81783057145415
Saaz Aur Awaaz,1966.0,135.0,"Drama, Mystery, Romance",5.1,11.0,2736.0,945.0,2129.0,1569.0,3,1,7.0,2.4849066497880004
Saazish,1988.0,,Action,5.0,44.0,2107.0,1635.0,1401.0,722.0,3,0,0.0,3.8066624897703196
Saazish,1975.0,132.0,"Action, Crime, Thriller",5.7,43.0,1203.0,1926.0,607.0,685.0,3,1,0.0,3.784189633918261
Saazish,1998.0,140.0,Drama,4.8,19.0,2755.0,861.0,1704.0,2948.0,3,0,7.0,2.995732273553991
Sab Kuch Hai Kuch Bhi Nahin,2005.0,,Drama,4.9,9.0,50.0,515.0,2773.0,1908.0,3,0,7.0,2.302585092994046
Sab Kushal Mangal,2020.0,132.0,Romance,4.4,215.0,1253.0,148.0,1779.0,2178.0,3,0,15.0,5.375278407684165
Sabki Bajegi Band,2015.0,108.0,"Comedy, Drama",3.5,68.0,270.0,2306.0,2326.0,1066.0,3,1,4.0,4.23410650459726
Saboot,1980.0,132.0,"Mystery, Thriller",6.5,80.0,2665.0,2370.0,1527.0,2920.0,3,1,14.0,4.394449154672439
Saboot Mangta Hain Kanoon,1994.0,144.0,"Action, Drama",3.4,8.0,2819.0,1667.0,219.0,2472.0,3,1,0.0,2.1972245773362196
Sabrang,2017.0,54.0,Drama,6.9,8.0,503.0,2192.0,665.0,1054.0,3,0,7.0,2.1972245773362196
Sabse Bada Be-Imaan,2000.0,,Action,4.6,9.0,971.0,322.0,1276.0,1293.0,3,0,0.0,2.302585092994046
Sabse Bada Khiladi,1995.0,162.0,"Action, Crime, Thriller",6.0,4363.0,2934.0,145.0,1268.0,1520.0,3,1,0.0,8.381144346952961
Sabse Bada Rupaiya,1976.0,135.0,Comedy,6.8,42.0,2314.0,1288.0,2793.0,1544.0,3,0,4.0,3.7612001156935624
Sabse Bada Sukh,1972.0,,"Comedy, Drama",6.1,15.0,962.0,2441.0,373.0,2025.0,3,1,4.0,2.772588722239781
Sabse Badhkar Hum,2002.0,,Action,2.6,19.0,1159.0,1199.0,1401.0,806.0,3,0,0.0,2.995732273553991
Sabse Badi Ganga Ki Saugandh,2003.0,114.0,Action,2.9,7.0,1174.0,810.0,607.0,826.0,3,0,0.0,2.0794415416798357
Sabuj Dwiper Raja,1979.0,109.0,"Adventure, Drama, Family",7.5,76.0,2885.0,1950.0,319.0,1305.0,3,1,1.0,4.343805421853684
Sach,1989.0,,Drama,5.9,10.0,3056.0,299.0,2794.0,914.0,3,0,7.0,2.3978952727983707
Sachaa Jhutha,1970.0,143.0,"Action, Comedy, Thriller",6.7,256.0,1482.0,1702.0,1455.0,2981.0,3,1,0.0,5.54907608489522
Sachaai,1969.0,160.0,"Drama, Comedy, Action",7.3,59.0,1160.0,2058.0,2112.0,2339.0,3,1,7.0,4.0943445622221
Sachai Ki Taqat,1989.0,135.0,"Action, Drama",4.5,39.0,2160.0,505.0,607.0,868.0,3,1,0.0,3.6888794541139363
Sachche Ka Bol-Bala,1989.0,,"Action, Adventure",5.7,42.0,670.0,616.0,900.0,1452.0,3,1,0.0,3.7612001156935624
Sachin - A Billion Dreams,2017.0,138.0,"Documentary, Sport",8.6,7711.0,1051.0,1899.0,1383.0,271.0,3,1,6.0,8.950532836290382
Sacred Evil,2006.0,109.0,Drama,5.8,25.0,46.0,52.0,2221.0,1314.0,3,0,7.0,3.258096538021482
Sadaa Suhagan,1986.0,,Drama,4.8,57.0,2160.0,919.0,2003.0,868.0,3,0,7.0,4.060443010546419
Sadak,1991.0,134.0,"Action, Drama, Romance",6.5,2331.0,1422.0,1969.0,1707.0,668.0,3,1,0.0,7.754481547470383
Sadak 2,2020.0,133.0,"Action, Drama",1.1,67785.0,1422.0,159.0,1783.0,2330.0,3,1,0.0,11.124110962931043
Sadak Chhap,1987.0,,"Crime, Drama",4.2,26.0,254.0,870.0,1647.0,2147.0,3,1,5.0,3.295836866004329
Sadda Adda,2012.0,130.0,"Comedy, Drama, Romance",7.1,1345.0,1596.0,1018.0,1058.0,2481.0,3,1,4.0,7.204892510204673
Sadhna,1958.0,137.0,Drama,7.2,66.0,446.0,2510.0,2549.0,1942.0,3,0,7.0,4.204692619390966
Sadhna,1993.0,,Drama,6.2,22.0,1159.0,1667.0,1120.0,1381.0,3,0,7.0,3.1354942159291497
Sadhu,2012.0,90.0,"Documentary, Adventure, Music",6.8,59.0,826.0,2281.0,2681.0,2853.0,1,1,6.0,4.0943445622221
Sadhu Aur Shaitaan,1968.0,155.0,"Comedy, Thriller",6.6,133.0,0.0,1288.0,452.0,1219.0,3,1,4.0,4.897839799950911
Sadhu Sant,1991.0,,Drama,3.9,17.0,1867.0,206.0,1401.0,920.0,3,0,7.0,2.8903717578961645
Sadiyaan: Boundaries Divide... Love Unites,2010.0,200.0,"Drama, Romance",4.5,75.0,2009.0,1818.0,818.0,1031.0,3,1,7.0,4.330733340286331
Sadma,1983.0,141.0,"Drama, Romance",8.4,3004.0,464.0,982.0,2488.0,877.0,3,1,7.0,8.008032846969307
Safar,1970.0,137.0,"Drama, Romance",7.2,364.0,399.0,1702.0,2312.0,795.0,3,1,7.0,5.8998973535824915
Safari,1999.0,,"Action, Adventure, Romance",4.5,242.0,1139.0,1969.0,982.0,2782.0,3,1,0.0,5.493061443340548
Safed Haathi,1977.0,,"Adventure, Drama, Family",7.3,59.0,2885.0,2441.0,361.0,2871.0,3,1,1.0,4.0943445622221
Safed Jhoot,1978.0,,"Comedy, Drama, Family",5.5,23.0,475.0,376.0,2793.0,1493.0,3,1,4.0,3.1780538303479458
Sagaai,1966.0,,"Drama, Action, Family",5.3,16.0,2323.0,1723.0,474.0,2134.0,3,1,7.0,2.833213344056216
Sagai,1951.0,129.0,Drama,6.1,10.0,919.0,1603.0,2000.0,934.0,3,0,7.0,2.3978952727983707
Sagar Sangam,1988.0,120.0,Drama,6.4,27.0,744.0,1304.0,2325.0,1756.0,3,0,7.0,3.332204510175204
Sagina,1974.0,,"Comedy, Drama, Family",7.1,86.0,2885.0,657.0,2129.0,329.0,3,1,4.0,4.465908118654584
Sahara,1943.0,,Unknown,6.1,9.0,1025.0,1820.0,1501.0,1845.0,3,0,19.0,2.302585092994046
Sahara,1958.0,135.0,"Drama, Family",5.6,17.0,1381.0,1273.0,1204.0,1248.0,3,1,7.0,2.8903717578961645
Sahasa Veerudu Sagara Kanya,1996.0,139.0,"Action, Adventure, Fantasy",6.0,151.0,1156.0,2428.0,2357.0,1360.0,3,1,0.0,5.0238805208462765
Sahasam,2013.0,150.0,"Action, Adventure",6.6,963.0,577.0,2362.0,2605.0,2438.0,3,1,0.0,6.871091294610546
Saheb Biwi Aur Gangster,2011.0,118.0,"Action, Crime, Drama",7.2,4028.0,2908.0,931.0,1248.0,2071.0,3,1,0.0,8.301273485191347
Saheb Biwi Aur Gangster 3,2018.0,140.0,"Action, Crime, Drama",4.4,744.0,2908.0,1969.0,960.0,1351.0,3,1,0.0,6.61338421837956
Saheb Biwi Aur Gangster Returns,2013.0,142.0,"Action, Crime, Drama",6.8,3857.0,2908.0,931.0,1248.0,970.0,3,1,0.0,8.257904193465674
Sahebzaade,1992.0,,"Action, Drama, Romance",4.3,71.0,118.0,1969.0,1547.0,78.0,3,1,0.0,4.276666119016055
Saheli,1965.0,,Romance,6.4,10.0,323.0,1563.0,2759.0,1998.0,3,0,15.0,2.3978952727983707
Sahhas,1981.0,133.0,Action,4.7,15.0,2230.0,1304.0,1975.0,1324.0,3,0,0.0,2.772588722239781
Sahi Dhandhe Galat Bande,2011.0,119.0,"Action, Comedy, Drama",4.8,263.0,1809.0,296.0,2306.0,2844.0,3,1,0.0,5.575949103146316
Sahib Bahadur,1977.0,,Comedy,7.0,27.0,591.0,616.0,1777.0,111.0,3,0,4.0,3.332204510175204
Sahib Bibi Aur Ghulam,1962.0,152.0,"Drama, Musical",8.3,1557.0,74.0,1273.0,784.0,2134.0,3,1,7.0,7.351158226430694
Sahibaan,1993.0,133.0,"Romance, Drama",5.7,191.0,2182.0,1835.0,2195.0,1338.0,3,1,15.0,5.2574953720277815
Sai Teri Maya,2001.0,115.0,Drama,8.4,5.0,2337.0,1381.0,1944.0,2853.0,2,0,7.0,1.791759469228055
Sailaab,1956.0,,"Drama, Family",7.9,18.0,879.0,1744.0,744.0,2601.0,3,1,7.0,2.9444389791664403
Sailaab,1990.0,,"Drama, Romance",5.4,185.0,648.0,79.0,1234.0,2423.0,3,1,7.0,5.225746673713202
Saina,2021.0,135.0,"Biography, Drama, Sport",4.2,3369.0,216.0,1344.0,1630.0,2185.0,3,1,3.0,8.122668023346407
Sainik,1993.0,145.0,"Action, Drama, Romance",6.1,1158.0,2676.0,145.0,366.0,786.0,3,1,0.0,7.055312843339752
Sainika,2002.0,150.0,"Action, Drama",6.7,18.0,1150.0,678.0,1519.0,1967.0,3,1,0.0,2.9444389791664403
Saiyan,1951.0,,"Drama, Family, Romance",6.9,21.0,1391.0,1165.0,96.0,2276.0,3,1,7.0,3.091042453358316
Sajan,1969.0,147.0,"Comedy, Mystery, Romance",7.1,61.0,1567.0,368.0,1308.0,1745.0,3,1,4.0,4.127134385045092
Sajana Doli Leke Aana,1997.0,,"Action, Crime, Thriller",4.0,6.0,1156.0,2428.0,1116.0,2065.0,3,1,0.0,1.9459101490553132
Sajjo Rani,1976.0,,Drama,6.4,7.0,864.0,1816.0,2062.0,1240.0,3,0,7.0,2.0794415416798357
Sajna Saath Nibhana,1986.0,132.0,Drama,4.1,9.0,1136.0,571.0,1550.0,1738.0,3,0,7.0,2.302585092994046
Sakalakala Vallavan,1982.0,138.0,"Action, Comedy, Romance",6.6,223.0,2339.0,982.0,150.0,2585.0,3,1,0.0,5.4116460518550396
Salaakhen,1998.0,165.0,"Action, Drama",5.4,421.0,865.0,2270.0,1980.0,312.0,3,1,0.0,6.045005314036012
Salaakhen,1975.0,129.0,"Action, Thriller",5.8,62.0,5.0,2082.0,2528.0,1469.0,3,1,0.0,4.143134726391533
Salaam Bacche,2007.0,77.0,"Drama, Family",5.8,36.0,1288.0,1591.0,1367.0,2109.0,3,1,7.0,3.6109179126442243
Salaam Bombay!,1988.0,113.0,"Crime, Drama",8.0,8801.0,1550.0,2036.0,220.0,208.0,3,1,5.0,9.082734247371036
Salaam Memsaab,1979.0,,"Drama, Comedy, Family",5.5,13.0,402.0,389.0,2859.0,3035.0,3,1,7.0,2.6390573296152584
Salaam Namaste,2005.0,158.0,"Comedy, Drama, Romance",6.2,6981.0,2670.0,1925.0,1758.0,360.0,3,1,4.0,8.851090687664982
Salaam Zindagi,2017.0,120.0,Drama,6.4,9.0,2859.0,424.0,813.0,704.0,3,0,7.0,2.302585092994046
Salaam-E-Ishq,2007.0,216.0,"Comedy, Drama, Musical",5.1,5260.0,1715.0,1939.0,1785.0,249.0,3,1,4.0,8.568076401730806
Salaami,1994.0,,Adventure,6.7,55.0,2550.0,418.0,2173.0,2212.0,3,0,1.0,4.02535169073515
Salim Langde Pe Mat Ro,1989.0,111.0,"Crime, Drama",7.6,456.0,2376.0,1538.0,1255.0,416.0,3,1,5.0,6.124683390894205
Sallu Ki Shaadi,2017.0,109.0,Romance,3.6,39.0,1558.0,352.0,2864.0,2317.0,3,0,15.0,3.6888794541139363
Salma Pe Dil Aa Gaya,1997.0,149.0,Drama,5.6,26.0,2356.0,418.0,2092.0,1481.0,3,0,7.0,3.295836866004329
Samadhan,1980.0,128.0,Drama,7.3,6.0,1075.0,667.0,1816.0,2873.0,3,0,7.0,1.9459101490553132
Samadhi,1950.0,165.0,Drama,6.9,34.0,2180.0,376.0,1484.0,1248.0,3,0,7.0,3.5553480614894135
Samadhi,1972.0,139.0,"Action, Drama, Romance",6.6,110.0,1867.0,368.0,607.0,1036.0,3,1,0.0,4.709530201312334
Samaj Ko Badal Dalo,1970.0,162.0,Drama,6.2,14.0,2948.0,2069.0,1668.0,1845.0,3,0,7.0,2.70805020110221
Samar,1998.0,126.0,Drama,7.5,31.0,2661.0,1709.0,1898.0,2110.0,3,0,7.0,3.4657359027997265
Samarasimha Reddy,1999.0,148.0,"Action, Drama",7.1,466.0,847.0,1391.0,2430.0,265.0,3,1,0.0,6.1463292576688975
Samarat Prithviraj Chauvan,1959.0,145.0,"Adventure, History, Thriller",6.7,9.0,925.0,1509.0,216.0,2847.0,3,1,1.0,2.302585092994046
Samay Ki Dhaara,1986.0,,Drama,6.8,11.0,2680.0,2084.0,2263.0,2982.0,3,0,7.0,2.4849066497880004
Samay: When Time Strikes,2003.0,136.0,"Crime, Mystery, Thriller",6.9,1830.0,2267.0,2300.0,1200.0,2837.0,3,1,5.0,7.5126175446745105
'Sambandh',1969.0,,"Drama, Family",6.6,16.0,140.0,582.0,231.0,2695.0,3,1,7.0,2.833213344056216
Sambaram,2003.0,,Drama,6.0,61.0,627.0,753.0,431.0,2913.0,3,0,7.0,4.127134385045092
Sameer,2017.0,129.0,Drama,5.4,219.0,617.0,1317.0,1341.0,1034.0,3,0,7.0,5.393627546352362
Sameera,1981.0,,"Drama, Family",3.8,5.0,3044.0,1304.0,1668.0,2417.0,3,1,7.0,1.791759469228055
Samjhauta,1973.0,,"Drama, Family",6.1,11.0,140.0,248.0,2844.0,1831.0,3,1,7.0,2.4849066497880004
Sampark,1979.0,128.0,Drama,6.7,7.0,978.0,1163.0,755.0,1446.0,3,0,7.0,2.0794415416798357
Sampoorna Mahabharat,1983.0,155.0,"Action, Adventure, Drama",7.8,10.0,458.0,916.0,327.0,727.0,3,1,0.0,2.3978952727983707
Sampoorna Ramayana,1961.0,183.0,"Drama, Adventure, Action",7.4,49.0,458.0,1176.0,216.0,2695.0,3,1,7.0,3.912023005428146
Samraat,1982.0,161.0,"Action, Adventure, Comedy",5.8,146.0,1567.0,631.0,949.0,920.0,3,1,0.0,4.990432586778736
Samrajyam,2009.0,,"Action, Crime, Mystery",4.2,9.0,2984.0,2248.0,1787.0,1361.0,3,1,0.0,2.302585092994046
Samrat & Co.,2014.0,125.0,"Mystery, Thriller",6.2,1227.0,1265.0,1693.0,1214.0,858.0,3,1,14.0,7.113142108707088
Samrat Chandragupt,1958.0,105.0,"Adventure, Drama, History",6.1,15.0,458.0,1463.0,448.0,460.0,3,1,1.0,2.772588722239781
Samson,1964.0,138.0,"Action, Adventure",6.0,20.0,1658.0,575.0,155.0,795.0,3,1,0.0,3.044522437723423
Samudram,1999.0,,"Action, Crime, Drama",6.6,99.0,1330.0,874.0,2618.0,686.0,3,1,0.0,4.605170185988092
Samundar,1986.0,144.0,"Action, Crime, Drama",5.5,139.0,2005.0,2270.0,1714.0,312.0,3,1,0.0,4.941642422609304
Samundari Daku,1956.0,,Action,6.4,5.0,17.0,1406.0,1471.0,1082.0,3,0,0.0,1.791759469228055
Sanam,1951.0,,"Comedy, Drama, Romance",6.7,17.0,1664.0,616.0,2564.0,1448.0,3,1,4.0,2.8903717578961645
Sanam,1997.0,152.0,"Action, Drama, Romance",4.8,87.0,429.0,1969.0,2818.0,1393.0,3,1,0.0,4.477336814478207
Sanam Bewafa,1991.0,160.0,"Drama, Romance",5.4,1212.0,2356.0,1939.0,508.0,1141.0,3,1,7.0,7.10085190894405
Sanam Harjai,1995.0,,"Drama, Romance",4.8,16.0,2356.0,819.0,2092.0,2588.0,3,1,7.0,2.833213344056216
Sanam Hum Aapke Hain...,2009.0,,"Drama, Romance",5.5,12.0,124.0,721.0,717.0,1053.0,3,1,7.0,2.5649493574615367
Sanam Re,2016.0,120.0,"Drama, Romance",3.2,2936.0,740.0,1835.0,1798.0,3022.0,3,1,7.0,7.98514393119862
Sanam Teri Kasam,1982.0,,"Action, Comedy, Drama",6.0,125.0,1670.0,982.0,1998.0,992.0,3,1,0.0,4.836281906951478
Sanam Teri Kasam,2009.0,170.0,"Action, Drama, Romance",4.8,152.0,1373.0,1925.0,376.0,1805.0,3,1,0.0,5.030437921392435
Sanam Teri Kasam,2016.0,154.0,"Drama, Musical, Romance",7.4,10855.0,1984.0,2478.0,808.0,1439.0,3,1,7.0,9.292473201514705
Sandakozhi,2005.0,151.0,Action,6.9,594.0,1625.0,2495.0,1363.0,1971.0,3,0,0.0,6.38856140554563
Sandeep Aur Pinky Faraar,2021.0,125.0,"Comedy, Crime, Drama",6.3,6489.0,709.0,1524.0,298.0,1000.0,3,1,4.0,8.778017809698136
Sandhya,2003.0,,Thriller,5.8,17.0,2439.0,870.0,1980.0,418.0,3,0,18.0,2.8903717578961645
Sandwich,2006.0,152.0,"Comedy, Thriller",5.4,819.0,244.0,767.0,1980.0,1353.0,3,1,4.0,6.709304340258298
Sangam,1964.0,238.0,"Drama, Musical, Romance",7.5,1611.0,2010.0,1670.0,1882.0,3012.0,3,1,7.0,7.385230923066573
Sangdil,1952.0,150.0,"Drama, Mystery, Romance",7.3,96.0,1959.0,1165.0,622.0,2448.0,3,1,7.0,4.574710978503383
Sangdil Sanam,1994.0,156.0,"Drama, Romance",4.2,522.0,2640.0,230.0,439.0,1215.0,3,1,7.0,6.259581464064923
Sange Meel Se Mulaqat,1989.0,90.0,Documentary,8.1,22.0,855.0,502.0,80.0,2853.0,2,0,6.0,3.1354942159291497
Sangeet,1992.0,144.0,"Drama, Romance",5.6,150.0,1168.0,1167.0,900.0,1729.0,3,1,7.0,5.017279836814924
Sangeet Samrat Tansen,1962.0,,"Biography, Drama, Music",6.7,11.0,2336.0,463.0,216.0,1561.0,3,1,3.0,2.4849066497880004
Sangharsh,1999.0,127.0,"Action, Crime, Drama",6.8,5235.0,2878.0,1598.0,114.0,418.0,3,1,0.0,8.56331312702979
Sangharsha,1993.0,,Unknown,7.1,17.0,2800.0,2060.0,383.0,2056.0,3,0,19.0,2.8903717578961645
Sangram,1976.0,,"Drama, Action, Crime",4.5,11.0,918.0,2084.0,1998.0,637.0,3,1,7.0,2.4849066497880004
Sangram,1950.0,139.0,Drama,6.7,30.0,883.0,376.0,1484.0,2472.0,3,0,7.0,3.4339872044851463
Sangram,1993.0,156.0,"Drama, Romance",3.2,197.0,1373.0,108.0,390.0,1175.0,3,1,7.0,5.288267030694535
Sanjay,1995.0,,Crime,3.5,16.0,2550.0,418.0,2286.0,2278.0,3,0,5.0,2.833213344056216
Sanjeevani,2018.0,,Drama,2.8,23.0,2228.0,1228.0,2681.0,2853.0,1,0,7.0,3.1780538303479458
Sanjh Aur Savera,1964.0,134.0,"Drama, Family",7.0,50.0,962.0,1273.0,784.0,1469.0,3,1,7.0,3.9318256327243257
Sanjog,1943.0,122.0,"Comedy, Drama",6.9,13.0,41.0,1487.0,273.0,1472.0,3,1,4.0,2.6390573296152584
Sanjog,1961.0,,"Comedy, Drama, Romance",5.9,17.0,1872.0,1563.0,216.0,2556.0,3,1,4.0,2.8903717578961645
Sanjog,1972.0,150.0,"Comedy, Drama, Family",6.2,133.0,2342.0,1181.0,173.0,371.0,3,1,4.0,4.897839799950911
Sanjog,1985.0,148.0,Drama,7.0,85.0,1168.0,919.0,934.0,2982.0,3,0,7.0,4.454347296253507
Sanju,2018.0,155.0,"Biography, Comedy, Drama",7.7,49199.0,2106.0,1760.0,1665.0,1393.0,3,1,3.0,10.803648902480399
Sankat City,2009.0,120.0,"Comedy, Crime, Drama",6.2,609.0,1781.0,1039.0,2021.0,312.0,3,1,4.0,6.413458957167357
Sankham,2009.0,155.0,"Action, Comedy",5.0,136.0,2682.0,2362.0,2663.0,592.0,3,1,0.0,4.919980925828125
Sankoch,1976.0,113.0,"Drama, Romance",6.4,18.0,254.0,919.0,2528.0,2963.0,3,1,7.0,2.9444389791664403
Sannata,1981.0,125.0,"Horror, Mystery",6.6,42.0,2665.0,2370.0,2749.0,544.0,3,1,11.0,3.7612001156935624
Sansani: The Sensation,1981.0,,Thriller,4.9,9.0,996.0,2489.0,468.0,1186.0,3,0,18.0,2.302585092994046
Sansar,1971.0,,"Drama, Family",6.7,7.0,712.0,1425.0,258.0,38.0,3,1,7.0,2.0794415416798357
Sansar,1987.0,,Drama,6.9,166.0,2160.0,1818.0,1852.0,312.0,3,0,7.0,5.117993812416755
Sanshodhan,1996.0,165.0,Drama,7.3,67.0,861.0,1224.0,2715.0,1217.0,3,0,7.0,4.219507705176107
Sant Dnyaneshwar,1940.0,139.0,Fantasy,7.9,45.0,3078.0,2089.0,2281.0,649.0,3,0,9.0,3.828641396489095
Sant Dnyaneshwar,1940.0,137.0,Biography,8.1,9.0,3078.0,2089.0,2281.0,649.0,3,0,3.0,2.302585092994046
Sant Gyaneshwar,1964.0,,Musical,8.0,10.0,1457.0,2239.0,2565.0,465.0,3,0,13.0,2.3978952727983707
Sant Gyaneshwar,1982.0,129.0,"Biography, History",6.5,10.0,2751.0,994.0,1243.0,685.0,3,1,3.0,2.3978952727983707
Sant Ravidas Ki Amar Kahani,1983.0,,Fantasy,8.5,6.0,458.0,1313.0,950.0,401.0,3,0,9.0,1.9459101490553132
Sant Tukaram,1937.0,131.0,Biography,6.7,229.0,3078.0,2089.0,2807.0,824.0,3,0,3.0,5.438079308923196
Santa Banta Pvt Ltd,2016.0,112.0,"Comedy, Crime, Drama",2.8,247.0,148.0,511.0,2800.0,1672.0,3,1,4.0,5.5134287461649825
Santaan,1993.0,161.0,"Drama, Family",5.8,40.0,1668.0,919.0,1436.0,668.0,3,1,7.0,3.713572066704308
Santosh,1989.0,146.0,"Drama, Family",6.7,37.0,461.0,1230.0,1603.0,2041.0,3,1,7.0,3.6375861597263857
Santosham,2002.0,150.0,"Drama, Romance",7.1,545.0,627.0,579.0,1473.0,2551.0,3,1,7.0,6.302618975744905
Sanyasi,1975.0,155.0,Drama,6.8,62.0,2690.0,1230.0,818.0,1874.0,3,0,7.0,4.143134726391533
Sanyasi Mera Naam,1999.0,,Action,4.8,11.0,971.0,1758.0,1401.0,2577.0,3,0,0.0,2.4849066497880004
Sapne Saajan Ke,1992.0,162.0,"Drama, Romance",3.3,141.0,1373.0,870.0,629.0,1175.0,3,1,7.0,4.955827057601261
Sapne Suhane,1961.0,,Romance,4.6,5.0,1269.0,442.0,744.0,593.0,3,0,15.0,1.791759469228055
Sapnon Ka Mandir,1991.0,,"Action, Crime, Drama",4.3,20.0,1856.0,919.0,934.0,1081.0,3,1,0.0,3.044522437723423
Sapnon Ka Saudagar,1968.0,168.0,Romance,7.2,80.0,1425.0,1670.0,818.0,1045.0,3,0,15.0,4.394449154672439
Sapoot,1996.0,158.0,"Action, Crime, Drama",5.2,1041.0,1029.0,145.0,2552.0,1175.0,3,1,0.0,6.948897222313312
Saqi,1952.0,,"Fantasy, Romance",6.7,13.0,919.0,1603.0,1230.0,542.0,3,1,9.0,2.6390573296152584
Sar Ankhon Par,1999.0,,Drama,6.4,85.0,884.0,282.0,2398.0,309.0,3,0,7.0,4.454347296253507
Sar Kati Laash,1999.0,,Horror,3.1,7.0,2899.0,2050.0,1213.0,2039.0,3,0,11.0,2.0794415416798357
Sar Utha Ke Jiyo,1998.0,,"Action, Romance",2.5,149.0,2676.0,1405.0,1223.0,1380.0,3,1,0.0,5.0106352940962555
Sara Akash,1969.0,100.0,Drama,7.2,60.0,475.0,1162.0,1919.0,723.0,3,0,7.0,4.110873864173311
Sarabha,2018.0,137.0,Fantasy,6.8,65.0,1627.0,1403.0,7.0,1489.0,3,0,9.0,4.189654742026425
Sarala,1936.0,157.0,Unknown,6.4,9.0,1916.0,1789.0,1203.0,946.0,3,0,19.0,2.302585092994046
Saranga,1961.0,130.0,"Action, Drama, Romance",4.5,24.0,701.0,2233.0,945.0,1701.0,3,1,0.0,3.2188758248682006
Saraswathi Sabatham,1966.0,159.0,"Comedy, Drama, Fantasy",7.3,117.0,14.0,2105.0,748.0,695.0,3,1,4.0,4.770684624465665
Saraswatichandra,1968.0,156.0,"Drama, Romance",6.4,127.0,864.0,1490.0,1281.0,2937.0,3,1,7.0,4.852030263919617
Sarbjit,2016.0,131.0,"Biography, Drama",7.3,4497.0,1746.0,1761.0,85.0,2144.0,3,1,3.0,8.411388132519262
Sardaar Gabbar Singh,2016.0,164.0,"Action, Comedy, Crime",4.7,2361.0,1186.0,976.0,2655.0,1789.0,3,1,0.0,7.767263996757308
Sardar,1993.0,175.0,"Biography, Drama, History",7.9,715.0,1279.0,1522.0,2656.0,669.0,3,1,3.0,6.573680166960646
Sardar,1967.0,,"Action, History",7.3,10.0,458.0,118.0,815.0,2496.0,3,1,0.0,2.3978952727983707
Sardar,1955.0,,Biography,8.0,15.0,883.0,376.0,466.0,995.0,3,0,3.0,2.772588722239781
Sardar Ka Grandson,2021.0,139.0,"Comedy, Drama, Romance",4.1,3773.0,1190.0,1440.0,298.0,2045.0,3,1,4.0,8.235890725928495
Sardari Begum,1996.0,116.0,Drama,6.6,189.0,2661.0,215.0,1102.0,2602.0,3,0,7.0,5.247024072160486
Sa-Re-Ga-Ma-Pa,1972.0,,"Comedy, Family, Musical",4.4,7.0,2519.0,2290.0,134.0,992.0,3,1,4.0,2.0794415416798357
Sarfarosh,1985.0,157.0,Drama,5.2,37.0,1668.0,389.0,1024.0,501.0,3,0,7.0,3.6375861597263857
Sarfarosh,1999.0,174.0,"Action, Drama",8.1,24454.0,1119.0,18.0,1510.0,2625.0,3,1,0.0,10.104589972973457
Sargam,1979.0,145.0,"Musical, Romance",6.8,159.0,1168.0,1835.0,934.0,2478.0,3,1,13.0,5.075173815233827
Sargam,1950.0,135.0,"Drama, Family",6.9,33.0,1767.0,1670.0,2000.0,1745.0,3,1,7.0,3.5263605246161616
Sargoshiyan,2017.0,106.0,Drama,6.2,33.0,972.0,2448.0,865.0,2350.0,3,0,7.0,3.5263605246161616
Sarhad,1960.0,118.0,Drama,7.5,20.0,2572.0,616.0,2501.0,1952.0,3,0,7.0,3.044522437723423
Sarhad Paar,2006.0,117.0,"Action, Drama",3.9,116.0,2162.0,1175.0,2607.0,2330.0,3,1,0.0,4.762173934797756
Sarhad: The Border of Crime,1995.0,,"Action, Crime, Drama",3.3,12.0,1418.0,1667.0,688.0,668.0,3,1,0.0,2.5649493574615367
Sarivar Sari,2005.0,126.0,Drama,7.0,39.0,803.0,1166.0,1410.0,1662.0,3,0,7.0,3.6888794541139363
Sarkar,2005.0,124.0,"Action, Crime, Drama",7.6,16038.0,2146.0,206.0,42.0,1188.0,3,1,0.0,9.682778535337379
Sarkar 3,2017.0,130.0,"Action, Crime, Drama",4.9,1905.0,2146.0,1224.0,173.0,3022.0,3,1,0.0,7.552762084214147
Sarkar Raj,2008.0,125.0,"Action, Crime, Drama",6.7,7295.0,2146.0,206.0,42.0,100.0,3,1,0.0,8.895081531754167
Sarkari Mehman,1979.0,135.0,"Drama, Family",4.8,10.0,1630.0,2487.0,922.0,203.0,3,1,7.0,2.3978952727983707
Sarphira,1992.0,,Action,4.8,43.0,373.0,1969.0,1221.0,1202.0,3,0,0.0,3.784189633918261
Sasti Dulhan Mahenga Dulha,1986.0,148.0,Drama,5.3,12.0,496.0,1170.0,313.0,488.0,3,0,7.0,2.5649493574615367
Sasural,1961.0,,"Action, Comedy, Drama",6.4,36.0,2862.0,1695.0,2225.0,1469.0,3,1,0.0,3.6109179126442243
Sasural,1984.0,164.0,"Drama, Family",5.4,11.0,860.0,344.0,2113.0,501.0,3,1,7.0,2.4849066497880004
Satah Se Uthata Aadmi,1980.0,114.0,Drama,6.7,68.0,1454.0,465.0,2742.0,2385.0,3,0,7.0,4.23410650459726
Satellite Shankar,2019.0,135.0,"Action, Drama",6.3,928.0,994.0,2199.0,209.0,1461.0,3,1,0.0,6.834108738813838
Sathyam,2008.0,137.0,"Action, Drama",5.0,210.0,2116.0,2495.0,1538.0,558.0,3,1,0.0,5.351858133476067
Sathyavaan Savithri,1977.0,,"Biography, Drama, History",5.3,18.0,1766.0,982.0,2488.0,1751.0,3,1,3.0,2.9444389791664403
Sati Naag Kanya,1983.0,,"Drama, Adventure, Action",5.6,11.0,458.0,1442.0,2773.0,1383.0,3,1,7.0,2.4849066497880004
Sati Savitri,1964.0,,Fantasy,6.9,7.0,2581.0,1176.0,224.0,1057.0,3,0,9.0,2.0794415416798357
Satrangee Parachute,2011.0,115.0,"Comedy, Drama, Family",5.3,66.0,3046.0,1974.0,2857.0,1304.0,3,1,4.0,4.204692619390966
Satta,2003.0,153.0,"Crime, Drama",6.8,544.0,1412.0,1791.0,378.0,2545.0,3,1,5.0,6.300785794663244
Satta Bazaar,1959.0,,Drama,6.5,23.0,2234.0,1273.0,428.0,1082.0,3,0,7.0,3.1780538303479458
Satte Pe Satta,1982.0,160.0,"Action, Comedy, Drama",7.2,3139.0,2019.0,206.0,818.0,2083.0,3,1,0.0,8.0519780789023
Satya,1998.0,170.0,"Action, Crime, Drama",8.2,13918.0,2146.0,867.0,1305.0,2861.0,3,1,0.0,9.5410100922274
Satya 2,2013.0,142.0,"Action, Crime, Drama",5.9,940.0,2146.0,1627.0,2316.0,219.0,3,1,0.0,6.846943139585379
Satyabhama,2007.0,,"Drama, Romance",3.8,8.0,2711.0,432.0,412.0,1947.0,3,1,7.0,2.1972245773362196
Satyagraha,2013.0,152.0,Drama,5.9,4964.0,1864.0,206.0,1059.0,104.0,3,0,7.0,8.510168576479273
Satyajit Ray,1982.0,131.0,"Documentary, Biography",7.2,103.0,2661.0,2434.0,2436.0,1746.0,3,1,6.0,4.6443908991413725
Satyakam,1969.0,175.0,Drama,8.2,690.0,962.0,376.0,607.0,2464.0,3,0,7.0,6.53813982376767
Satyam Shivam Sundaram: Love Sublime,1978.0,172.0,"Drama, Romance",7.1,999.0,2010.0,2082.0,2864.0,1145.0,3,1,7.0,6.907755278982137
Satyamev Jayate,1987.0,,"Action, Drama",6.7,94.0,2019.0,2487.0,1357.0,1325.0,3,1,0.0,4.553876891600541
Satyameva Jayate,2000.0,141.0,"Crime, Thriller",5.2,90.0,3029.0,2291.0,82.0,469.0,3,1,5.0,4.51085950651685
Satyameva Jayate,2018.0,140.0,"Action, Crime, Drama",5.7,6302.0,1543.0,937.0,1305.0,98.0,3,1,0.0,8.74878098951311
Satyavati,2016.0,,Crime,8.2,94.0,662.0,865.0,2408.0,284.0,3,0,5.0,4.553876891600541
Sau Crore,1991.0,158.0,"Mystery, Thriller",4.0,46.0,670.0,616.0,2475.0,2960.0,3,1,14.0,3.8501476017100584
Sau Din Saas Ke,1980.0,,Drama,6.0,40.0,3022.0,376.0,1852.0,2130.0,3,0,7.0,3.713572066704308
Sau Jhooth Ek Sach,2004.0,110.0,"Drama, Thriller",7.2,70.0,471.0,1186.0,1195.0,1087.0,3,1,7.0,4.2626798770413155
Sau Saal Baad,1989.0,,Horror,3.4,17.0,1560.0,810.0,2124.0,2730.0,3,0,11.0,2.8903717578961645
Sauda,1995.0,132.0,Romance,3.8,24.0,2177.0,2252.0,1547.0,2948.0,3,0,15.0,3.2188758248682006
Saudagar,1973.0,131.0,"Drama, Family",7.2,733.0,2750.0,206.0,1628.0,2830.0,3,1,7.0,6.598509028614515
Saudagar,1991.0,213.0,"Action, Drama, Romance",6.8,1279.0,2730.0,657.0,1813.0,3007.0,3,1,0.0,7.154615356913663
Saugandh,1991.0,153.0,"Action, Drama, Romance",5.8,925.0,2019.0,1735.0,114.0,2453.0,3,1,0.0,6.8308742346461795
Saugandh Geeta Ki,2001.0,97.0,Action,3.8,6.0,3098.0,861.0,819.0,1798.0,3,0,0.0,1.9459101490553132
Sautela,1999.0,139.0,Action,4.7,13.0,2160.0,2473.0,1401.0,877.0,3,0,0.0,2.6390573296152584
Sautela Bhai,1962.0,,"Drama, Family",7.3,10.0,1425.0,307.0,422.0,2230.0,3,1,7.0,2.3978952727983707
Sautela Bhai,1996.0,144.0,Drama,6.0,25.0,447.0,1702.0,1852.0,1251.0,3,0,7.0,3.258096538021482
Savera,1958.0,,"Crime, Drama",7.2,9.0,2519.0,376.0,1355.0,542.0,3,1,5.0,2.302585092994046
Saveray Wali Gaadi,1986.0,135.0,Drama,6.2,58.0,502.0,2270.0,1714.0,1872.0,3,0,7.0,4.07753744390572
Sawaal,1982.0,123.0,"Drama, Family, Romance",6.1,56.0,2182.0,1980.0,2827.0,2472.0,3,1,7.0,4.04305126783455
Sawan Bhadon,1970.0,155.0,"Action, Romance, Thriller",6.5,41.0,1567.0,1425.0,2003.0,2566.0,3,1,0.0,3.7376696182833684
Sawan Ki Ghata,1966.0,136.0,"Musical, Romance",6.3,55.0,2563.0,1230.0,2312.0,1567.0,3,1,13.0,4.02535169073515
Sawan Ko Aane Do,1979.0,153.0,"Musical, Drama, Romance",7.6,64.0,1224.0,1840.0,315.0,1013.0,3,1,13.0,4.174387269895637
Say Salaam India: 'Let's Bring the Cup Home',2007.0,130.0,"Drama, Sport",6.3,94.0,2731.0,1195.0,1386.0,2335.0,3,1,7.0,4.553876891600541
Say Yes to Love,2012.0,115.0,Romance,5.5,14.0,1435.0,1430.0,2148.0,1264.0,3,0,15.0,2.70805020110221
Sayonee,2020.0,111.0,"Action, Musical, Romance",7.6,566.0,1728.0,35.0,2620.0,1579.0,3,1,0.0,6.340359303727752
Sazaa,1951.0,111.0,"Drama, Family",6.2,36.0,768.0,616.0,1596.0,2566.0,3,1,7.0,3.6109179126442243
Sazaa,1972.0,,"Action, Thriller",5.0,6.0,565.0,376.0,1732.0,1109.0,3,1,0.0,1.9459101490553132
Sazaye Maut,1981.0,,"Crime, Drama",7.0,80.0,3000.0,1405.0,1822.0,1619.0,3,1,5.0,4.394449154672439
School,2004.0,,Drama,6.6,13.0,1896.0,2528.0,1983.0,2576.0,3,0,7.0,2.6390573296152584
School Girl,1999.0,,Drama,8.0,50.0,1300.0,311.0,1857.0,1099.0,3,0,7.0,3.9318256327243257
School Master,1958.0,185.0,Unknown,7.0,18.0,436.0,427.0,1210.0,715.0,3,0,19.0,2.9444389791664403
Scorned,2020.0,104.0,Thriller,2.5,25.0,2880.0,2336.0,1711.0,1772.0,3,0,18.0,3.258096538021482
Scotland,2019.0,120.0,Crime,5.3,406.0,1476.0,59.0,1090.0,602.0,3,0,5.0,6.008813185442595
Scream of the Ants,2006.0,85.0,"Adventure, Drama",6.0,856.0,1584.0,1185.0,1253.0,1176.0,3,1,1.0,6.75343791859778
Searching for Sheela,2021.0,58.0,"Documentary, Biography, Crime",4.1,553.0,2564.0,1155.0,2379.0,318.0,3,1,6.0,6.317164686747284
Seasons Greeting,2019.0,47.0,Drama,6.5,32.0,2148.0,1136.0,2385.0,576.0,3,0,7.0,3.4965075614664802
Second Hand Husband,2015.0,105.0,"Comedy, Romance",3.8,156.0,2683.0,631.0,2198.0,2933.0,3,1,4.0,5.056245805348308
Second Marriage Dot Com,2012.0,130.0,Drama,7.5,55.0,816.0,2223.0,2603.0,2054.0,3,0,7.0,4.02535169073515
Secret Attack,2020.0,,Drama,8.6,21.0,942.0,1543.0,488.0,417.0,3,0,7.0,3.091042453358316
Secret Superstar,2017.0,150.0,"Drama, Music",7.8,21923.0,93.0,2543.0,1374.0,1964.0,3,1,7.0,9.995337206166006
Secrets of Sinauli,2021.0,56.0,"Documentary, History",9.3,1373.0,1987.0,1224.0,1809.0,1105.0,3,1,6.0,7.2254814727822945
Secrets of the Seven Sounds,2008.0,,"Animation, Adventure, Fantasy",3.8,9.0,2100.0,1532.0,733.0,1226.0,3,1,2.0,2.302585092994046
Section 375,2019.0,124.0,"Crime, Drama, Mystery",8.1,13045.0,108.0,148.0,2014.0,1954.0,3,1,5.0,9.476236852356042
Seeking Happily Ever After,2018.0,104.0,"Drama, Romance",6.8,1117.0,916.0,2108.0,247.0,760.0,3,1,7.0,7.0192966537150445
Seeking True Love,2017.0,116.0,"Comedy, Romance",7.5,20275.0,396.0,421.0,1131.0,2023.0,3,1,4.0,9.91719319959224
Seema,1971.0,,"Drama, Family",6.0,13.0,2823.0,1734.0,1003.0,2586.0,3,1,7.0,2.6390573296152584
Seema,1955.0,140.0,Drama,6.8,103.0,211.0,1490.0,428.0,2711.0,3,0,7.0,4.6443908991413725
Seepeeyan,1984.0,,Drama,6.8,12.0,144.0,1494.0,1962.0,655.0,3,0,7.0,2.5649493574615367
Seeta,1934.0,,Unknown,6.4,9.0,636.0,1352.0,611.0,871.0,3,0,19.0,2.302585092994046
Seeta Aur Geeta,1972.0,162.0,"Adventure, Comedy, Drama",6.8,1768.0,2181.0,631.0,2202.0,920.0,3,1,1.0,7.478169694159785
Seetharamula Kalyanam Lankalo,2010.0,142.0,"Action, Comedy, Drama",4.4,119.0,3101.0,789.0,1611.0,147.0,3,1,0.0,4.787491742782046
Seevalaperi Pandi,1994.0,114.0,"Action, Thriller",6.8,44.0,1894.0,92.0,1500.0,1927.0,3,1,0.0,3.8066624897703196
Sehar,2005.0,125.0,"Action, Crime, Drama",7.7,2082.0,1191.0,341.0,1658.0,1353.0,3,1,0.0,7.641564441260972
Sehra,1963.0,,"Drama, Romance",6.0,40.0,2579.0,1961.0,1174.0,1854.0,3,1,7.0,3.713572066704308
Sengottai,1996.0,150.0,Action,6.9,15.0,560.0,1680.0,1868.0,1447.0,3,0,0.0,2.772588722239781
Serious Men,2020.0,114.0,"Comedy, Drama",6.8,6382.0,2753.0,1897.0,1534.0,1626.0,3,1,4.0,8.761393485256058
Setters,2019.0,126.0,Thriller,5.3,246.0,395.0,2121.0,72.0,2635.0,3,0,18.0,5.5093883366279774
Sewak,1975.0,,Drama,6.7,9.0,2330.0,2487.0,1559.0,2081.0,3,0,7.0,2.302585092994046
Shaadi,1962.0,,"Action, Comedy, Drama",7.2,28.0,1952.0,1877.0,428.0,2273.0,3,1,0.0,3.367295829986474
Shaadi Abhi Baaki Hai,2017.0,127.0,Drama,5.2,11.0,1500.0,195.0,1759.0,2633.0,3,0,7.0,2.4849066497880004
Shaadi Ka Laddoo,2004.0,,Comedy,5.1,99.0,2011.0,1978.0,1274.0,24.0,3,0,4.0,4.605170185988092
Shaadi Karke Phas Gaya Yaar,2006.0,152.0,"Comedy, Drama, Romance",4.1,1143.0,1180.0,1939.0,2357.0,2127.0,3,1,4.0,7.042286171939743
Shaadi Ke Baad,1972.0,134.0,Comedy,5.1,28.0,1362.0,919.0,1921.0,2480.0,3,0,4.0,3.367295829986474
Shaadi ke patasey,2019.0,90.0,Drama,6.9,7.0,2548.0,328.0,2633.0,1576.0,3,0,7.0,2.0794415416798357
Shaadi Ke Side Effects,2014.0,145.0,"Comedy, Romance",5.6,3882.0,2394.0,703.0,2745.0,2986.0,3,1,4.0,8.264363329731667
Shaadi Mein Zaroor Aana,2017.0,137.0,"Drama, Romance",7.6,13387.0,2209.0,1718.0,1129.0,1104.0,3,1,7.0,9.502114062331216
Shaadi No. 1,2005.0,129.0,Comedy,3.5,892.0,629.0,700.0,2860.0,2463.0,3,0,4.0,6.794586580876499
Shaadi Se Pehle,2006.0,122.0,"Comedy, Musical, Romance",4.1,737.0,2508.0,148.0,393.0,1367.0,3,1,4.0,6.6039438246004725
Shaadi Teri Bajayenge Hum Band,2018.0,140.0,Comedy,4.9,180.0,878.0,1648.0,1820.0,2539.0,3,0,4.0,5.198497031265826
Shaadisthan,2021.0,94.0,"Drama, Musical",6.0,191.0,2025.0,1483.0,2194.0,1212.0,3,1,7.0,5.2574953720277815
Shaan,1980.0,181.0,"Action, Adventure, Crime",7.1,2596.0,2181.0,2262.0,2321.0,199.0,3,1,0.0,7.862112211662748
Shaandaar,2015.0,144.0,"Comedy, Drama, Romance",3.5,5250.0,3031.0,2042.0,130.0,1767.0,3,1,4.0,8.566173813637858
Shaapit: The Cursed,2010.0,145.0,"Adventure, Horror, Romance",5.4,844.0,3035.0,78.0,2401.0,2554.0,3,1,1.0,6.739336627357174
Shaayad,1979.0,,Drama,5.3,14.0,1405.0,2452.0,1557.0,1623.0,3,0,7.0,2.70805020110221
Shabab,1954.0,,"Drama, Romance",5.5,25.0,1391.0,463.0,1628.0,2564.0,3,1,7.0,3.258096538021482
Shabd,2005.0,140.0,"Drama, Thriller",5.1,1359.0,1379.0,1969.0,85.0,3056.0,3,1,7.0,7.215239978730097
Shabnam,1949.0,154.0,"Drama, Family, Romance",6.6,32.0,517.0,657.0,2411.0,619.0,3,1,7.0,3.4965075614664802
Shabnam,1964.0,,"Action, Adventure, Comedy",5.4,18.0,401.0,1288.0,1164.0,2496.0,3,1,0.0,2.9444389791664403
Shabnam Mausi,2005.0,150.0,"Action, Biography, Drama",6.2,56.0,3113.0,382.0,2519.0,2095.0,3,1,0.0,4.04305126783455
Shabri,2011.0,98.0,"Action, Crime, Drama",5.6,136.0,1366.0,857.0,1851.0,1391.0,3,1,0.0,4.919980925828125
Shackle,2015.0,99.0,Drama,7.4,20.0,641.0,2326.0,531.0,900.0,3,0,7.0,3.044522437723423
Shadi Ki Raat,1935.0,,Horror,5.1,8.0,1562.0,1400.0,2088.0,794.0,3,0,11.0,2.1972245773362196
Shadow,2009.0,,"Action, Crime, Drama",4.9,55.0,2277.0,1947.0,2395.0,938.0,3,1,0.0,4.02535169073515
Shadyantra,1990.0,,"Action, Crime, Drama",5.3,15.0,2038.0,809.0,1862.0,1767.0,3,1,0.0,2.772588722239781
Shagird,1967.0,,"Comedy, Musical, Romance",7.0,123.0,2417.0,945.0,2129.0,947.0,3,1,4.0,4.820281565605037
Shagird,2011.0,143.0,"Action, Crime, Drama",7.1,1946.0,2908.0,1389.0,1412.0,2155.0,3,1,0.0,7.5740450053721995
Shahe Iran,1934.0,,Unknown,6.0,8.0,1512.0,2385.0,2681.0,2853.0,0,0,19.0,2.1972245773362196
Shaheed,1948.0,164.0,"Drama, Romance",7.2,74.0,2180.0,657.0,1026.0,589.0,3,1,7.0,4.31748811353631
Shaheed,1965.0,150.0,"Biography, Drama, History",7.9,344.0,2313.0,989.0,1603.0,226.0,3,1,3.0,5.84354441703136
Shaheed Bhagat Singh,1963.0,,"Biography, History",6.8,24.0,2569.0,1603.0,49.0,624.0,3,1,3.0,3.2188758248682006
Shaheed- E- Aazam,2018.0,,Biography,6.1,7.0,339.0,2143.0,1737.0,1958.0,3,0,3.0,2.0794415416798357
Shaheed-E-Azad Bhagat Singh,1954.0,,Unknown,7.5,13.0,1907.0,2166.0,553.0,1758.0,3,0,19.0,2.6390573296152584
Shaheed-E-Azam,2002.0,173.0,"Biography, Drama, History",6.8,27.0,2769.0,2197.0,1272.0,540.0,3,1,3.0,3.332204510175204
Shahenshah,1988.0,175.0,"Action, Adventure",6.3,1945.0,2910.0,206.0,1357.0,2189.0,3,1,0.0,7.57353126274595
Shahenshah,1953.0,123.0,Action,4.6,9.0,211.0,1768.0,2283.0,1106.0,3,0,0.0,2.302585092994046
Shahid,2012.0,129.0,"Biography, Drama",8.2,15659.0,900.0,1718.0,1719.0,1510.0,3,1,3.0,9.658864969544794
Shahjehan,1946.0,121.0,"Drama, History, Romance",6.9,30.0,41.0,967.0,1837.0,2134.0,3,1,7.0,3.4339872044851463
Shahji ki Advice,2006.0,73.0,Comedy,7.4,25.0,1060.0,1731.0,924.0,2432.0,3,0,4.0,3.258096538021482
Shahrukh Bola 'Khoobsurat Hai Tu'... And She Believed in It,2010.0,89.0,"Comedy, Drama",5.0,1043.0,1440.0,2302.0,1474.0,1888.0,3,1,4.0,6.950814768442584
Shair,1949.0,138.0,Romance,7.1,21.0,588.0,2280.0,596.0,1133.0,3,0,15.0,3.091042453358316
Shaitaan,1974.0,121.0,"Action, Crime, Drama",5.4,19.0,782.0,2084.0,2312.0,246.0,3,1,0.0,2.995732273553991
Shaitan,2011.0,121.0,"Action, Crime, Drama",7.2,8146.0,483.0,979.0,2362.0,876.0,3,1,0.0,9.005405040310642
Shaitan Mujrim,1979.0,,"Adventure, Crime, Horror",6.2,10.0,1690.0,1732.0,990.0,685.0,3,1,1.0,2.3978952727983707
Shaitani Atma,1998.0,,Horror,3.2,6.0,909.0,2193.0,2406.0,845.0,3,0,11.0,1.9459101490553132
Shaitani Dracula,2006.0,79.0,Horror,4.3,6.0,909.0,500.0,1941.0,1404.0,3,0,11.0,1.9459101490553132
Shaitani Ilaaka,1990.0,128.0,Horror,4.8,51.0,1295.0,2261.0,2339.0,1655.0,3,0,11.0,3.9512437185814275
Shakaal,1994.0,,Action,5.4,12.0,2534.0,607.0,1029.0,2014.0,3,0,0.0,2.5649493574615367
Shakal Pe Mat Ja,2011.0,140.0,"Comedy, Crime, Drama",4.9,39.0,2655.0,2127.0,1746.0,908.0,3,1,4.0,3.6888794541139363
Shakalaka Boom Boom,2007.0,129.0,"Drama, Musical, Romance",2.3,604.0,2789.0,508.0,2683.0,576.0,3,1,7.0,6.405228458030842
Shakeela,2020.0,126.0,"Biography, Drama",3.2,528.0,983.0,1516.0,2014.0,1993.0,3,1,3.0,6.270988431858299
Shakespeare-Wallah,1965.0,120.0,"Drama, Romance",6.8,685.0,1052.0,2082.0,703.0,843.0,3,1,7.0,6.530877627725885
Shakka,1981.0,,Action,5.4,10.0,2664.0,919.0,2429.0,3045.0,3,0,0.0,2.3978952727983707
Shakthi: The Power,2002.0,170.0,"Action, Drama",6.0,4669.0,1330.0,1025.0,1490.0,2331.0,3,1,0.0,8.448914350662942
Shakti,1982.0,166.0,"Action, Crime, Drama",7.7,1959.0,2181.0,657.0,173.0,2041.0,3,1,0.0,7.580699752224563
Shaktiman,1993.0,155.0,"Action, Drama, Romance",2.6,176.0,1171.0,108.0,1065.0,1555.0,3,1,0.0,5.176149732573829
Shakuntala,1947.0,76.0,Drama,6.7,6.0,2579.0,1098.0,941.0,589.0,3,0,7.0,1.9459101490553132
Shakuntala Devi,2020.0,127.0,"Biography, Drama",6.1,8456.0,288.0,2436.0,54.0,2343.0,3,1,3.0,9.042749779782222
Shalimar,1978.0,137.0,"Action, Adventure, Crime",6.3,529.0,1329.0,631.0,2864.0,2142.0,3,1,0.0,6.272877006546167
Sham Ghansham,1998.0,160.0,"Action, Drama",3.5,61.0,374.0,1735.0,510.0,338.0,3,1,0.0,4.127134385045092
Shama,1981.0,,"Crime, Drama, Romance",6.9,13.0,1643.0,754.0,2263.0,371.0,3,1,5.0,2.6390573296152584
Shama,1961.0,149.0,"Drama, Musical, Romance",6.5,10.0,1381.0,1460.0,2751.0,1315.0,3,1,7.0,2.3978952727983707
Shama Parwana,1954.0,147.0,"Drama, Romance",6.6,23.0,611.0,2280.0,2297.0,1550.0,3,1,7.0,3.1780538303479458
Shamitabh,2015.0,155.0,Drama,6.8,7099.0,1948.0,206.0,606.0,133.0,3,0,7.0,8.867850063029406
Shanakht,1989.0,,Drama,4.4,13.0,2910.0,206.0,1234.0,1325.0,3,0,7.0,2.6390573296152584
Shandaar,1974.0,145.0,"Drama, Family",6.8,29.0,1952.0,1877.0,2202.0,2464.0,3,1,7.0,3.4011973816621555
Shandar,1990.0,146.0,"Action, Comedy, Drama",5.2,42.0,3050.0,1304.0,1357.0,1090.0,3,1,0.0,3.7612001156935624
Shanghai,2012.0,120.0,"Crime, Drama, Mystery",7.2,9804.0,709.0,693.0,30.0,1851.0,3,1,5.0,9.190647738630446
Shankar Dada,1976.0,130.0,Drama,6.5,26.0,2616.0,376.0,2321.0,1669.0,3,0,7.0,3.295836866004329
Shankar Hussain,1977.0,,Drama,6.5,15.0,3124.0,1563.0,1041.0,1329.0,3,0,7.0,2.772588722239781
Shankar Khan,1966.0,140.0,"Action, Drama, Sport",5.6,5.0,1658.0,1612.0,563.0,2072.0,3,1,0.0,1.791759469228055
Shankar Shambhu,1976.0,137.0,"Action, Crime, Drama",5.5,25.0,565.0,714.0,2791.0,2692.0,3,1,0.0,3.258096538021482
Shankara,1991.0,,Action,5.4,47.0,2741.0,2270.0,1547.0,163.0,3,0,0.0,3.871201010907891
Shanti Kranti,1991.0,142.0,"Action, Musical, Romance",6.0,101.0,2951.0,1378.0,2703.0,1090.0,3,1,0.0,4.624972813284271
Shapath,1984.0,128.0,Action,4.3,11.0,2230.0,1667.0,2436.0,2081.0,3,0,0.0,2.4849066497880004
Shapath,1997.0,140.0,Action,5.5,90.0,2094.0,1304.0,2787.0,988.0,3,0,0.0,4.51085950651685
Shaque,1976.0,,Drama,7.1,50.0,3032.0,348.0,2791.0,2417.0,3,0,7.0,3.9318256327243257
Sharaabi,1984.0,180.0,"Comedy, Drama, Romance",7.4,2716.0,1867.0,206.0,448.0,593.0,3,1,4.0,7.907283609426348
Sharabi,1964.0,,"Drama, Musical, Romance",7.5,71.0,2022.0,616.0,1230.0,628.0,3,1,7.0,4.276666119016055
Sharada,1957.0,128.0,"Drama, Romance, Musical",6.6,101.0,1362.0,1670.0,1355.0,2566.0,3,1,7.0,4.624972813284271
Sharafat,1970.0,120.0,"Drama, Romance",7.1,77.0,399.0,376.0,607.0,920.0,3,1,7.0,4.356708826689592
Sharafat Chhod Di Main Ne,1976.0,115.0,Drama,5.8,24.0,1028.0,714.0,818.0,1669.0,3,0,7.0,3.2188758248682006
Sharafat Gayi Tel Lene,2015.0,108.0,"Comedy, Drama, Mystery",4.9,273.0,877.0,2548.0,2649.0,312.0,3,1,4.0,5.6131281063880705
Sharara,1984.0,135.0,Action,6.8,27.0,2351.0,1635.0,818.0,2480.0,3,0,0.0,3.332204510175204
Shararat,1959.0,,Comedy,6.2,9.0,919.0,1067.0,1355.0,1930.0,3,0,4.0,2.302585092994046
Shararat,1972.0,,Drama,6.7,24.0,1482.0,503.0,1455.0,2686.0,3,0,7.0,3.2188758248682006
Shararat,2002.0,155.0,"Comedy, Drama, Romance",4.6,448.0,880.0,45.0,836.0,207.0,3,1,4.0,6.1070228877422545
Sharda,1942.0,,"Drama, Family",5.6,5.0,41.0,1290.0,2673.0,3019.0,3,1,7.0,1.791759469228055
Sharda,1981.0,126.0,"Drama, Family",5.5,19.0,1380.0,919.0,1943.0,2358.0,3,1,7.0,2.995732273553991
Share Bazaar,1997.0,,Drama,4.4,7.0,1481.0,1218.0,2654.0,544.0,3,0,7.0,2.0794415416798357
Shareef Budmaash,1973.0,,"Action, Crime, Thriller",6.8,52.0,2012.0,616.0,818.0,111.0,3,1,0.0,3.970291913552122
Sharmaji Ki Lag Gai,2019.0,122.0,Comedy,4.9,251.0,1495.0,1343.0,488.0,1235.0,3,0,4.0,5.529429087511423
Sharmeelee,1971.0,164.0,"Mystery, Musical, Romance",7.0,154.0,2417.0,2082.0,1921.0,1624.0,3,1,14.0,5.043425116919247
Shart,1969.0,136.0,"Mystery, Thriller",6.7,36.0,1282.0,1972.0,1455.0,1257.0,3,1,14.0,3.6109179126442243
Shart,1954.0,,"Drama, Family",5.8,9.0,517.0,592.0,2411.0,947.0,3,1,7.0,2.302585092994046
Shart,1986.0,134.0,"Drama, Mystery, Thriller",6.4,40.0,1277.0,1405.0,2263.0,1154.0,3,1,7.0,3.713572066704308
Shart: The Challenge,2004.0,136.0,"Drama, Romance",3.5,152.0,1938.0,2376.0,764.0,209.0,3,1,7.0,5.030437921392435
Shastra,1996.0,144.0,"Action, Drama",4.6,83.0,2456.0,2266.0,225.0,312.0,3,1,0.0,4.430816798843313
Shatranj,1993.0,,"Comedy, Drama, Romance",6.3,96.0,429.0,870.0,982.0,1494.0,3,1,4.0,4.574710978503383
Shatranj,1956.0,,"Drama, Family",6.7,6.0,883.0,376.0,1355.0,1998.0,3,1,7.0,1.9459101490553132
Shatranj,1969.0,168.0,"Thriller, Mystery",6.1,32.0,2347.0,1695.0,2827.0,1469.0,3,1,18.0,3.4965075614664802
Shatru,1986.0,157.0,"Action, Adventure, Crime",6.9,40.0,1872.0,1702.0,2262.0,409.0,3,1,0.0,3.713572066704308
Shaukeen,1982.0,127.0,Comedy,7.2,446.0,475.0,376.0,1.0,2871.0,3,0,4.0,6.102558594613569
Shaukeen Kaminay,2016.0,125.0,"Comedy, Drama",6.1,30.0,250.0,2023.0,2547.0,276.0,3,1,4.0,3.4339872044851463
Shaurya: It Takes Courage to Make Right... Right,2008.0,149.0,"Crime, Drama, Thriller",7.3,3995.0,2404.0,1651.0,929.0,1484.0,3,1,5.0,8.293049139768444
Sheen,2004.0,,"Action, Drama",6.2,73.0,388.0,2343.0,2331.0,1965.0,3,1,0.0,4.30406509320417
Sheesh Mahal,1950.0,144.0,Drama,7.4,15.0,2691.0,2176.0,1509.0,1920.0,3,0,7.0,2.772588722239781
Sheesha,1986.0,113.0,Drama,7.2,53.0,475.0,1304.0,1432.0,2943.0,3,0,7.0,3.9889840465642745
Sheesha,2005.0,,"Drama, Romance, Thriller",3.4,264.0,390.0,1445.0,2478.0,3009.0,3,1,7.0,5.579729825986222
Sheeshay Ka Ghar,1984.0,,"Crime, Drama, Family",6.0,6.0,197.0,1043.0,849.0,1965.0,3,1,5.0,1.9459101490553132
Sheetalbhabi.com,2011.0,115.0,Comedy,3.9,34.0,557.0,893.0,833.0,1528.0,3,0,4.0,3.5553480614894135
Shehar Aur Sapna,1964.0,120.0,Drama,6.5,13.0,1291.0,580.0,273.0,1405.0,3,0,7.0,2.6390573296152584
Shehnai,1964.0,,"Musical, Romance",5.7,17.0,2323.0,503.0,1911.0,1715.0,3,1,13.0,2.8903717578961645
Shehnai,1947.0,133.0,Romance,4.2,5.0,1767.0,1815.0,871.0,1625.0,3,0,15.0,1.791759469228055
Shehri Gabru,2020.0,62.0,"Comedy, Crime",8.5,92.0,2522.0,1386.0,113.0,430.0,3,1,4.0,4.532599493153256
Shehzaade,1989.0,,Action,4.7,34.0,2019.0,631.0,2325.0,2296.0,3,0,0.0,3.5553480614894135
Shehzada,1972.0,,"Drama, Family",6.6,47.0,1160.0,1702.0,1921.0,2907.0,3,1,7.0,3.871201010907891
Sheikh Chilli,1956.0,112.0,"Action, Adventure, Comedy",5.4,9.0,2171.0,1256.0,2411.0,1355.0,3,1,0.0,2.302585092994046
Sheitaan,2017.0,110.0,Horror,4.0,20.0,2410.0,865.0,369.0,1707.0,3,0,11.0,3.044522437723423
Sher Dil,1990.0,,"Action, Drama",4.6,26.0,1035.0,631.0,219.0,2165.0,3,1,0.0,3.295836866004329
Sher Khan,1998.0,,Action,5.4,8.0,187.0,1901.0,234.0,2167.0,3,0,0.0,2.1972245773362196
Sher Shivaji,1987.0,,History,6.2,12.0,2156.0,1523.0,2436.0,2542.0,3,0,10.0,2.5649493574615367
Shera,1999.0,125.0,Action,5.1,56.0,2864.0,389.0,1401.0,1798.0,3,0,0.0,4.04305126783455
Shera Shamshera,1990.0,,"Action, Crime",4.1,8.0,2340.0,1667.0,2465.0,1109.0,3,1,0.0,2.1972245773362196
Sherdil Ladkiyan,1985.0,,Action,8.1,17.0,1559.0,2305.0,2681.0,2853.0,1,0,0.0,2.8903717578961645
Sher-E-Hindustan,1997.0,,Action,5.0,44.0,2864.0,1304.0,2190.0,877.0,3,0,0.0,3.8066624897703196
Sherni,1988.0,,"Action, Drama",4.6,45.0,918.0,500.0,907.0,1110.0,3,1,0.0,3.828641396489095
Sheroo,1957.0,,"Drama, Family",6.8,12.0,2563.0,376.0,1484.0,289.0,3,1,7.0,2.5649493574615367
Sheshnaag,1990.0,145.0,"Action, Fantasy, Thriller",4.5,81.0,1179.0,919.0,2003.0,2165.0,3,1,0.0,4.406719247264253
Shikaar,1996.0,,"Action, Thriller",5.3,20.0,2938.0,870.0,2681.0,2853.0,1,1,0.0,3.044522437723423
Shikaar,2004.0,,"Action, Musical, Thriller",4.9,34.0,625.0,917.0,562.0,1147.0,3,1,0.0,3.5553480614894135
Shikaar,2000.0,135.0,"Action, Mystery",3.6,28.0,539.0,50.0,2766.0,447.0,3,1,0.0,3.367295829986474
Shikar,1968.0,139.0,"Mystery, Thriller",6.6,111.0,406.0,368.0,607.0,2339.0,3,1,14.0,4.718498871295094
Shikara,2020.0,118.0,"Drama, History, Romance",3.8,6399.0,3000.0,1906.0,3.0,3046.0,3,1,7.0,8.764053269347762
Shikari,2000.0,160.0,"Crime, Drama, Thriller",4.6,431.0,1624.0,767.0,2607.0,1175.0,3,1,5.0,6.068425588244111
Shikari,1963.0,139.0,"Action, Adventure, Horror",5.7,41.0,1557.0,118.0,1837.0,919.0,3,1,0.0,3.7376696182833684
Shikari: The Hunter,1991.0,162.0,"Action, Adventure",5.6,55.0,1371.0,2384.0,1401.0,1623.0,3,1,0.0,4.02535169073515
Shikast,1953.0,110.0,Drama,7.0,41.0,2180.0,657.0,1484.0,754.0,3,0,7.0,3.7376696182833684
Shikhar,2005.0,162.0,Drama,4.9,1061.0,1119.0,108.0,2277.0,541.0,3,0,7.0,6.967909201801884
Shikshaa,1979.0,125.0,"Drama, Family",5.6,9.0,2314.0,1671.0,2582.0,488.0,3,1,7.0,2.302585092994046
Shimla Mirchi,2020.0,129.0,"Comedy, Romance",4.6,1322.0,2181.0,809.0,1905.0,2045.0,3,1,4.0,7.187657164114956
Ship of Theseus,2012.0,139.0,Drama,8.1,6922.0,227.0,415.0,2847.0,783.0,3,0,7.0,8.842604480678025
Shirdi Ke Sai Baba,1977.0,140.0,"Biography, Drama",7.0,229.0,386.0,2238.0,1308.0,1997.0,3,1,3.0,5.438079308923196
Shirdi Sai Baba,2001.0,150.0,"Drama, Mystery",4.8,178.0,648.0,230.0,2510.0,703.0,3,1,7.0,5.187385805840755
Shirin Farhad,1956.0,,"Adventure, Drama, Romance",7.2,30.0,401.0,1165.0,1723.0,1750.0,3,1,1.0,3.4339872044851463
Shirin Farhad Ki Toh Nikal Padi,2012.0,111.0,Romance,4.2,1023.0,485.0,720.0,637.0,1632.0,3,0,15.0,6.931471805599453
Shiv Charan,1982.0,,Fantasy,6.4,8.0,257.0,2489.0,2859.0,1635.0,3,0,9.0,2.1972245773362196
Shiv Ram,1991.0,,"Action, Crime, Drama",4.3,24.0,1029.0,919.0,63.0,2247.0,3,1,0.0,3.2188758248682006
Shiva,1989.0,161.0,"Action, Crime, Drama",8.1,3399.0,2146.0,1378.0,142.0,1950.0,3,1,0.0,8.131530710604252
Shiva,2006.0,160.0,"Action, Crime, Drama",3.9,330.0,2146.0,1320.0,1787.0,2979.0,3,1,0.0,5.802118375377063
Shiva Dada,1991.0,,Action,5.8,8.0,1156.0,1378.0,2302.0,2585.0,3,0,0.0,2.1972245773362196
Shiva Ka Insaaf,1985.0,125.0,"Action, Adventure, Fantasy",4.6,49.0,2019.0,870.0,1714.0,2982.0,3,1,0.0,3.912023005428146
Shiva Shakti,1988.0,153.0,"Action, Crime, Drama",4.7,29.0,223.0,2084.0,763.0,264.0,3,1,0.0,3.4011973816621555
Shivaay,2016.0,153.0,"Action, Adventure, Drama",6.2,9909.0,112.0,108.0,46.0,769.0,3,1,0.0,9.201299627324033
Shobhayatra,2004.0,100.0,"Comedy, Drama",4.2,14.0,3006.0,674.0,1767.0,2976.0,3,1,4.0,2.70805020110221
Shobhna's Seven Nights,2012.0,105.0,"Drama, Romance",6.2,19.0,2758.0,1136.0,451.0,312.0,3,1,7.0,2.995732273553991
Shodh,1981.0,,Drama,6.9,11.0,530.0,1494.0,1037.0,2789.0,3,0,7.0,2.4849066497880004
Shohrat,1996.0,,"Drama, Romance",6.4,5.0,2503.0,1170.0,274.0,427.0,3,1,7.0,1.791759469228055
Shohrat the Trap,2018.0,67.0,Thriller,5.2,101.0,654.0,1269.0,384.0,243.0,3,0,18.0,4.624972813284271
Shola Aur Shabnam,1961.0,135.0,"Drama, Family",7.3,48.0,2180.0,643.0,951.0,2216.0,3,1,7.0,3.8918202981106265
Shola Aur Shabnam,1992.0,165.0,"Action, Comedy, Drama",6.5,932.0,629.0,767.0,642.0,877.0,3,1,0.0,6.838405200847344
Shola Bai,2002.0,,Action,2.8,15.0,1233.0,345.0,208.0,194.0,3,0,0.0,2.772588722239781
Sholay,1975.0,162.0,"Action, Adventure, Comedy",8.2,52511.0,2181.0,1980.0,607.0,199.0,3,1,0.0,10.868796993889818
Shole,1953.0,,Drama,7.1,29.0,446.0,376.0,466.0,1915.0,3,0,7.0,3.4011973816621555
Shool,1999.0,138.0,"Action, Crime, Drama",7.7,2932.0,752.0,1224.0,1980.0,2397.0,3,1,0.0,7.983781068977451
Shoonya,2006.0,100.0,Drama,6.8,31.0,320.0,2175.0,2257.0,2834.0,3,0,7.0,3.4657359027997265
Shoorveer,1988.0,147.0,Drama,5.0,8.0,2664.0,1682.0,1273.0,675.0,3,0,7.0,2.1972245773362196
Shootout at Lokhandwala,2007.0,122.0,"Action, Crime, History",7.1,9607.0,309.0,206.0,2195.0,2715.0,3,1,0.0,9.170351363759819
Shootout at Wadala,2013.0,155.0,"Action, Biography, Crime",5.9,6439.0,2450.0,250.0,969.0,1407.0,3,1,0.0,8.770283819098399
Shor,1972.0,170.0,Drama,7.2,337.0,1493.0,1230.0,933.0,1874.0,3,0,7.0,5.823045895483019
Shor in the City,2010.0,112.0,"Crime, Drama",7.2,3502.0,1323.0,1672.0,2260.0,2838.0,3,1,5.0,8.161375023197486
Shor Se Shuruaat,2016.0,125.0,Drama,6.6,145.0,191.0,1662.0,2234.0,1859.0,3,0,7.0,4.983606621708336
Shorgul,2016.0,132.0,Drama,5.7,268.0,1877.0,935.0,960.0,418.0,3,0,7.0,5.594711379601839
Shortcut Romeo,2013.0,146.0,"Action, Crime, Drama",2.3,252.0,2849.0,1449.0,153.0,1908.0,3,1,0.0,5.53338948872752
Shortcut Safari,2016.0,101.0,"Adventure, Drama, Mystery",6.4,70.0,209.0,931.0,18.0,2657.0,3,1,1.0,4.2626798770413155
Shortkut - The Con Is On,2009.0,142.0,"Comedy, Drama",3.4,884.0,1700.0,250.0,2195.0,138.0,3,1,4.0,6.785587645007929
Shorts,2013.0,95.0,Drama,6.5,444.0,1695.0,2146.0,2058.0,256.0,3,0,7.0,6.09807428216624
Showbiz,2007.0,108.0,"Action, Drama, Music",3.6,114.0,2121.0,2372.0,1438.0,2992.0,3,1,0.0,4.74493212836325
Shradhanjali,1981.0,139.0,"Drama, Family",7.3,18.0,264.0,1735.0,2571.0,665.0,3,1,7.0,2.9444389791664403
Shravan Kumar,1984.0,,Drama,7.5,8.0,578.0,535.0,32.0,501.0,3,0,7.0,2.1972245773362196
Shree,2013.0,109.0,"Sci-Fi, Thriller",6.3,269.0,2068.0,834.0,228.0,2524.0,3,1,16.0,5.598421958998375
Shree 420,1955.0,168.0,"Comedy, Crime, Drama",8.0,2612.0,2010.0,1400.0,1853.0,1586.0,3,1,4.0,7.868254265520613
Shree Ganesh,1962.0,139.0,"Adventure, Drama, Fantasy",7.5,6.0,2343.0,1176.0,2125.0,959.0,3,1,1.0,1.9459101490553132
Shree Krishnarjun Yuddh,1971.0,136.0,"Adventure, Drama, History",7.0,6.0,458.0,36.0,945.0,1355.0,3,1,1.0,1.9459101490553132
Shree Ram Bharat Milan,1965.0,,"Adventure, Family",7.6,5.0,1457.0,1612.0,1251.0,261.0,3,1,1.0,1.791759469228055
Shreelancer,2017.0,93.0,Drama,7.2,92.0,2435.0,330.0,684.0,586.0,3,0,7.0,4.532599493153256
Shreemaan Aashique,1993.0,152.0,"Comedy, Romance",4.8,135.0,645.0,1835.0,2689.0,538.0,3,1,4.0,4.912654885736052
Shreeman Funtoosh,1965.0,,"Comedy, Drama, Fantasy",6.0,26.0,2581.0,1067.0,1151.0,289.0,3,1,4.0,3.295836866004329
Shri Chaitanya Mahaprabhu,1954.0,,Biography,6.8,6.0,3005.0,463.0,659.0,2049.0,3,0,3.0,1.9459101490553132
Shri Datta Darshanam,1985.0,143.0,"Musical, Drama",8.2,19.0,1222.0,1998.0,1936.0,1101.0,3,1,13.0,2.995732273553991
Shri Krishna Leela,1971.0,,"Adventure, Comedy, Drama",7.3,19.0,955.0,1610.0,413.0,1428.0,3,1,1.0,2.995732273553991
Shri Ramanuja,1943.0,,Unknown,6.5,8.0,636.0,488.0,532.0,934.0,3,0,19.0,2.1972245773362196
Shri Siddhivinayak Mahima,2007.0,,"Drama, Family, History",4.3,7.0,343.0,2224.0,2668.0,1482.0,3,1,7.0,2.0794415416798357
Shriman Satyawadi,1960.0,146.0,"Action, Crime, Drama",7.0,68.0,2330.0,1670.0,2283.0,1469.0,3,1,0.0,4.23410650459726
Shriman Shrimati,1982.0,145.0,"Comedy, Drama, Family",6.4,139.0,3020.0,1980.0,1921.0,2040.0,3,1,4.0,4.941642422609304
Shrimanji,1968.0,160.0,"Drama, Family",6.6,29.0,2144.0,1067.0,845.0,1057.0,3,1,7.0,3.4011973816621555
Shrimati Ji,1952.0,,"Comedy, Thriller",4.1,7.0,968.0,1406.0,2411.0,947.0,3,1,4.0,2.0794415416798357
Shringaar,2013.0,126.0,"Drama, History",5.0,7.0,1340.0,1096.0,2123.0,1198.0,3,1,7.0,2.0794415416798357
Shubh Kaamna,1983.0,138.0,"Comedy, Drama",6.3,16.0,1168.0,1786.0,373.0,2871.0,3,1,4.0,2.833213344056216
Shubh Mangal Savdhan,2017.0,119.0,"Comedy, Romance",6.9,9094.0,1971.0,421.0,460.0,2409.0,3,1,4.0,9.115480090952223
Shubh Mangal Zyada Saavdhan,2020.0,117.0,"Comedy, Romance",5.8,8208.0,951.0,421.0,963.0,807.0,3,1,4.0,9.012986392348266
Shubh Raatri,2020.0,52.0,Horror,4.5,67.0,1790.0,2160.0,1574.0,1037.0,3,0,11.0,4.219507705176107
Shuddh Desi Romance,2013.0,141.0,"Comedy, Drama, Romance",6.0,8447.0,1450.0,2298.0,1669.0,2165.0,3,1,4.0,9.041685005946043
Shuddhi,2017.0,114.0,"Crime, Drama, Thriller",7.9,374.0,77.0,1124.0,1618.0,215.0,3,1,5.0,5.926926025970411
Shudra the Rising,2012.0,,History,6.8,215.0,2477.0,1614.0,787.0,1862.0,3,0,10.0,5.375278407684165
SHUDRA: The Untouchables,2011.0,116.0,"Drama, Family, History",7.8,23.0,2477.0,2216.0,2681.0,2853.0,1,1,7.0,3.1780538303479458
Shukranu,2020.0,90.0,Drama,6.4,678.0,534.0,676.0,2402.0,2492.0,3,0,7.0,6.520621127558696
Shukriya: Till Death Do Us Apart,2004.0,144.0,"Musical, Drama, Family",5.1,148.0,296.0,296.0,72.0,2551.0,3,1,13.0,5.003946305945459
Shuruaat Ka Interval,2014.0,99.0,Drama,7.2,68.0,29.0,217.0,1121.0,2517.0,3,0,7.0,4.23410650459726
Shuruaat Ka Twist,2019.0,142.0,Drama,6.6,9.0,929.0,401.0,1748.0,892.0,3,0,7.0,2.302585092994046
Shut up Sona,2020.0,85.0,"Documentary, Musical",7.1,19.0,664.0,2385.0,2681.0,2853.0,0,1,6.0,2.995732273553991
Shuttlecock Boys,2011.0,76.0,"Comedy, Drama",6.2,111.0,933.0,12.0,1285.0,160.0,3,1,4.0,4.718498871295094
Siddeshwari,1990.0,123.0,Documentary,7.5,77.0,1454.0,1302.0,1444.0,2080.0,3,0,6.0,4.356708826689592
Siddharth,2013.0,96.0,Drama,7.3,671.0,2252.0,1708.0,2621.0,317.0,3,0,7.0,6.51025834052315
Siddharth: The Prisoner,2009.0,,"Crime, Drama, Thriller",6.6,105.0,1929.0,1688.0,2107.0,1836.0,3,1,5.0,4.663439094112067
Sikandar,2009.0,110.0,"Crime, Drama, Mystery",6.4,262.0,1830.0,1533.0,391.0,2335.0,3,1,5.0,5.572154032177765
Sikandar E Azam,1965.0,,"Adventure, Drama, History",7.9,35.0,1269.0,1612.0,563.0,1567.0,3,1,1.0,3.58351893845611
Sikandar Sadak Ka,1999.0,144.0,"Action, Drama",3.9,12.0,2864.0,1304.0,1276.0,1532.0,3,1,0.0,2.5649493574615367
Sikka,1989.0,180.0,"Action, Drama",4.5,35.0,1146.0,1170.0,373.0,556.0,3,1,0.0,3.58351893845611
Silence Please... The Dressing Room,2004.0,100.0,Thriller,2.9,13.0,2464.0,2360.0,2144.0,2626.0,3,0,18.0,2.6390573296152584
Silence the Court Is in Session,2015.0,105.0,Drama,6.2,13.0,2260.0,1393.0,1751.0,114.0,3,0,7.0,2.6390573296152584
Silence: Can You Hear It,2021.0,136.0,"Crime, Thriller",6.6,3324.0,36.0,1921.0,1305.0,935.0,3,1,5.0,8.109224953089955
Silsiilay,2005.0,134.0,Drama,4.0,696.0,1286.0,2319.0,459.0,2179.0,3,0,7.0,6.546785410760524
Silsila,1981.0,182.0,"Drama, Family, Romance",7.3,2603.0,3106.0,206.0,2321.0,1036.0,3,1,7.0,7.86480400332846
Silsila Hai Pyar Ka,1999.0,150.0,"Comedy, Drama, Romance",2.5,209.0,2644.0,1025.0,510.0,371.0,3,1,4.0,5.3471075307174685
Silvat,2018.0,45.0,"Drama, Romance",7.1,168.0,2878.0,1027.0,140.0,1319.0,3,1,7.0,5.1298987149230735
Simhadriya Simha,2002.0,157.0,"Action, Drama",8.5,66.0,2312.0,2503.0,1353.0,500.0,3,1,0.0,4.204692619390966
Simla Road,1969.0,,"Action, Crime, Mystery",6.0,5.0,1132.0,825.0,981.0,685.0,3,1,0.0,1.791759469228055
Simmba,2018.0,158.0,"Action, Comedy, Crime",5.6,15244.0,2281.0,1940.0,1966.0,2349.0,3,1,0.0,9.632006859422356
Simran,2017.0,124.0,"Crime, Drama, Thriller",5.1,3254.0,900.0,997.0,2451.0,773.0,3,1,5.0,8.08794755464267
Sinbad Jahazi,1952.0,,Adventure,4.0,8.0,1658.0,1463.0,2681.0,2853.0,1,0,1.0,2.1972245773362196
Sindbad Alibaba and Aladdin,1965.0,,"Adventure, Fantasy, Musical",3.7,7.0,1911.0,89.0,1335.0,919.0,3,1,1.0,2.0794415416798357
Sindhustan,2019.0,64.0,"Documentary, Family, History",9.3,36.0,2490.0,1133.0,1167.0,578.0,3,1,6.0,3.6109179126442243
Sindoor,1987.0,162.0,"Comedy, Drama",5.1,113.0,1159.0,2082.0,763.0,1654.0,3,1,4.0,4.736198448394496
Singaar,1949.0,,"Drama, Family",6.8,9.0,1016.0,1509.0,2564.0,1333.0,3,1,7.0,2.302585092994046
Singapore,1960.0,135.0,"Crime, Thriller",6.5,71.0,2563.0,2058.0,1645.0,1424.0,3,1,5.0,4.276666119016055
Singh Is Bliing,2015.0,141.0,"Action, Comedy",5.0,7891.0,1847.0,145.0,185.0,1289.0,3,1,0.0,8.973604867142505
Singh Is King,2008.0,135.0,"Action, Comedy, Crime",5.7,14526.0,244.0,145.0,1073.0,1746.0,3,1,0.0,9.583764265872883
Singh Saab the Great,2013.0,134.0,"Action, Drama",5.6,2200.0,264.0,2270.0,2692.0,1840.0,3,1,0.0,7.696667081526462
Singham,2011.0,143.0,"Action, Crime, Drama",6.8,14788.0,2281.0,108.0,1009.0,1840.0,3,1,0.0,9.601638940166769
Singham,2019.0,141.0,"Action, Drama",5.5,96.0,1683.0,1620.0,2466.0,1177.0,3,1,0.0,4.574710978503383
Singham Returns,2014.0,142.0,"Action, Crime, Drama",5.7,7675.0,2281.0,108.0,1059.0,206.0,3,1,0.0,8.94585385712759
Singhasan,1986.0,161.0,"Action, Adventure, Romance",5.1,14.0,1324.0,463.0,1189.0,877.0,3,1,0.0,2.70805020110221
Singing with Angry Bird,2016.0,88.0,"Documentary, Drama, Family",7.5,48.0,966.0,2385.0,2681.0,2853.0,0,1,6.0,3.8918202981106265
Sins,2005.0,138.0,"Drama, Romance, Thriller",4.2,387.0,3056.0,2490.0,738.0,2514.0,3,1,7.0,5.961005339623274
Sir,2018.0,99.0,"Drama, Romance",7.7,5461.0,2271.0,2353.0,2816.0,837.0,3,1,7.0,8.60557030203365
Sir,1993.0,151.0,"Crime, Drama, Romance",6.2,336.0,1422.0,1405.0,1707.0,429.0,3,1,5.0,5.820082930352362
Sirf Romance: Love by Chance,2007.0,160.0,Romance,3.4,8.0,2028.0,2549.0,1852.0,366.0,3,0,15.0,2.1972245773362196
Sirf....: Life Looks Greener on the Other Side,2008.0,135.0,Drama,5.8,96.0,2053.0,1039.0,1290.0,2091.0,3,0,7.0,4.574710978503383
Siskiyaan,2005.0,125.0,"Drama, Thriller",5.1,73.0,395.0,1445.0,2106.0,2637.0,3,1,7.0,4.30406509320417
Sita Swayamvar,1976.0,,"Adventure, Drama, Fantasy",8.2,29.0,472.0,1802.0,934.0,2384.0,3,1,1.0,3.4011973816621555
Sitam,1982.0,,"Drama, Family",6.0,14.0,3032.0,348.0,1510.0,2599.0,3,1,7.0,2.70805020110221
Sitam,2005.0,,Drama,2.6,20.0,1804.0,1054.0,2629.0,1368.0,3,0,7.0,3.044522437723423
Sitamgar,1985.0,,Action,6.7,54.0,2019.0,631.0,1677.0,2165.0,3,0,0.0,4.007333185232471
Sitapur Ki Geeta,1987.0,,"Action, Crime",5.5,31.0,2616.0,1702.0,818.0,1845.0,3,1,0.0,3.4657359027997265
Sitara,1980.0,125.0,"Drama, Family",6.5,24.0,1537.0,1304.0,2859.0,1145.0,3,1,7.0,3.2188758248682006
Sitaramaraju,1999.0,,"Action, Drama, Romance",5.7,144.0,3104.0,1378.0,795.0,2278.0,3,1,0.0,4.976733742420574
Sitaron Se Aage,1958.0,,"Drama, Musical",6.1,10.0,2519.0,376.0,1870.0,1082.0,3,1,7.0,2.3978952727983707
Sivaji,2007.0,188.0,"Action, Drama, Thriller",7.5,18422.0,2315.0,1711.0,2393.0,2697.0,3,1,0.0,9.82135516299751
Sivappathikaaram,2006.0,112.0,Action,5.5,86.0,1256.0,2388.0,1269.0,1950.0,3,0,0.0,4.465908118654584
Six X,2016.0,133.0,Drama,6.9,210.0,582.0,2022.0,2403.0,938.0,3,0,7.0,5.351858133476067
Sixteen,2013.0,138.0,"Drama, Romance, Thriller",6.3,1680.0,2021.0,2512.0,894.0,1466.0,3,1,7.0,7.427144133408616
Siyaah..,2012.0,97.0,Horror,5.3,63.0,428.0,783.0,786.0,3055.0,3,0,11.0,4.1588830833596715
Siyasat,1988.0,,Action,3.1,15.0,1422.0,1438.0,2681.0,2853.0,1,0,0.0,2.772588722239781
Siyasat,1992.0,,"Action, Drama",5.8,5.0,2768.0,1099.0,1096.0,2475.0,3,1,0.0,1.791759469228055
Siyavar Ram - Ramayana,2020.0,90.0,Animation,7.0,6.0,1618.0,2385.0,2681.0,2853.0,0,0,2.0,1.9459101490553132
Skater Girl,2021.0,107.0,"Drama, Family, Sport",6.6,1154.0,1478.0,223.0,2827.0,1937.0,3,1,7.0,7.051855622955894
Slender Threads,1973.0,118.0,"Action, Drama",7.1,49.0,2012.0,2487.0,1436.0,1109.0,3,1,0.0,3.912023005428146
Smuggler,1996.0,,"Action, Crime",4.3,19.0,118.0,631.0,394.0,774.0,3,1,0.0,2.995732273553991
Smuggler,1966.0,,"Action, Crime",6.7,6.0,401.0,2090.0,1151.0,2339.0,3,1,0.0,1.9459101490553132
Snegithiye,2000.0,154.0,"Drama, Musical, Mystery",6.5,276.0,1924.0,959.0,2308.0,2771.0,3,1,7.0,5.6240175061873385
Sneham Kosam,1999.0,169.0,"Action, Drama",6.5,270.0,1185.0,550.0,1353.0,2938.0,3,1,0.0,5.602118820879701
Sniffer,2013.0,137.0,"Adventure, Comedy, Drama",5.9,680.0,549.0,1428.0,1660.0,234.0,3,1,1.0,6.523562306149512
Snip!,2000.0,,"Comedy, Thriller",4.7,124.0,2792.0,2175.0,1588.0,1358.0,3,1,4.0,4.8283137373023015
Soch,2002.0,145.0,"Drama, Mystery, Thriller",4.3,86.0,2840.0,1971.0,1980.0,69.0,3,1,7.0,4.465908118654584
Soch Lo,2010.0,,"Action, Crime, Drama",6.5,86.0,2498.0,445.0,878.0,1719.0,3,1,0.0,4.465908118654584
Socha Na Tha,2005.0,137.0,"Comedy, Drama, Romance",7.4,7475.0,973.0,34.0,393.0,447.0,3,1,4.0,8.919453168575453
Society Kaam Se Gayi,2011.0,,Drama,5.6,12.0,2000.0,2024.0,2472.0,1028.0,3,0,7.0,2.5649493574615367
Sohag Raat,1948.0,143.0,"Drama, Romance",7.2,6.0,1292.0,450.0,448.0,833.0,3,1,7.0,1.9459101490553132
Sohni Mahiwal,1985.0,142.0,"Action, Drama, Romance",6.1,263.0,1236.0,1122.0,2679.0,2720.0,3,1,0.0,5.575949103146316
Sohni Mahiwal,1958.0,104.0,"Musical, Romance",5.9,9.0,2032.0,463.0,1596.0,1745.0,3,1,13.0,2.302585092994046
Sold,2014.0,94.0,Drama,6.9,1589.0,1091.0,751.0,568.0,1898.0,3,0,7.0,7.371489295214277
Soldier,1998.0,156.0,"Action, Drama, Musical",6.2,2757.0,38.0,1251.0,479.0,1869.0,3,1,0.0,7.922261058353247
Soldier as Thakur Daler Singh,1969.0,,Action,6.0,5.0,1773.0,122.0,580.0,703.0,3,0,0.0,1.791759469228055
Solva Saal,1958.0,135.0,"Comedy, Romance, Thriller",7.0,140.0,2012.0,616.0,2827.0,993.0,3,1,4.0,4.948759890378168
Solva Sawan,1979.0,140.0,Drama,6.0,22.0,502.0,67.0,1137.0,1334.0,3,0,7.0,3.1354942159291497
Some Where in Delhi,1956.0,128.0,"Comedy, Drama, Romance",5.1,9.0,1391.0,791.0,1926.0,2230.0,3,1,4.0,2.302585092994046
Son of Dracula,2009.0,94.0,"Fantasy, Horror",5.5,8.0,2401.0,936.0,1992.0,143.0,3,1,9.0,2.1972245773362196
Son of Hercules,1964.0,80.0,Action,2.8,28.0,2771.0,499.0,1028.0,1295.0,3,0,0.0,3.367295829986474
Son of India,1962.0,,Drama,5.8,50.0,1529.0,1930.0,1023.0,1256.0,3,0,7.0,3.9318256327243257
Son of Sardaar,2012.0,141.0,"Action, Comedy",4.0,9060.0,393.0,247.0,90.0,2330.0,3,1,0.0,9.11173476822206
Son of Sinbad,1958.0,,Adventure,2.3,24.0,1658.0,1256.0,1141.0,1874.0,3,0,1.0,3.2188758248682006
Son Rise,2019.0,49.0,Documentary,8.2,213.0,2990.0,2385.0,2681.0,2853.0,0,0,6.0,5.365976015021851
Sona Spa,2013.0,102.0,"Drama, Mystery, Thriller",3.5,189.0,1440.0,138.0,1617.0,699.0,3,1,7.0,5.247024072160486
Sonali Cable,2014.0,127.0,"Comedy, Drama",5.3,980.0,587.0,1822.0,124.0,1946.0,3,1,4.0,6.8885724595653635
Sonchidi,2011.0,55.0,"Drama, Mystery, Sci-Fi",6.3,82.0,195.0,1480.0,718.0,2853.0,2,1,7.0,4.418840607796598
Sonchiriya,2019.0,143.0,"Action, Crime, Drama",8.1,9572.0,60.0,2298.0,460.0,418.0,3,1,0.0,9.166701914946353
Sone Ka Dil Lohe Ke Haath,1978.0,,Action,6.5,8.0,1674.0,2235.0,1866.0,1624.0,3,0,0.0,2.1972245773362196
Sone Ki Chidiya,1958.0,171.0,"Drama, Romance",6.0,34.0,2545.0,2321.0,428.0,1738.0,3,1,7.0,3.5553480614894135
Sone Ki Lanka,1992.0,,Action,5.7,10.0,118.0,919.0,934.0,615.0,3,0,0.0,2.3978952727983707
Sone Pe Suhaaga,1988.0,163.0,"Action, Family",4.8,90.0,1146.0,919.0,607.0,1738.0,3,1,0.0,4.51085950651685
Soni,2018.0,97.0,"Crime, Drama",7.2,2528.0,1006.0,743.0,2152.0,2954.0,3,1,5.0,7.835579246669965
Sons of Ram,2012.0,85.0,"Animation, Drama, Musical",6.7,77.0,1359.0,2259.0,681.0,689.0,3,1,2.0,4.356708826689592
Sonu Ke Titu Ki Sweety,2018.0,138.0,"Comedy, Romance",7.1,20000.0,1388.0,1027.0,1626.0,2724.0,3,1,4.0,9.90353755128617
Sookha,1983.0,119.0,Drama,6.6,9.0,1402.0,1513.0,196.0,2853.0,2,0,7.0,2.302585092994046
Sooper Se Ooper,2013.0,,Comedy,4.3,178.0,2606.0,2356.0,1241.0,1492.0,3,0,4.0,5.187385805840755
Soorarai Pottru,2020.0,153.0,Drama,9.1,83029.0,2745.0,2295.0,1220.0,1774.0,3,0,7.0,11.326957267256077
Soorat Aur Seerat,1962.0,,"Drama, Family",7.2,14.0,2113.0,631.0,1628.0,1106.0,3,1,7.0,2.70805020110221
Soorma,2018.0,131.0,"Biography, Drama, Sport",7.4,4648.0,2538.0,660.0,2605.0,240.0,3,1,3.0,8.444407421690585
Soorma Bhopali,1988.0,153.0,Comedy,5.6,60.0,1027.0,875.0,74.0,199.0,3,0,4.0,4.110873864173311
Sooryavansham,1999.0,168.0,"Action, Drama",6.3,2820.0,751.0,1576.0,173.0,2643.0,3,1,0.0,7.944846711001996
Sorry Bhai!,2008.0,154.0,"Comedy, Drama, Romance",6.1,1019.0,1747.0,2030.0,481.0,2335.0,3,1,4.0,6.927557906278317
Sorry Daddy,2015.0,,Action,4.7,6.0,3016.0,2057.0,257.0,1559.0,3,0,0.0,1.9459101490553132
SOS: Secrets of Sex,2013.0,114.0,Drama,5.8,34.0,1340.0,1096.0,716.0,903.0,3,0,7.0,3.5553480614894135
SOS: Secrets of Sex Chapter 3,2014.0,108.0,Drama,3.5,31.0,1340.0,1096.0,1190.0,2853.0,2,0,7.0,3.4657359027997265
Soul of Sand,2010.0,99.0,"Drama, Mystery, Thriller",5.6,82.0,2674.0,651.0,2099.0,443.0,3,1,7.0,4.418840607796598
Soundtrack,2011.0,132.0,"Drama, Musical",7.1,826.0,1701.0,1693.0,2446.0,1548.0,3,1,7.0,6.717804695023691
Souryam,2008.0,151.0,"Action, Drama",5.8,167.0,2682.0,2362.0,270.0,1820.0,3,1,0.0,5.123963979403259
Souten,1983.0,160.0,"Drama, Musical, Romance",5.7,196.0,2356.0,1702.0,2648.0,1756.0,3,1,7.0,5.2832037287379885
Souten Ki Beti,1989.0,136.0,"Drama, Family",5.3,55.0,2356.0,919.0,2003.0,1039.0,3,1,7.0,4.02535169073515
Souten: The Other Woman,2006.0,131.0,Thriller,4.7,43.0,1252.0,1175.0,1647.0,2438.0,3,0,18.0,3.784189633918261
Spandan,1982.0,135.0,Drama,6.1,9.0,530.0,2396.0,218.0,204.0,3,0,7.0,2.302585092994046
Spark,2014.0,134.0,Action,5.9,31.0,2961.0,1786.0,1315.0,2029.0,3,0,0.0,3.4657359027997265
Special 26,2013.0,144.0,"Crime, Drama, Thriller",8.0,52354.0,1696.0,145.0,255.0,1407.0,3,1,5.0,10.865802722721563
Speed,2007.0,102.0,"Action, Crime, Thriller",2.9,513.0,3035.0,2390.0,2199.0,3056.0,3,1,0.0,6.2422232654551655
Spirit of Moksha - Kumbh Mela,2010.0,61.0,"Documentary, Family",5.8,6.0,2057.0,1268.0,2681.0,2853.0,1,1,6.0,1.9459101490553132
Split Wide Open,1999.0,103.0,"Crime, Drama",6.5,222.0,671.0,1651.0,1166.0,2521.0,3,1,5.0,5.407171771460119
Spy in Rome,1968.0,155.0,"Action, Comedy, Romance",4.9,8.0,443.0,618.0,943.0,1106.0,3,1,0.0,2.1972245773362196
Sree Rama Anjaneya Yuddham,1975.0,166.0,"Drama, Fantasy",7.8,29.0,472.0,1373.0,918.0,2361.0,3,1,7.0,3.4011973816621555
Sri Anjaneyam,2004.0,174.0,"Action, Fantasy",4.6,203.0,1330.0,1475.0,197.0,1077.0,3,1,0.0,5.318119993844216
Sri Shirdi Saibaba Mahathyam,1986.0,,Drama,7.7,83.0,1166.0,2449.0,513.0,266.0,3,0,7.0,4.430816798843313
Sri Venkateswara Mahathyam,1960.0,204.0,"Drama, Musical",8.5,52.0,1757.0,1373.0,2251.0,2894.0,3,1,7.0,3.970291913552122
Srinagar,2020.0,,Drama,9.1,28.0,2483.0,1982.0,1990.0,2876.0,3,0,7.0,3.367295829986474
Sssshhh...,2003.0,163.0,"Horror, Mystery",4.4,330.0,1814.0,2327.0,635.0,1169.0,3,1,11.0,5.802118375377063
Ssukh,2005.0,,"Comedy, Family, Romance",5.0,59.0,1298.0,20.0,900.0,1344.0,3,1,4.0,4.0943445622221
Stalker,2012.0,,Thriller,3.5,8.0,1302.0,1057.0,1787.0,1597.0,3,0,18.0,2.1972245773362196
Stand By,2011.0,,"Drama, Sport, Thriller",6.3,25.0,2463.0,2148.0,2106.0,629.0,3,1,7.0,3.258096538021482
Stanley Ka Dabba,2011.0,96.0,"Comedy, Drama, Family",7.8,6493.0,216.0,1527.0,1625.0,53.0,3,1,4.0,8.77863395266279
Star,1982.0,,"Drama, Musical",7.7,53.0,3056.0,1099.0,1975.0,1971.0,3,1,7.0,3.9889840465642745
State Rowdy,1989.0,147.0,"Action, Crime, Drama",6.3,104.0,847.0,550.0,447.0,1043.0,3,1,0.0,4.653960350157523
State vs. Malti Mhaske,2018.0,,"Crime, Thriller",7.1,67.0,1711.0,1912.0,645.0,2600.0,3,1,5.0,4.219507705176107
Station,2014.0,120.0,"Crime, Drama, Thriller",7.5,90.0,2353.0,999.0,772.0,2188.0,3,1,5.0,4.51085950651685
Stay Alert,1956.0,153.0,"Comedy, Drama",8.2,913.0,200.0,2178.0,1723.0,2708.0,3,1,4.0,6.81783057145415
Staying Alive,2007.0,96.0,"Crime, Drama",6.2,24.0,239.0,1935.0,1323.0,2500.0,3,1,5.0,3.2188758248682006
Staying Alive,2012.0,89.0,Drama,5.6,29.0,239.0,877.0,198.0,1636.0,3,0,7.0,3.4011973816621555
Still Standing,2010.0,54.0,"Documentary, Biography, Drama",7.5,8.0,1782.0,2385.0,2681.0,2853.0,0,1,6.0,2.1972245773362196
Stoovertpuram Police Station,1991.0,148.0,"Action, Drama",6.2,65.0,2983.0,550.0,2763.0,1714.0,3,1,0.0,4.189654742026425
Stop!,2004.0,,"Comedy, Romance",4.4,33.0,107.0,1849.0,617.0,2806.0,3,1,4.0,3.5263605246161616
Straight,2009.0,110.0,"Comedy, Drama",5.8,350.0,1807.0,2476.0,766.0,304.0,3,1,4.0,5.860786223465865
Strangers,2007.0,100.0,"Drama, Romance, Thriller",4.9,338.0,25.0,931.0,1082.0,2626.0,3,1,7.0,5.82600010738045
Strawberry Point,2020.0,,Thriller,7.8,5.0,1836.0,1015.0,2681.0,2853.0,1,0,18.0,1.791759469228055
Stree,1961.0,139.0,Fantasy,7.5,21.0,2579.0,2064.0,2182.0,2031.0,3,0,9.0,3.091042453358316
Stree,2018.0,128.0,"Comedy, Horror",7.6,29900.0,182.0,1718.0,2382.0,1768.0,3,1,4.0,10.305647203635566
Street Dancer 3D,2020.0,146.0,"Drama, Music",3.6,5930.0,2244.0,2419.0,2382.0,1826.0,3,1,7.0,8.687948111838727
Street Fighter,1995.0,148.0,Action,5.2,16.0,847.0,153.0,484.0,688.0,3,0,0.0,2.833213344056216
Street Fighter: The Legend of Chun-Li,2009.0,96.0,"Action, Crime, Fantasy",3.7,23206.0,243.0,1087.0,1543.0,1477.0,3,1,0.0,10.052209236282758
Street Singer,1938.0,135.0,Drama,6.3,15.0,1824.0,967.0,1030.0,552.0,3,0,7.0,2.772588722239781
Striker,2010.0,128.0,"Action, Crime, Drama",6.9,1014.0,566.0,2144.0,237.0,312.0,3,1,0.0,6.922643891475888
Strings of Passion,2014.0,100.0,Drama,6.5,31.0,2440.0,2549.0,867.0,2555.0,3,0,7.0,3.4657359027997265
Struggler,2006.0,,Thriller,6.0,10.0,1428.0,206.0,377.0,1349.0,3,0,18.0,2.3978952727983707
Student of the Year,2012.0,146.0,"Comedy, Drama, Music",5.3,16038.0,1247.0,2155.0,130.0,2897.0,3,1,4.0,9.682778535337379
Student of the Year 2,2019.0,146.0,"Action, Comedy, Drama",2.2,17483.0,1937.0,2352.0,199.0,2793.0,3,1,0.0,9.769041455983205
Stumped,2003.0,121.0,"Comedy, Drama, Sport",2.6,121.0,815.0,1791.0,139.0,2288.0,3,1,4.0,4.804021044733257
Stunttman,1994.0,,"Action, Drama, Romance",4.8,20.0,648.0,412.0,2654.0,181.0,3,1,0.0,3.044522437723423
Style,2001.0,157.0,"Comedy, Musical, Mystery",6.7,1859.0,1624.0,2076.0,2123.0,2179.0,3,1,4.0,7.528331766707247
Sub Ka Saathi,1972.0,,"Drama, Family",6.5,6.0,0.0,1972.0,2791.0,1745.0,3,1,7.0,1.9459101490553132
Subah Ka Tara,1954.0,107.0,Romance,5.4,9.0,2579.0,1563.0,2301.0,1051.0,3,0,15.0,2.302585092994046
Subah Subah,1983.0,,Romance,8.0,83.0,982.0,18.0,2681.0,2853.0,1,0,15.0,4.430816798843313
Subha-O-Sham,1971.0,180.0,"Action, Comedy, Drama",6.5,31.0,2886.0,1980.0,2827.0,1496.0,3,1,0.0,3.4657359027997265
Subhas Chandra,1966.0,130.0,"Biography, Drama, History",8.2,41.0,1828.0,178.0,2156.0,399.0,3,1,3.0,3.7376696182833684
Subhash Chandra Bose,2005.0,,"Action, Drama, History",3.1,245.0,1156.0,2428.0,1730.0,2824.0,3,1,0.0,5.5053315359323625
Suddha,2005.0,105.0,Drama,7.2,13.0,2170.0,2070.0,453.0,991.0,3,0,7.0,2.6390573296152584
Sudesi,2005.0,139.0,"Action, Crime, Drama",3.7,35.0,1096.0,371.0,1069.0,1316.0,3,1,0.0,3.58351893845611
Sudhandhiram,2000.0,145.0,"Action, Crime, Drama",4.0,44.0,2010.0,1407.0,1768.0,1950.0,3,1,0.0,3.8066624897703196
Suhaag,1979.0,164.0,"Action, Drama, Musical",6.7,1053.0,1482.0,2082.0,173.0,2136.0,3,1,0.0,6.960347729101308
Suhaag,1994.0,145.0,"Action, Comedy, Drama",5.7,1755.0,1338.0,108.0,114.0,1175.0,3,1,0.0,7.470793774195062
Suhaag Raat,1968.0,160.0,"Drama, Romance",4.8,29.0,1949.0,1723.0,949.0,2695.0,3,1,7.0,3.4011973816621555
Suhag Sindoor,1961.0,,Drama,5.0,5.0,1952.0,1877.0,428.0,1359.0,3,0,7.0,1.791759469228055
Suhagan,1954.0,,"Drama, Family",6.3,6.0,236.0,780.0,1258.0,833.0,3,1,7.0,1.9459101490553132
Suhagan,1986.0,143.0,Romance,6.1,43.0,1156.0,919.0,2488.0,1756.0,3,0,15.0,3.784189633918261
Suhagan,1964.0,,"Drama, Romance",6.2,17.0,1181.0,780.0,1258.0,1745.0,3,1,7.0,2.8903717578961645
Suhana Safar,1970.0,130.0,"Comedy, Drama",6.4,45.0,3002.0,2082.0,2312.0,1286.0,3,1,4.0,3.828641396489095
Sui Dhaaga,2018.0,122.0,"Comedy, Drama",6.8,7421.0,2587.0,304.0,2719.0,1951.0,3,1,4.0,8.912203841620542
Sujata,1960.0,161.0,"Drama, Romance",7.3,326.0,525.0,1490.0,2549.0,2478.0,3,1,7.0,5.7899601708972535
Sulemani Keeda,2014.0,89.0,"Comedy, Romance",7.1,2478.0,199.0,1421.0,1347.0,73.0,3,1,4.0,7.8156105320351905
Sullan,2004.0,138.0,"Action, Crime, Drama",3.2,359.0,2163.0,630.0,1292.0,1785.0,3,1,0.0,5.886104031450156
Sultaan,2000.0,120.0,"Action, Drama",5.6,54.0,2864.0,2455.0,472.0,1494.0,3,1,0.0,4.007333185232471
Sultan,2016.0,170.0,"Action, Drama, Sport",7.0,41777.0,172.0,1939.0,1135.0,321.0,3,1,0.0,10.640125164170602
Sultana Daku,1972.0,,Action,8.7,6.0,1557.0,575.0,96.0,919.0,3,0,0.0,1.9459101490553132
Sultana Daku,1982.0,,Action,5.2,5.0,1557.0,575.0,96.0,919.0,3,0,0.0,1.791759469228055
Sumbandh,1982.0,,"Action, Drama, Romance",5.9,10.0,2616.0,376.0,2793.0,2104.0,3,1,0.0,2.3978952727983707
Summer 2007,2008.0,166.0,"Crime, Drama, Thriller",6.2,238.0,2687.0,2157.0,766.0,3042.0,3,1,5.0,5.476463551931511
Summer Camp,2018.0,128.0,"Comedy, Drama",7.1,16.0,1355.0,2013.0,138.0,1388.0,3,1,4.0,2.833213344056216
Sun Meri Laila,1983.0,143.0,Romance,6.9,11.0,567.0,500.0,590.0,948.0,3,0,15.0,2.4849066497880004
Sun Sajna,1982.0,138.0,"Drama, Family, Romance",6.3,21.0,567.0,1304.0,1964.0,948.0,3,1,7.0,3.091042453358316
Sun Zarra,2006.0,125.0,"Drama, Romance",5.4,18.0,2277.0,1947.0,1401.0,2138.0,3,1,7.0,2.9444389791664403
Sunayana,1979.0,131.0,"Comedy, Drama, Romance",5.9,39.0,950.0,2247.0,1462.0,832.0,3,1,4.0,3.6888794541139363
Sunday,2008.0,135.0,"Action, Comedy, Mystery",5.3,2619.0,2281.0,108.0,393.0,360.0,3,1,0.0,7.8709295967551425
Sunday,1993.0,,Comedy,6.7,6.0,1781.0,1731.0,598.0,1268.0,3,0,4.0,1.9459101490553132
Sunehra Sansar,1975.0,,"Drama, Family",5.4,22.0,92.0,1695.0,1258.0,920.0,3,1,7.0,3.1354942159291497
Sunehre Din,1949.0,143.0,Drama,6.6,30.0,2510.0,1670.0,2000.0,2209.0,3,0,7.0,3.4339872044851463
Sunghursh,1968.0,175.0,"Action, Crime, Drama",6.8,93.0,919.0,657.0,2824.0,481.0,3,1,0.0,4.543294782270004
Sunglass,2013.0,100.0,"Comedy, Drama, Thriller",5.4,30.0,2264.0,902.0,1220.0,2827.0,3,1,4.0,3.4339872044851463
Sunheri Nagin,1963.0,,Unknown,5.7,6.0,458.0,1176.0,815.0,2695.0,3,0,19.0,1.9459101490553132
Sunn Raha Hai Na,2017.0,56.0,"Drama, Romance",6.1,7.0,780.0,2120.0,805.0,2719.0,3,1,7.0,2.0794415416798357
Sunny,1984.0,114.0,"Drama, Romance",5.6,128.0,2012.0,2270.0,182.0,703.0,3,1,7.0,4.859812404361672
Suno Na.. Ek Nanhi Aawaz,2009.0,127.0,Drama,4.5,6.0,220.0,2341.0,1256.0,1995.0,3,0,7.0,1.9459101490553132
Suno Sasurjee,2004.0,169.0,"Action, Comedy, Musical",2.5,147.0,3042.0,86.0,153.0,877.0,3,1,0.0,4.997212273764115
Sunset Bollywood,2005.0,60.0,Documentary,8.6,663.0,1312.0,206.0,442.0,1346.0,3,0,6.0,6.498282149476434
Sunshine Music Tours & Travels,2016.0,110.0,Comedy,6.5,31.0,2554.0,2273.0,359.0,112.0,3,0,4.0,3.4657359027997265
Suntan,1976.0,121.0,Drama,6.8,20.0,1567.0,919.0,358.0,1715.0,3,0,7.0,3.044522437723423
Supari,2003.0,142.0,"Action, Crime, Drama",4.3,136.0,1774.0,1393.0,2671.0,1956.0,3,1,0.0,4.919980925828125
Supari - The Quest Begins Now,2014.0,90.0,Crime,5.9,33.0,24.0,1892.0,2599.0,1554.0,3,0,5.0,3.5263605246161616
Super 30,2019.0,154.0,"Biography, Drama",8.0,23000.0,3031.0,830.0,1440.0,1611.0,3,1,3.0,10.043292972227004
Super Bheem Aakhri Chunauti,2016.0,,Animation,5.8,5.0,2095.0,2385.0,2681.0,2853.0,0,0,2.0,1.791759469228055
Super Bheem Fire and Ice,2016.0,,Animation,5.8,5.0,2095.0,2385.0,2681.0,2853.0,0,0,2.0,1.791759469228055
Super Bheem Hawa Mein Halla,2016.0,,Animation,5.5,11.0,2095.0,1083.0,2681.0,2853.0,1,0,2.0,2.4849066497880004
Super Model,2013.0,83.0,"Drama, Mystery, Romance",1.9,180.0,1685.0,374.0,2731.0,2312.0,3,1,7.0,5.198497031265826
Super Nani,2014.0,133.0,"Comedy, Drama, Family",4.6,398.0,980.0,1818.0,2311.0,2074.0,3,1,4.0,5.988961416889864
Super Police,1994.0,95.0,"Action, Thriller",5.5,70.0,1152.0,153.0,484.0,580.0,3,1,0.0,4.2626798770413155
Superman,1960.0,,"Action, Adventure",4.8,18.0,1557.0,238.0,815.0,1758.0,3,1,0.0,2.9444389791664403
Superman,1987.0,123.0,"Action, Adventure, Sci-Fi",4.5,301.0,431.0,1626.0,2473.0,703.0,3,1,0.0,5.71042701737487
Supermen of Malegaon,2008.0,66.0,Documentary,8.0,648.0,767.0,2047.0,695.0,132.0,3,0,6.0,6.47543271670409
Superstar,2008.0,120.0,"Drama, Romance",6.0,707.0,2275.0,1108.0,2666.0,434.0,3,1,7.0,6.56244409369372
Sur,2002.0,136.0,"Drama, Musical, Romance",6.4,475.0,2878.0,1143.0,2428.0,60.0,3,1,7.0,6.16541785423142
Sur Asur,1990.0,,Comedy,6.0,8.0,2738.0,2045.0,2051.0,161.0,3,0,4.0,2.1972245773362196
Sur Sangam,1985.0,149.0,"Comedy, Drama, Musical",6.8,45.0,1168.0,754.0,934.0,2244.0,3,1,4.0,3.828641396489095
Suraag,1982.0,,"Thriller, Mystery",7.3,58.0,1020.0,186.0,2202.0,2417.0,3,1,18.0,4.07753744390572
Suraj,1966.0,155.0,"Romance, Musical, Action",6.7,124.0,2862.0,2510.0,1882.0,111.0,3,1,15.0,4.8283137373023015
Suraj,1997.0,,Action,3.3,18.0,2864.0,1731.0,1401.0,1910.0,3,0,0.0,2.9444389791664403
Suraj Aur Chanda,1973.0,131.0,"Action, Fantasy",5.7,10.0,2861.0,1980.0,2034.0,2686.0,3,1,0.0,2.3978952727983707
Suraj Pe Mangal Bhari,2020.0,139.0,Comedy,5.9,3011.0,69.0,1224.0,699.0,2933.0,3,0,4.0,8.010359588919783
Surakksha,1979.0,132.0,"Action, Adventure, Crime",7.3,95.0,2230.0,1770.0,1401.0,521.0,3,1,0.0,4.564348191467836
Surakshaa,1995.0,148.0,"Action, Romance, Thriller",4.1,188.0,223.0,1725.0,2126.0,78.0,3,1,0.0,5.241747015059643
Surkhaab,2014.0,100.0,"Adventure, Drama, Thriller",6.3,68.0,2465.0,445.0,2540.0,2978.0,3,1,1.0,4.23410650459726
Surkhiyaan (The Headlines),1985.0,134.0,"Action, Crime, Drama",5.4,16.0,385.0,1405.0,1432.0,2742.0,3,1,0.0,2.833213344056216
Surya,2004.0,,"Romance, Thriller",5.6,5.0,1804.0,1297.0,1518.0,207.0,3,1,15.0,1.791759469228055
Suryaa: An Awakening,1989.0,,"Action, Drama",6.5,43.0,759.0,1635.0,2791.0,1965.0,3,1,0.0,3.784189633918261
Suryavanshi,1992.0,161.0,"Fantasy, Horror",4.5,923.0,2130.0,1939.0,182.0,2484.0,3,1,9.0,6.828712071641684
Susman,1987.0,140.0,Drama,7.3,26.0,2661.0,2030.0,1632.0,1246.0,3,0,7.0,3.295836866004329
Sutradhar,1987.0,,Drama,6.3,37.0,579.0,754.0,2436.0,1703.0,3,0,7.0,3.6375861597263857
Suvarna Sundari,1957.0,,"Musical, Drama, Fantasy",7.1,15.0,2981.0,139.0,2225.0,2566.0,3,1,13.0,2.772588722239781
Swades,2004.0,189.0,Drama,8.2,85340.0,391.0,2038.0,743.0,1223.0,3,0,7.0,11.354410274507881
Swaha: Life Beyond Superstition,2010.0,,"Drama, Fantasy, Horror",3.7,18.0,1495.0,1827.0,1314.0,978.0,3,1,7.0,2.9444389791664403
Swami,1977.0,129.0,Drama,6.5,196.0,475.0,2030.0,755.0,2871.0,3,0,7.0,5.2832037287379885
Swami,2007.0,140.0,Drama,6.8,374.0,807.0,1224.0,982.0,1385.0,3,0,7.0,5.926926025970411
Swami Ayyappan,2012.0,90.0,"Animation, Action, Adventure",7.6,37.0,593.0,1174.0,2681.0,2853.0,1,1,2.0,3.6375861597263857
Swami Dada,1982.0,151.0,"Action, Drama",6.3,87.0,670.0,2312.0,596.0,1494.0,3,1,0.0,4.477336814478207
Swami Vivekananda,1955.0,,Biography,6.5,12.0,184.0,121.0,454.0,300.0,3,0,3.0,2.5649493574615367
Swaraaj,2003.0,90.0,Unknown,6.9,19.0,304.0,165.0,2621.0,1376.0,3,0,19.0,2.995732273553991
Swarag Se Sunder,1986.0,,Drama,5.1,106.0,1146.0,919.0,934.0,1494.0,3,0,7.0,4.672828834461906
Swarg,1990.0,160.0,Drama,6.7,1255.0,629.0,1702.0,763.0,1325.0,3,0,7.0,7.135687347028144
Swarg Jaisaa Ghar,1991.0,,"Drama, Family",2.8,9.0,2857.0,1667.0,2536.0,27.0,3,1,7.0,2.302585092994046
Swarg Narak,1978.0,164.0,"Comedy, Drama, Romance",5.5,57.0,1668.0,1980.0,949.0,2982.0,3,1,4.0,4.060443010546419
Swarg Se Sundar Desh Hamara,1945.0,,Unknown,5.9,9.0,636.0,489.0,1643.0,2853.0,2,0,19.0,2.302585092994046
Swarg Yahan Narak Yahan,1991.0,,"Action, Crime, Drama",6.2,64.0,3042.0,1304.0,2358.0,2696.0,3,1,0.0,4.174387269895637
Swati,1986.0,151.0,Drama,6.7,103.0,1317.0,2082.0,2312.0,1452.0,3,0,7.0,4.6443908991413725
Swayam,1991.0,,Drama,3.9,13.0,1422.0,2511.0,2111.0,1344.0,3,0,7.0,2.6390573296152584
Swayamvar,1980.0,161.0,"Comedy, Drama, Romance",7.4,85.0,1758.0,2082.0,2202.0,1544.0,3,1,4.0,4.454347296253507
Sweekar,1973.0,,Drama,6.9,14.0,2750.0,1169.0,792.0,1218.0,3,0,7.0,2.70805020110221
Sweekar Kiya Maine,1983.0,170.0,"Comedy, Drama",6.1,22.0,3128.0,2489.0,2263.0,1876.0,3,1,4.0,3.1354942159291497
Sweetiee Weds NRI,2017.0,116.0,"Comedy, Drama, Romance",3.4,244.0,926.0,818.0,2870.0,643.0,3,1,4.0,5.501258210544727
Switchh,2021.0,130.0,"Action, Thriller",4.2,11.0,1621.0,336.0,791.0,1616.0,3,1,0.0,2.4849066497880004
T for Taj Mahal,2018.0,104.0,Drama,8.7,93.0,1297.0,2227.0,1698.0,1413.0,3,0,7.0,4.543294782270004
Ta Ra Rum Pum,2007.0,153.0,"Comedy, Drama, Family",5.6,4409.0,2670.0,1925.0,1958.0,1028.0,3,1,4.0,8.391629968440892
Taal,1999.0,179.0,"Drama, Musical, Romance",6.7,5068.0,2730.0,148.0,207.0,100.0,3,1,7.0,8.53089883847235
Taanashah,2020.0,101.0,"Action, Drama",7.3,25.0,2258.0,654.0,864.0,2471.0,3,1,0.0,3.258096538021482
Taandav: Tune of Taandav,2001.0,,Musical,2.9,14.0,409.0,2385.0,2681.0,2853.0,0,0,13.0,2.70805020110221
Taaqat,1982.0,,"Action, Drama",5.9,7.0,1670.0,2487.0,1677.0,2041.0,3,1,0.0,2.0794415416798357
Taaqat,1995.0,180.0,"Crime, Romance",4.8,90.0,2875.0,631.0,2325.0,1114.0,3,1,5.0,4.51085950651685
Taaqatwar,1989.0,,Action,5.5,98.0,629.0,1969.0,763.0,264.0,3,0,0.0,4.59511985013459
Taarzan: The Wonder Car,2004.0,163.0,"Action, Fantasy, Thriller",4.5,2781.0,38.0,1251.0,2725.0,449.0,3,1,0.0,7.930925372483388
Tabaahi: The Destroyer,1999.0,133.0,Action,4.4,21.0,851.0,1304.0,644.0,1658.0,3,0,0.0,3.091042453358316
Table No. 21,2013.0,108.0,"Adventure, Drama, Thriller",7.2,11709.0,85.0,1522.0,1878.0,2818.0,3,1,1.0,9.368198456591763
Tada,2003.0,154.0,Action,4.7,24.0,2681.0,861.0,2111.0,348.0,3,0,0.0,3.2188758248682006
Tadap,1990.0,135.0,Drama,5.6,8.0,2690.0,2242.0,549.0,1606.0,3,0,7.0,2.1972245773362196
Tadipaar,1993.0,134.0,"Action, Drama",4.7,142.0,1422.0,1304.0,1707.0,312.0,3,1,0.0,4.962844630259907
Tahalka,1992.0,168.0,"Action, Adventure, Thriller",5.7,316.0,264.0,631.0,1510.0,1555.0,3,1,0.0,5.75890177387728
Tahkhana,1986.0,117.0,"Action, Drama, Horror",5.4,169.0,2665.0,2370.0,1952.0,922.0,3,1,0.0,5.135798437050262
Tahqiqaat,1993.0,139.0,"Crime, Mystery",5.3,26.0,1.0,1170.0,2526.0,1293.0,3,1,5.0,3.295836866004329
Taish,2020.0,143.0,"Action, Thriller",7.5,3703.0,483.0,929.0,808.0,1909.0,3,1,0.0,8.21716859576607
Taj,1956.0,138.0,"Drama, Music",6.6,8.0,1664.0,2510.0,1723.0,542.0,3,1,7.0,2.1972245773362196
Taj Mahal: A Monument of Love,2003.0,235.0,"Drama, History, Romance",6.7,51.0,2269.0,2039.0,1137.0,1948.0,3,1,7.0,3.9512437185814275
Taj Mahal: An Eternal Love Story,2005.0,164.0,"Drama, History, Musical",5.0,161.0,149.0,2551.0,2480.0,1109.0,3,1,7.0,5.087596335232384
Tajurba,1981.0,140.0,"Action, Adventure",5.7,12.0,1714.0,1667.0,2436.0,1623.0,3,1,0.0,2.5649493574615367
Take It Easy,2015.0,,Drama,7.4,19.0,2803.0,2243.0,195.0,3025.0,3,0,7.0,2.995732273553991
Taking the Horse to Eat Jalebis,2019.0,121.0,Drama,6.1,50.0,222.0,1807.0,1836.0,859.0,3,0,7.0,3.9318256327243257
Takkar,1995.0,143.0,"Action, Crime, Drama",4.6,195.0,500.0,1405.0,2552.0,2625.0,3,1,0.0,5.278114659230517
Takkar,1980.0,157.0,Drama,5.4,36.0,1146.0,1980.0,949.0,3058.0,3,0,7.0,3.6109179126442243
Talaaq,1958.0,182.0,Drama,6.7,19.0,1425.0,1695.0,1025.0,2276.0,3,0,7.0,2.995732273553991
Talaash,2012.0,140.0,"Crime, Drama, Mystery",7.2,40234.0,2240.0,1618.0,11.0,1171.0,3,1,5.0,10.602492542580233
Talaash: The Hunt Begins...,2003.0,153.0,"Action, Drama, Mystery",4.7,1411.0,2789.0,1735.0,114.0,1171.0,3,1,0.0,7.252762418053187
Talaashi,1996.0,157.0,"Crime, Drama",4.3,34.0,2665.0,2370.0,900.0,1090.0,3,1,5.0,3.5553480614894135
Talash,1969.0,175.0,"Romance, Thriller",6.6,155.0,1742.0,1695.0,2312.0,1742.0,3,1,15.0,5.049856007249537
Talashe Haq,1935.0,,Unknown,6.8,11.0,596.0,873.0,1506.0,1923.0,3,0,19.0,2.4849066497880004
Tales of Siva 1,2009.0,65.0,"Animation, Family, History",5.5,6.0,2246.0,1441.0,1796.0,476.0,3,1,2.0,1.9459101490553132
Tales of Siva 2,2009.0,66.0,Animation,6.3,6.0,2246.0,2385.0,2681.0,2853.0,0,0,2.0,1.9459101490553132
Tallukh,2020.0,83.0,"Crime, Drama, Romance",5.4,56.0,298.0,2522.0,262.0,911.0,3,1,5.0,4.04305126783455
Talvar,2015.0,132.0,"Crime, Drama, Mystery",8.2,32313.0,1528.0,853.0,1115.0,1663.0,3,1,5.0,10.383255851836775
Tamacha,1988.0,165.0,"Action, Romance",4.0,50.0,2172.0,919.0,1897.0,212.0,3,1,0.0,3.9318256327243257
Tamanchey: Pyar Mein Dil Pe Maar De Goli,2014.0,113.0,"Crime, Romance",4.4,308.0,1688.0,1454.0,2014.0,631.0,3,1,5.0,5.733341276897746
Tamanna,1969.0,,"Drama, Family",6.2,12.0,1311.0,503.0,1258.0,2478.0,3,1,7.0,2.5649493574615367
Tamanna,1998.0,127.0,Drama,6.8,302.0,1422.0,1522.0,1707.0,2456.0,3,0,7.0,5.713732805509369
Tamasha,1952.0,127.0,Drama,7.6,38.0,1824.0,616.0,1355.0,542.0,3,0,7.0,3.6635616461296463
Tamasha,2015.0,139.0,"Comedy, Drama, Romance",7.3,24623.0,973.0,608.0,1953.0,2754.0,3,1,4.0,10.11147685607866
Tamboo Mein Bamoo,2001.0,,Drama,6.5,13.0,711.0,1809.0,472.0,2378.0,3,0,7.0,2.6390573296152584
Tan-Badan,1986.0,115.0,Drama,5.1,37.0,223.0,767.0,1162.0,1098.0,3,0,7.0,3.6375861597263857
Tangewala,1972.0,139.0,"Action, Crime, Drama",5.6,29.0,1674.0,1695.0,1455.0,2686.0,3,1,0.0,3.4011973816621555
Tangewali,1955.0,120.0,"Drama, Family",8.4,5.0,1381.0,2058.0,428.0,261.0,3,1,7.0,1.791759469228055
Tango Charlie,2005.0,142.0,"Action, Adventure, Drama",6.0,1789.0,1456.0,108.0,479.0,2330.0,3,1,0.0,7.489970898834801
Tanhaji: The Unsung Warrior,2020.0,135.0,"Action, Biography, Drama",7.6,22344.0,1744.0,108.0,2126.0,2454.0,3,1,0.0,10.014357861367552
Tank Cleaner,2021.0,155.0,Thriller,8.7,20.0,1810.0,798.0,1461.0,2721.0,3,0,18.0,3.044522437723423
Tansen,1943.0,122.0,"Drama, Musical, Romance",7.5,26.0,1071.0,967.0,1087.0,1550.0,3,1,7.0,3.295836866004329
Tanu Weds Manu,2011.0,113.0,"Comedy, Drama, Romance",6.8,13804.0,25.0,1158.0,1036.0,1073.0,3,1,4.0,9.532786124364256
Tanu Weds Manu Returns,2015.0,128.0,"Comedy, Drama, Romance",7.6,26843.0,25.0,997.0,1220.0,1073.0,3,1,4.0,10.19779761127813
Tapasya,1976.0,133.0,"Drama, Family",7.2,48.0,254.0,1735.0,1668.0,427.0,3,1,7.0,3.8918202981106265
Tapish,2000.0,144.0,Drama,6.0,20.0,1082.0,2340.0,672.0,1784.0,3,0,7.0,3.044522437723423
Taqdeer,1983.0,,"Action, Drama, Romance",5.8,88.0,546.0,1304.0,2864.0,920.0,3,1,0.0,4.48863636973214
Taqdeer,1967.0,108.0,"Drama, Family",6.3,35.0,5.0,463.0,2288.0,789.0,3,1,7.0,3.58351893845611
Taqdeer Ka Badshah,1982.0,,"Action, Drama",4.9,18.0,453.0,1304.0,1964.0,203.0,3,1,0.0,2.9444389791664403
Taqdeer Ka Sikander,2002.0,,Action,5.1,7.0,2833.0,810.0,514.0,703.0,3,0,0.0,2.0794415416798357
Taqdeer Ka Tamasha,1990.0,217.0,"Action, Crime, Drama",4.2,40.0,226.0,919.0,1436.0,868.0,3,1,0.0,3.713572066704308
Taqdeerwala,1995.0,162.0,"Action, Comedy, Fantasy",6.5,414.0,1152.0,2428.0,1980.0,427.0,3,1,0.0,6.028278520230698
Tara Mira,2019.0,120.0,Drama,7.3,31.0,2092.0,1772.0,1539.0,886.0,3,0,7.0,3.4657359027997265
Tara: The Journey of Love and Passion,2013.0,110.0,Drama,5.5,43.0,1346.0,1819.0,2052.0,403.0,3,0,7.0,3.784189633918261
Tarana,1979.0,111.0,"Musical, Romance",6.9,37.0,646.0,1304.0,1964.0,1429.0,3,1,13.0,3.6375861597263857
Tarana,1951.0,,"Drama, Romance",7.1,135.0,2143.0,1165.0,622.0,2566.0,3,1,7.0,4.912654885736052
Tarang,1984.0,171.0,Drama,6.9,47.0,1347.0,213.0,2436.0,2542.0,3,0,7.0,3.871201010907891
Tarazu,1997.0,144.0,"Action, Crime, Drama",4.5,589.0,3042.0,145.0,2462.0,1520.0,3,1,0.0,6.380122536899765
Target,1995.0,122.0,Drama,7.6,73.0,2438.0,1310.0,435.0,582.0,3,0,7.0,4.30406509320417
Tarkeeb,1984.0,136.0,"Action, Crime, Drama",4.6,9.0,2230.0,1304.0,1189.0,726.0,3,1,0.0,2.302585092994046
Tarkieb,2000.0,156.0,"Mystery, Thriller",5.0,233.0,759.0,1389.0,2607.0,2511.0,3,1,14.0,5.455321115357702
Tarpan (The Absolution),1995.0,140.0,"Drama, History",7.2,67.0,1147.0,2018.0,410.0,1829.0,3,1,7.0,4.219507705176107
Tarpan: The Salvation,2019.0,104.0,Drama,8.1,31.0,1692.0,2411.0,1844.0,1818.0,3,0,7.0,3.4657359027997265
Tarzan 303,1970.0,131.0,Action,3.8,6.0,578.0,528.0,2265.0,1106.0,3,0,0.0,1.9459101490553132
Tarzan and King Kong,1965.0,128.0,"Action, Adventure, Romance",5.6,27.0,6.0,1762.0,1455.0,490.0,3,1,0.0,3.332204510175204
Tarzan Aur Jadui Chirag,1966.0,136.0,Adventure,3.8,9.0,455.0,422.0,2554.0,460.0,3,0,1.0,2.302585092994046
Tarzan Comes to Delhi,1965.0,,"Action, Adventure",6.7,15.0,1269.0,575.0,1455.0,1429.0,3,1,0.0,2.772588722239781
Tarzan's Daughter,2002.0,99.0,"Action, Adventure, Musical",4.5,11.0,1891.0,810.0,2038.0,2123.0,3,1,0.0,2.4849066497880004
Tashan,2008.0,120.0,"Action, Drama, Romance",3.9,5037.0,3012.0,145.0,2126.0,1171.0,3,1,0.0,8.524764456912555
Tasveer,1966.0,,Action,6.0,8.0,1012.0,714.0,1884.0,1624.0,3,0,0.0,2.1972245773362196
Tathagatha Buddha The Life & Times of Gautama Buddha,2008.0,127.0,"Biography, Drama",6.9,14.0,2708.0,2265.0,1676.0,2736.0,3,1,3.0,2.70805020110221
Tathastu,2006.0,113.0,"Crime, Drama, Thriller",4.4,460.0,289.0,1969.0,153.0,1039.0,3,1,5.0,6.133398042996649
Tauba Tauba,2004.0,121.0,"Comedy, Drama",2.6,93.0,2864.0,1126.0,478.0,182.0,3,1,4.0,4.543294782270004
Tawai: A Voice from the Forest,2017.0,101.0,Documentary,7.4,238.0,548.0,1241.0,490.0,963.0,3,0,6.0,5.476463551931511
Tawaif,1985.0,160.0,"Comedy, Drama, Romance",7.1,104.0,446.0,376.0,2029.0,2104.0,3,1,4.0,4.653960350157523
Taxi Chor,1980.0,103.0,"Crime, Thriller",5.2,20.0,2845.0,847.0,1335.0,38.0,3,1,5.0,3.044522437723423
Taxi Driver,1954.0,133.0,"Musical, Romance",6.9,257.0,591.0,616.0,1016.0,2498.0,3,1,13.0,5.552959584921617
Taxi Driver,1973.0,118.0,Romance,6.3,30.0,1557.0,376.0,1603.0,513.0,3,0,15.0,3.4339872044851463
Taxi Driver,1944.0,,"Comedy, Musical",2.5,16.0,2332.0,653.0,414.0,2693.0,3,1,4.0,2.833213344056216
Taxi No. 9 2 11: Nau Do Gyarah,2006.0,116.0,"Comedy, Drama, Thriller",7.3,9418.0,1541.0,937.0,1490.0,2626.0,3,1,4.0,9.150484204822817
Taxi Taxie,1977.0,123.0,"Adventure, Comedy, Drama",6.4,37.0,996.0,213.0,2854.0,2130.0,3,1,1.0,3.6375861597263857
Te3n,2016.0,136.0,"Drama, Mystery, Thriller",7.3,12118.0,2250.0,206.0,1534.0,2917.0,3,1,7.0,9.402529747968487
Team: The Force,2009.0,115.0,"Action, Comedy",4.0,68.0,110.0,2171.0,179.0,3028.0,3,1,0.0,4.23410650459726
Teen Bahuraniyan,1968.0,160.0,Comedy,6.8,53.0,2342.0,1883.0,1769.0,88.0,3,0,4.0,3.9889840465642745
Teen Batti Char Raasta,1953.0,,Drama,7.3,17.0,2579.0,1013.0,1173.0,1296.0,3,0,7.0,2.8903717578961645
Teen Chor,1973.0,126.0,"Action, Crime, Drama",5.8,9.0,616.0,2489.0,2530.0,1057.0,3,1,0.0,2.302585092994046
Teen Devian,1965.0,121.0,"Musical, Romance",6.9,182.0,185.0,616.0,1493.0,2586.0,3,1,13.0,5.209486152841421
Teen Ekkey,1980.0,,"Action, Comedy, Thriller",3.3,7.0,1114.0,1055.0,2062.0,1079.0,3,1,0.0,2.0794415416798357
Teen Patti,2010.0,140.0,"Crime, Drama, Thriller",4.1,1457.0,1379.0,206.0,1220.0,2536.0,3,1,5.0,7.284820912568604
Teen Sardar,1965.0,125.0,"Action, Adventure, Drama",6.3,10.0,1981.0,1762.0,398.0,1783.0,3,1,0.0,2.3978952727983707
Teen Sau Din Ke Baad,1938.0,158.0,Adventure,6.4,10.0,2500.0,1890.0,1434.0,524.0,3,0,1.0,2.3978952727983707
Teen Taal,2016.0,120.0,Drama,7.5,27.0,2561.0,731.0,2284.0,2116.0,3,0,7.0,3.332204510175204
Teen Thay Bhai,2011.0,,"Comedy, Drama",4.2,325.0,1593.0,1494.0,583.0,2544.0,3,1,4.0,5.786897381366708
Teenmoti,1995.0,,Action,4.9,11.0,132.0,2050.0,1968.0,2419.0,3,0,0.0,2.4849066497880004
Tees Maar Khan,2010.0,135.0,"Comedy, Crime",2.6,11981.0,769.0,145.0,1073.0,138.0,3,1,4.0,9.39116080264387
Teesra Kaun,1965.0,127.0,"Action, Crime, Drama",6.3,17.0,1557.0,714.0,2323.0,2564.0,3,1,0.0,2.8903717578961645
Teesra Kaun?,1994.0,160.0,"Comedy, Thriller",5.2,133.0,1804.0,1304.0,549.0,2615.0,3,1,4.0,4.897839799950911
Teesra Kinara,1986.0,,Romance,6.8,14.0,1332.0,1667.0,2436.0,264.0,3,0,15.0,2.70805020110221
Teesri Aankh,1982.0,151.0,"Action, Thriller",6.4,73.0,2736.0,631.0,2325.0,3058.0,3,1,0.0,4.30406509320417
Teesri Aankh: The Hidden Camera,2006.0,111.0,"Action, Crime, Thriller",2.6,300.0,920.0,2270.0,153.0,1672.0,3,1,0.0,5.707110264748875
Teesri Kasam,1966.0,159.0,"Comedy, Drama, Romance",7.9,746.0,474.0,1670.0,2827.0,753.0,3,1,4.0,6.616065185132817
Teesri Manzil,1966.0,172.0,"Comedy, Musical, Mystery",7.7,1135.0,3003.0,2058.0,337.0,1973.0,3,1,4.0,7.035268599281097
Tehzeeb,2003.0,143.0,Drama,5.9,525.0,1286.0,2030.0,2689.0,354.0,3,0,7.0,6.26530121273771
Tejaa,1990.0,,"Action, Drama",4.5,52.0,2178.0,1969.0,1096.0,2638.0,3,1,0.0,3.970291913552122
Tejasvini,1994.0,169.0,"Action, Drama",6.3,89.0,1624.0,602.0,2763.0,595.0,3,1,0.0,4.499809670330265
Tel Malish Boot Polish,1961.0,,"Action, Comedy, Crime",3.9,15.0,2286.0,2090.0,1151.0,593.0,3,1,0.0,2.772588722239781
Telephone,1985.0,116.0,Thriller,6.3,27.0,2665.0,2370.0,2325.0,1781.0,3,0,18.0,3.332204510175204
Tell Me O Kkhuda,2011.0,125.0,"Action, Crime, Drama",2.5,351.0,931.0,631.0,2791.0,2165.0,3,1,0.0,5.863631175598097
Ten,2005.0,152.0,"Action, Crime, Drama",5.5,3182.0,289.0,1969.0,2552.0,48.0,3,1,0.0,8.065579427282092
Tennis Buddies,2019.0,153.0,Drama,5.4,43.0,2687.0,568.0,1225.0,741.0,3,0,7.0,3.784189633918261
Tera Intezaar,2017.0,108.0,"Romance, Thriller",1.8,262.0,1975.0,318.0,2559.0,498.0,3,1,15.0,5.572154032177765
Tera Jadoo Chal Gayaa,2000.0,143.0,"Musical, Romance",3.0,560.0,4.0,45.0,1105.0,2335.0,3,1,13.0,6.329720905522696
Tera Kya Hoga Johnny,2009.0,155.0,"Crime, Drama, Thriller",6.0,210.0,2753.0,1449.0,2423.0,74.0,3,1,5.0,5.351858133476067
Tera Mera Saath Rahen,2001.0,148.0,Drama,4.9,311.0,1428.0,108.0,2462.0,1605.0,3,0,7.0,5.7430031878094825
Tera Mera Tedha Medha,2015.0,107.0,Comedy,4.0,9.0,602.0,1648.0,747.0,2129.0,3,0,4.0,2.302585092994046
Teraa Surroor,2016.0,106.0,"Action, Drama, Romance",2.6,840.0,2603.0,823.0,685.0,1623.0,3,1,0.0,6.734591659972948
Tere Bin Laden,2010.0,95.0,"Comedy, Drama",7.2,10234.0,69.0,158.0,1725.0,1799.0,3,1,4.0,9.23356849809539
Tere Bin Laden: Dead Or Alive,2016.0,104.0,Comedy,4.3,860.0,69.0,597.0,1286.0,1835.0,3,0,4.0,6.7580945044277305
Tere Bina Kya Jeena,1989.0,127.0,Family,5.1,13.0,1768.0,1528.0,2347.0,1538.0,3,0,8.0,2.6390573296152584
Tere Ghar Ke Samne,1963.0,149.0,"Romance, Musical, Comedy",7.4,394.0,3003.0,616.0,1628.0,1998.0,3,1,15.0,5.978885764901122
Tere Ishq Nachaya,2010.0,122.0,Romance,2.4,8.0,2232.0,737.0,1300.0,1154.0,3,0,15.0,2.1972245773362196
Tere Liye,2001.0,138.0,"Drama, Family, Musical",5.3,52.0,2448.0,841.0,2463.0,1659.0,3,1,7.0,3.970291913552122
Tere Mere Beech Mein,1984.0,,"Comedy, Drama, Romance",6.2,20.0,615.0,1256.0,2695.0,203.0,3,1,4.0,3.044522437723423
Tere Mere Phere,2011.0,120.0,"Comedy, Drama, Romance",5.3,243.0,644.0,2476.0,2045.0,996.0,3,1,4.0,5.497168225293202
Tere Mere Sapne,1971.0,175.0,"Drama, Romance",7.2,223.0,3003.0,616.0,1455.0,1348.0,3,1,7.0,5.4116460518550396
Tere Mere Sapne,1996.0,146.0,"Action, Comedy, Drama",6.2,483.0,1128.0,532.0,311.0,1894.0,3,1,0.0,6.182084906716632
Tere Naal Love Ho Gaya,2012.0,130.0,"Comedy, Drama, Romance",5.8,4120.0,1447.0,1841.0,749.0,1746.0,3,1,4.0,8.323851131338817
Tere Pyaar Mein,1978.0,103.0,Musical,5.9,7.0,2734.0,1304.0,26.0,2943.0,3,0,13.0,2.0794415416798357
Teree Sang: A Kidult Love Story,2009.0,132.0,"Drama, Romance",6.2,589.0,2508.0,1876.0,2333.0,1988.0,3,1,7.0,6.380122536899765
Teri Baahon Mein,1984.0,120.0,Romance,6.1,22.0,2934.0,1324.0,392.0,1635.0,3,0,15.0,3.1354942159291497
Teri Bhabhi Hai Pagle,2018.0,125.0,"Action, Comedy",3.1,125.0,3058.0,1721.0,1539.0,1235.0,3,1,0.0,4.836281906951478
Teri Dilli Meri Dili,2014.0,73.0,Drama,7.0,10.0,2433.0,1632.0,1231.0,2150.0,3,0,7.0,2.3978952727983707
Teri Diwali Meri Christmas,2020.0,68.0,"Adventure, Fantasy, Romance",5.7,23.0,298.0,301.0,820.0,1196.0,3,1,1.0,3.1780538303479458
Teri Kasam,1982.0,195.0,Romance,6.7,48.0,9.0,1099.0,1714.0,850.0,3,0,15.0,3.8918202981106265
Teri Maang Sitaron Se Bhar Doon,1982.0,155.0,Family,5.0,11.0,2012.0,1490.0,1647.0,1971.0,3,0,8.0,2.4849066497880004
Teri Meherbaniyan,1985.0,140.0,"Action, Crime, Drama",5.4,236.0,3020.0,870.0,1714.0,1971.0,3,1,0.0,5.4680601411351315
Teri Meri Kahaani,2012.0,117.0,"Comedy, Drama, Romance",4.7,3873.0,1351.0,2042.0,1785.0,1827.0,3,1,4.0,8.262042843966942
Teri Payal Mere Geet,1993.0,120.0,"Drama, Romance",5.3,36.0,2243.0,767.0,1357.0,163.0,3,1,7.0,3.6109179126442243
Teri Talash Mein,1990.0,,"Crime, Drama, Horror",3.0,8.0,3057.0,172.0,1122.0,1834.0,3,1,5.0,2.1972245773362196
Terror,2016.0,130.0,"Action, Crime, Thriller",6.8,71.0,2507.0,1292.0,1592.0,2118.0,3,1,0.0,4.276666119016055
Terror Strike,2018.0,104.0,Action,6.2,9.0,1215.0,1687.0,742.0,1968.0,3,0,0.0,2.302585092994046
Tevar,2015.0,157.0,"Action, Drama, Romance",4.0,3014.0,202.0,327.0,2457.0,1407.0,3,1,0.0,8.011355109161286
Tezaab,1988.0,173.0,"Action, Drama, Romance",7.0,2026.0,1624.0,250.0,1234.0,312.0,3,1,0.0,7.614312146452
Tezz,2012.0,121.0,"Action, Crime, Drama",3.9,2254.0,1924.0,250.0,90.0,1508.0,3,1,0.0,7.720905251936779
Thackeray,2019.0,120.0,"Biography, Drama",5.2,3005.0,49.0,1428.0,181.0,1940.0,3,1,3.0,8.00836557031292
Thakshak,1999.0,163.0,"Action, Crime, Drama",5.9,583.0,861.0,108.0,2607.0,207.0,3,1,0.0,6.369900982828227
Thakur Jarnail Singh,1966.0,,Action,5.0,9.0,1557.0,575.0,815.0,959.0,3,0,0.0,2.302585092994046
Thamizhan,2002.0,162.0,"Action, Drama",5.7,1633.0,3.0,942.0,1785.0,1626.0,3,1,0.0,7.3987862754199485
Thanedaar,1990.0,151.0,"Action, Crime, Drama",5.6,368.0,2019.0,919.0,2195.0,1039.0,3,1,0.0,5.910796644040527
Thanga Magan,1983.0,141.0,"Action, Drama",6.1,100.0,1.0,1557.0,2.0,1823.0,3,1,0.0,4.61512051684126
Thanikkattu Raja,1982.0,,Action,5.0,81.0,2955.0,1711.0,2424.0,2650.0,3,0,0.0,4.406719247264253
Thank You,2011.0,125.0,Comedy,4.7,5433.0,244.0,145.0,2468.0,550.0,3,0,4.0,8.600430789986293
Thanks Maa,2009.0,120.0,"Crime, Drama",7.9,698.0,994.0,1260.0,1340.0,1432.0,3,1,5.0,6.54965074223381
Thappad,2020.0,142.0,Drama,6.8,15063.0,289.0,2317.0,1683.0,1258.0,3,0,7.0,9.620063070336988
That Girl in Yellow Boots,2010.0,103.0,"Crime, Drama, Mystery",6.7,3608.0,299.0,979.0,1739.0,1623.0,3,1,5.0,8.19118600464279
That's Life,1951.0,,"Drama, Family",7.0,6.0,2347.0,1153.0,1807.0,2762.0,3,1,7.0,1.9459101490553132
That's What It's All About: The Journey of Prem Ratan Dhan Payo,2016.0,65.0,Documentary,4.2,10.0,2999.0,2200.0,2591.0,661.0,3,0,6.0,2.3978952727983707
Thavasi,2001.0,165.0,"Action, Comedy, Drama",4.8,100.0,2925.0,2450.0,2483.0,2880.0,3,1,0.0,4.61512051684126
Thayillamal Nannilai,1979.0,135.0,"Action, Drama",6.3,60.0,1957.0,982.0,2488.0,2014.0,3,1,0.0,4.110873864173311
The Accidental Prime Minister,2019.0,112.0,"Biography, Drama",6.0,6373.0,3019.0,296.0,116.0,2759.0,3,1,3.0,8.759982494977281
The Angrez,2005.0,110.0,Comedy,7.3,425.0,1358.0,1112.0,1333.0,2645.0,3,0,4.0,6.054439346269371
The Angrez 2,2015.0,99.0,"Action, Comedy",7.1,57.0,1358.0,1112.0,1833.0,982.0,3,1,0.0,4.060443010546419
The Announcement of War,1989.0,149.0,Action,5.7,81.0,264.0,631.0,934.0,639.0,3,0,0.0,4.406719247264253
The Arms Drop,2014.0,94.0,"Documentary, Biography, Drama",6.8,139.0,242.0,1368.0,1382.0,2301.0,3,1,6.0,4.941642422609304
The Artist,2011.0,100.0,Thriller,6.4,9.0,2803.0,1187.0,2551.0,2853.0,2,0,18.0,2.302585092994046
The Attacks of 26/11,2013.0,116.0,"Action, Crime, Drama",6.9,4752.0,2146.0,1389.0,378.0,2338.0,3,1,0.0,8.46653127661401
The BFG,2016.0,117.0,"Adventure, Family, Fantasy",6.4,79642.0,2727.0,1242.0,2077.0,1795.0,3,1,1.0,11.285309426981462
The Bhai,2012.0,,"Action, Thriller",6.6,11.0,2905.0,379.0,24.0,1905.0,3,1,0.0,2.4849066497880004
The Big Bull,2021.0,153.0,"Biography, Crime, Drama",6.1,11536.0,1315.0,45.0,1591.0,951.0,3,1,3.0,9.35331454092729
The Blue Umbrella,2005.0,90.0,"Comedy, Drama, Family",7.4,1952.0,3070.0,1514.0,2394.0,661.0,3,1,4.0,7.577121930876679
The Blueberry Hunt,2016.0,110.0,"Action, Thriller",5.6,198.0,291.0,1028.0,2784.0,6.0,3,1,0.0,5.293304824724492
The Body,2019.0,101.0,"Mystery, Thriller",5.4,2965.0,1086.0,693.0,2029.0,2608.0,3,1,14.0,7.994969522697877
The Brawler,2017.0,154.0,"Action, Drama, Sport",8.0,6847.0,299.0,2483.0,960.0,3063.0,3,1,0.0,8.831711917821577
The Bright Day,2013.0,90.0,Drama,5.9,126.0,1582.0,1310.0,1827.0,2015.0,3,0,7.0,4.844187086458591
The Burning Train,1980.0,142.0,"Action, Thriller",6.8,1442.0,2212.0,631.0,2791.0,1055.0,3,1,0.0,7.274479558773871
The Cage of Life,2020.0,,Drama,7.5,22.0,1848.0,1870.0,1250.0,174.0,3,0,7.0,3.1354942159291497
The Camp,2010.0,,"Adventure, Drama",6.1,12.0,1730.0,2185.0,2198.0,2038.0,3,1,1.0,2.5649493574615367
The Chalbaaz,1997.0,137.0,Action,8.3,49.0,1559.0,2095.0,2681.0,2853.0,1,0,0.0,3.912023005428146
The Cheat,1974.0,,Drama,6.3,9.0,2827.0,2232.0,2791.0,1544.0,3,0,7.0,2.302585092994046
The Chess Players,1977.0,129.0,"Comedy, Drama, History",7.6,3316.0,2517.0,1980.0,2117.0,2417.0,3,1,4.0,8.106816038947052
The Churning,1976.0,134.0,Drama,7.7,540.0,2661.0,754.0,2436.0,1623.0,3,0,7.0,6.293419278846481
The Cinema Travellers,2016.0,96.0,Documentary,7.7,98.0,2622.0,201.0,2681.0,2853.0,1,0,6.0,4.59511985013459
The Climb,1970.0,,Animation,4.9,7.0,508.0,2385.0,2681.0,2853.0,0,0,2.0,2.0794415416798357
The Court Dancer: Raj Narkati,1941.0,144.0,Drama,6.4,19.0,1555.0,1904.0,1797.0,539.0,3,0,7.0,2.995732273553991
The Darjeeling Limited,2007.0,91.0,"Adventure, Comedy, Drama",7.2,185127.0,3096.0,1501.0,70.0,1018.0,3,1,1.0,12.128802756705507
The Dark Side of Life: Mumbai City,2018.0,125.0,Drama,5.9,478.0,2891.0,404.0,1242.0,2403.0,3,0,7.0,6.171700597410915
The Deceivers,1988.0,102.0,"Adventure, Crime, Drama",6.1,944.0,1707.0,1545.0,2117.0,2472.0,3,1,1.0,6.851184927493743
The Destiny Samaj of Banjaraa,2019.0,,Drama,7.3,10.0,2085.0,242.0,683.0,943.0,3,0,7.0,2.3978952727983707
The Dirty MMS,2014.0,93.0,Drama,2.4,18.0,2754.0,1730.0,2509.0,879.0,3,0,7.0,2.9444389791664403
The Dirty Picture,2011.0,144.0,"Biography, Comedy, Drama",6.6,8931.0,1541.0,2436.0,674.0,2838.0,3,1,3.0,9.097395612960048
The Dirty Relation,2013.0,121.0,Thriller,3.6,12.0,1273.0,1967.0,921.0,1153.0,3,0,18.0,2.5649493574615367
The Don,1995.0,135.0,"Crime, Drama",6.0,85.0,775.0,1304.0,2462.0,1089.0,3,1,5.0,4.454347296253507
The Dream Job,2017.0,138.0,Drama,6.0,14.0,1601.0,1905.0,2873.0,1849.0,3,0,7.0,2.70805020110221
The Elder One,2019.0,125.0,"Action, Crime, Drama",7.5,1707.0,828.0,1485.0,2317.0,2327.0,3,1,0.0,7.443078374348516
The Evening Show,2020.0,,Thriller,8.9,60.0,1803.0,547.0,279.0,121.0,3,0,18.0,4.110873864173311
The Fakir of Venice,2009.0,87.0,Drama,5.1,265.0,233.0,703.0,240.0,1068.0,3,0,7.0,5.583496308781699
The Fiancee,1953.0,151.0,"Drama, Romance",6.9,137.0,525.0,376.0,1355.0,425.0,3,1,7.0,4.927253685157205
The Film,2005.0,144.0,"Crime, Drama, Mystery",6.4,84.0,3139.0,1408.0,1982.0,2038.0,3,1,5.0,4.442651256490317
The Film Emotional Atyachar,2010.0,87.0,"Comedy, Crime, Drama",6.0,291.0,165.0,1778.0,2785.0,2112.0,3,1,4.0,5.676753802268282
The Film Love.Com... The Ultimate Killing Site,2010.0,92.0,"Action, Crime, Drama",3.4,16.0,3055.0,879.0,1381.0,1566.0,3,1,0.0,2.833213344056216
The Final Exit,2017.0,119.0,Horror,6.2,41.0,707.0,1104.0,1447.0,762.0,3,0,11.0,3.7376696182833684
The Firm Land,2008.0,95.0,Drama,5.4,13.0,586.0,1602.0,516.0,56.0,3,0,7.0,2.6390573296152584
The Flip Side: A Truth That Could Not Reach You,2015.0,48.0,Documentary,9.2,97.0,2941.0,2226.0,2364.0,385.0,3,0,6.0,4.584967478670572
The Forest,2009.0,88.0,"Drama, Horror, Thriller",5.0,114.0,392.0,274.0,929.0,1609.0,3,1,7.0,4.74493212836325
The Gentleman,1994.0,161.0,"Action, Drama",5.2,192.0,1422.0,550.0,982.0,1774.0,3,1,0.0,5.262690188904886
The Ghazi Attack,2017.0,116.0,"Action, Thriller, War",7.6,12367.0,2482.0,1757.0,1082.0,431.0,3,1,0.0,9.422867770827203
The Girl on the Train,2021.0,120.0,"Crime, Drama, Mystery",4.4,7312.0,2250.0,75.0,1104.0,1778.0,3,1,5.0,8.89740886527095
The Goa Run,2014.0,112.0,"Action, Crime, Romance",7.1,58.0,1120.0,1693.0,1738.0,1301.0,3,1,0.0,4.07753744390572
The Gold Medal,1984.0,,"Action, Thriller",4.3,18.0,2230.0,631.0,949.0,2041.0,3,1,0.0,2.9444389791664403
The Good Road,2013.0,92.0,Drama,6.1,532.0,882.0,110.0,2464.0,2447.0,3,0,7.0,6.278521424165844
The Great Gambler,1979.0,105.0,"Action, Crime, Romance",6.5,619.0,2563.0,206.0,2864.0,1669.0,3,1,0.0,6.429719478039138
The Great Indian Butterfly,2007.0,110.0,Drama,6.2,179.0,2499.0,17.0,2183.0,1226.0,3,0,7.0,5.19295685089021
The Great Indian Escape,2019.0,117.0,"Adventure, Biography, Drama",7.1,39.0,2888.0,1642.0,1814.0,394.0,3,1,1.0,3.6888794541139363
The Great Indian Marriage Bazaar,2011.0,60.0,"Documentary, Drama, News",6.5,14.0,2296.0,698.0,2681.0,2853.0,1,1,6.0,2.70805020110221
The Great Leader,2017.0,,Drama,2.8,9.0,61.0,206.0,933.0,877.0,3,0,7.0,2.302585092994046
The Great Leader Kanshiram,2017.0,,Biography,7.0,6.0,328.0,1646.0,2452.0,379.0,3,0,3.0,1.9459101490553132
The Grey,2020.0,90.0,"Drama, Mystery",6.5,60.0,2921.0,2345.0,2805.0,3032.0,3,1,7.0,4.110873864173311
The Hero of Color City,2014.0,77.0,"Animation, Adventure, Family",4.1,528.0,786.0,1501.0,548.0,2215.0,3,1,2.0,6.270988431858299
The Hero: Love Story of a Spy,2003.0,160.0,"Action, Adventure, Drama",5.3,2133.0,264.0,2270.0,1758.0,1899.0,3,1,0.0,7.665753431861699
The Hidden Strike,2020.0,100.0,War,3.5,41.0,2852.0,609.0,1392.0,1072.0,3,0,20.0,3.7376696182833684
The Himalayan Diaries,2019.0,80.0,"Comedy, Romance",8.0,9.0,275.0,1456.0,1795.0,1347.0,3,1,4.0,2.302585092994046
The Holy Fish,2017.0,89.0,Drama,7.2,16.0,2434.0,2470.0,365.0,2406.0,3,0,7.0,2.833213344056216
The Holy Wives,2010.0,76.0,Documentary,8.0,19.0,2261.0,2385.0,2681.0,2853.0,0,0,6.0,2.995732273553991
The House Next Door,2017.0,137.0,Horror,6.8,2139.0,1546.0,1568.0,1091.0,238.0,3,0,11.0,7.668561108015897
The Hundred Bucks,2020.0,102.0,Drama,6.8,10.0,747.0,1036.0,1891.0,725.0,3,0,7.0,2.3978952727983707
The Hundred-Foot Journey,2014.0,122.0,"Comedy, Drama",7.3,78340.0,1369.0,807.0,1632.0,1387.0,3,1,4.0,11.268826372009427
The Hungry,2017.0,100.0,Drama,7.2,894.0,542.0,1405.0,2655.0,1663.0,3,0,7.0,6.796823718274855
The Idiotmaker's Gravity Tour,2011.0,106.0,"Comedy, Drama",6.4,27.0,618.0,2513.0,997.0,142.0,3,1,4.0,3.332204510175204
The Impossible Murder,2010.0,82.0,Mystery,6.4,34.0,2495.0,814.0,1390.0,105.0,3,0,14.0,3.5553480614894135
The Indian Post Graduate,2018.0,105.0,Drama,4.2,8.0,1325.0,106.0,2386.0,2853.0,2,0,7.0,2.1972245773362196
The Jinx,2017.0,118.0,Thriller,6.0,12.0,1919.0,992.0,1892.0,72.0,3,0,18.0,2.5649493574615367
The Journey of Karma,2018.0,98.0,Drama,6.6,89.0,1026.0,2050.0,1717.0,825.0,3,0,7.0,4.499809670330265
The Journey Weekend Night,2020.0,122.0,Thriller,6.1,7.0,2551.0,2519.0,856.0,364.0,3,0,18.0,2.0794415416798357
The Karma Killings,2016.0,83.0,"Documentary, Crime, Mystery",6.9,169.0,2145.0,2375.0,2681.0,2853.0,1,1,6.0,5.135798437050262
The Killer,2006.0,117.0,"Action, Crime, Drama",4.7,1069.0,926.0,1736.0,879.0,766.0,3,1,0.0,6.975413927455952
The Last Act,2012.0,,Thriller,5.0,7.0,854.0,1478.0,905.0,1691.0,3,0,18.0,2.0794415416798357
The Last Color,2019.0,90.0,Drama,7.9,778.0,3034.0,292.0,2711.0,278.0,3,0,7.0,6.658011045870748
The Last Don,2014.0,,Crime,5.3,6.0,2645.0,2116.0,616.0,2950.0,3,0,5.0,1.9459101490553132
The Last Tale of Kayenaat,2016.0,140.0,Thriller,5.9,22.0,989.0,2413.0,2866.0,170.0,3,0,18.0,3.1354942159291497
The Lastbenchers,2014.0,147.0,"Biography, Comedy, Drama",7.3,29.0,1862.0,1566.0,1708.0,2549.0,3,1,3.0,3.4011973816621555
The Legend of Bhagat Singh,2002.0,155.0,"Action, Biography, Drama",8.1,15250.0,2109.0,108.0,2576.0,622.0,3,1,0.0,9.632400353656184
The Legend of Drona,2008.0,138.0,"Action, Adventure, Fantasy",2.0,2442.0,846.0,915.0,2733.0,48.0,3,1,0.0,7.8009820712577405
The Lift Boy,2019.0,107.0,"Comedy, Drama",7.2,2375.0,1123.0,1325.0,1629.0,2257.0,3,1,4.0,7.773173680482536
The Light of the World,1931.0,124.0,"Drama, Fantasy",6.2,112.0,317.0,1262.0,2872.0,1071.0,3,1,7.0,4.727387818712341
The Light: Swami Vivekananda,2013.0,117.0,"Biography, History",7.8,10.0,1009.0,2397.0,577.0,809.0,3,1,3.0,2.3978952727983707
The Lost Salesman of Delhi,2014.0,97.0,"Adventure, Drama, Mystery",7.9,39.0,649.0,1225.0,1820.0,1863.0,3,1,1.0,3.6888794541139363
The Lost Tape,2012.0,,"Adventure, Horror",4.9,13.0,2142.0,271.0,679.0,1527.0,3,1,1.0,2.6390573296152584
The Lovers,2015.0,109.0,"Action, Adventure, Romance",4.6,3105.0,2283.0,943.0,471.0,2778.0,3,1,0.0,8.041091003708633
The Lunchbox,2013.0,104.0,"Drama, Romance",7.8,52120.0,2259.0,853.0,1597.0,1643.0,3,1,7.0,10.861323217547433
The Monster,1994.0,132.0,"Comedy, Horror",4.4,252.0,2665.0,2370.0,1053.0,340.0,3,1,4.0,5.53338948872752
The Morning Breeze,1995.0,89.0,Drama,7.0,243.0,2376.0,973.0,1351.0,2412.0,3,0,7.0,5.497168225293202
The Murderer: Hamilton Palace,2011.0,108.0,"Action, Mystery",4.0,10.0,2019.0,1299.0,1385.0,2438.0,3,1,0.0,2.3978952727983707
The Mystic Masseur,2001.0,117.0,"Comedy, Drama",5.8,439.0,1003.0,1494.0,914.0,26.0,3,1,4.0,6.0867747269123065
The Naxalites,1980.0,141.0,Drama,6.4,17.0,1291.0,883.0,2142.0,2494.0,3,0,7.0,2.8903717578961645
The New Road,1970.0,,"Drama, Romance",6.4,19.0,1285.0,368.0,949.0,481.0,3,1,7.0,2.995732273553991
The Nincompoops Hindi Movie,2013.0,107.0,Comedy,6.8,21.0,2512.0,51.0,2681.0,2853.0,1,0,4.0,3.091042453358316
The Other End of the Line,2007.0,106.0,"Comedy, Drama, Family",6.2,5868.0,1050.0,923.0,2213.0,312.0,3,1,4.0,8.677439540558334
The Other Side of the Door,2016.0,96.0,Horror,5.3,17337.0,1115.0,1990.0,953.0,2609.0,3,0,11.0,9.760655903428585
The Past,2018.0,120.0,"Drama, Horror",3.5,164.0,800.0,2192.0,2164.0,3043.0,3,1,7.0,5.10594547390058
The Perfect Girl,2015.0,97.0,Romance,5.7,123.0,1868.0,2346.0,2630.0,2441.0,3,0,15.0,4.820281565605037
The Pickup Artist,2019.0,111.0,"Crime, Mystery, Thriller",8.7,85.0,2272.0,1887.0,2421.0,218.0,3,1,5.0,4.454347296253507
The Power,2021.0,154.0,"Action, Crime, Drama",5.7,1544.0,1428.0,2438.0,2396.0,2280.0,3,1,0.0,7.3427791893318455
The President Is Coming,2009.0,90.0,Comedy,6.8,640.0,1349.0,1074.0,2350.0,2524.0,3,0,4.0,6.46302945692067
The Prince of Light,2000.0,97.0,"Animation, Drama, Adventure",6.8,84.0,3127.0,517.0,662.0,2825.0,3,1,2.0,4.442651256490317
The Princess and the Hunter,1935.0,164.0,"Action, Adventure",4.5,22.0,955.0,711.0,2310.0,874.0,3,1,0.0,3.1354942159291497
The Pushkar Lodge,2020.0,115.0,Drama,8.6,14.0,3025.0,244.0,2105.0,3031.0,3,0,7.0,2.70805020110221
The Rally,2017.0,130.0,"Action, Drama, Romance",7.3,249.0,645.0,1300.0,312.0,2242.0,3,1,0.0,5.521460917862246
The Rat Race,2012.0,52.0,"Documentary, Drama",6.4,52.0,1551.0,2385.0,2681.0,2853.0,0,1,6.0,3.970291913552122
The Reluctant Crime,2020.0,113.0,Drama,9.4,16.0,348.0,632.0,388.0,2043.0,3,0,7.0,2.833213344056216
The Revenge: Geeta Mera Naam,2000.0,108.0,Action,2.9,15.0,715.0,631.0,1019.0,756.0,3,0,0.0,2.772588722239781
The Rise of Kirmada,2012.0,68.0,Animation,5.2,14.0,2095.0,2385.0,2681.0,2853.0,0,0,2.0,2.70805020110221
The Royal Bengal Tiger,2014.0,110.0,Thriller,6.9,793.0,2073.0,918.0,47.0,1902.0,3,0,18.0,6.677083461247136
The Runaways,1975.0,,"Action, Comedy, Drama",7.2,261.0,1670.0,1835.0,1559.0,1998.0,3,1,0.0,5.568344503761097
The Savage Princess,1952.0,101.0,"Action, Adventure, Drama",7.0,280.0,1529.0,657.0,1596.0,1874.0,3,1,0.0,5.638354669333745
The Second Best Exotic Marigold Hotel,2015.0,122.0,"Comedy, Drama, Romance",6.6,32007.0,1118.0,947.0,1236.0,532.0,3,1,4.0,10.373741150537072
The Seventh Horse of the Sun,1992.0,130.0,"Drama, Romance",8.0,814.0,2661.0,1712.0,1836.0,2591.0,3,1,7.0,6.703188113240863
The Seventh Walk,2013.0,72.0,Documentary,7.0,83.0,195.0,2385.0,2681.0,2853.0,0,0,6.0,4.430816798843313
The Shaukeens,2014.0,124.0,Comedy,4.9,2906.0,69.0,145.0,1197.0,312.0,3,0,4.0,7.9748769005588755
The Shepherdess and the Seven Songs,2020.0,96.0,Drama,6.7,87.0,1944.0,2043.0,2110.0,2086.0,3,0,7.0,4.477336814478207
The Sholay Girl,2019.0,106.0,"Action, Biography, Drama",7.7,92.0,90.0,484.0,507.0,2977.0,3,1,0.0,4.532599493153256
The Silence,2015.0,91.0,Drama,7.3,293.0,803.0,2187.0,1442.0,1478.0,3,0,7.0,5.683579767338681
The Silent Heroes,2015.0,115.0,"Adventure, Drama, Family",6.4,64.0,1422.0,1219.0,778.0,1320.0,3,1,1.0,4.174387269895637
The Skies Have Bowed,1968.0,160.0,"Comedy, Romance",6.8,157.0,1380.0,1695.0,2129.0,1998.0,3,1,4.0,5.062595033026967
The Sky Is Pink,2019.0,143.0,"Drama, Romance",7.6,7683.0,2642.0,1622.0,690.0,3047.0,3,1,7.0,8.946895523888447
The Song of Scorpions,2017.0,119.0,Drama,5.9,294.0,294.0,760.0,879.0,3014.0,3,0,7.0,5.68697535633982
The Spectacular Jihad of Taz Rahim,2015.0,128.0,"Comedy, Crime, Drama",5.7,19.0,1988.0,1331.0,1840.0,1115.0,3,1,4.0,2.995732273553991
The Square Circle,1996.0,107.0,"Drama, Music, Romance",7.2,72.0,214.0,1462.0,2464.0,778.0,3,1,7.0,4.290459441148391
The Stoneman Murders,2009.0,95.0,"Crime, Drama, Mystery",7.4,2808.0,1465.0,1039.0,284.0,2220.0,3,1,5.0,7.940583827104244
The Tape,2017.0,90.0,Horror,7.1,21.0,2395.0,1949.0,2474.0,1022.0,3,0,11.0,3.091042453358316
The Tashkent Files,2019.0,134.0,"Drama, Mystery, Thriller",7.8,9579.0,3087.0,2136.0,1401.0,1623.0,3,1,7.0,9.167432870964907
The Test,1960.0,,"Comedy, Drama, Romance",6.9,121.0,525.0,1333.0,2722.0,2248.0,3,1,4.0,4.804021044733257
The Thief of Baghdad,1969.0,,"Action, Adventure, Drama",6.0,8.0,2653.0,575.0,1609.0,919.0,3,1,0.0,2.1972245773362196
The Threshold,2015.0,87.0,Drama,7.3,55.0,1939.0,1440.0,1898.0,700.0,3,0,7.0,4.02535169073515
The Touch,1980.0,145.0,"Drama, Romance",8.1,755.0,2384.0,2030.0,1510.0,2671.0,3,1,7.0,6.628041376179533
The Train,1970.0,138.0,"Action, Crime, Mystery",6.4,155.0,2230.0,1702.0,1493.0,919.0,3,1,0.0,5.049856007249537
The Train,2011.0,133.0,Drama,4.4,133.0,1077.0,1186.0,2332.0,2237.0,3,0,7.0,4.897839799950911
The Train: Some Lines Should Never Be Crossed...,2007.0,134.0,"Crime, Drama, Thriller",4.3,1082.0,926.0,1736.0,674.0,834.0,3,1,5.0,6.9874902470009905
The Tree,2017.0,99.0,"Drama, Fantasy",5.7,81.0,1460.0,2416.0,2263.0,1049.0,3,1,7.0,4.406719247264253
The Truth... Yathharth,2002.0,,Drama,5.2,8.0,2088.0,1645.0,1385.0,2537.0,3,0,7.0,2.1972245773362196
The Unreserved,2017.0,60.0,Documentary,9.0,45.0,2407.0,2385.0,2681.0,2853.0,0,0,6.0,3.828641396489095
The Unsound,2013.0,105.0,Thriller,4.6,24.0,176.0,2034.0,265.0,2348.0,3,0,18.0,3.2188758248682006
The Untitled Kartik Krishnan Project,2010.0,75.0,"Drama, Mystery, Sci-Fi",5.7,62.0,2715.0,2306.0,2811.0,1178.0,3,1,7.0,4.143134726391533
The Villain,2014.0,129.0,"Action, Crime, Drama",6.5,17169.0,1581.0,2155.0,2382.0,2169.0,3,1,0.0,9.75091895389152
The Violin Player,2015.0,72.0,"Drama, Music",6.9,363.0,479.0,69.0,2044.0,1644.0,3,1,7.0,5.8971538676367405
The Waiting Room,2010.0,90.0,"Crime, Drama, Mystery",6.0,99.0,1449.0,1674.0,1863.0,1943.0,3,1,5.0,4.605170185988092
The Warrior,2001.0,86.0,"Adventure, Drama",6.7,2541.0,397.0,853.0,1804.0,97.0,3,1,1.0,7.8407064517494
The Web of the Witch,2002.0,90.0,"Comedy, Family, Fantasy",7.4,1789.0,3070.0,2030.0,2402.0,1358.0,3,1,4.0,7.489970898834801
The White Elephant,2009.0,115.0,Mystery,5.2,17.0,105.0,2330.0,1551.0,251.0,3,0,14.0,2.8903717578961645
The White Tiger,2021.0,125.0,"Crime, Drama",7.1,49877.0,2184.0,61.0,1905.0,1899.0,3,1,5.0,10.817335302759144
The Wife,2021.0,106.0,"Crime, Horror, Romance",4.5,235.0,2497.0,777.0,2404.0,2400.0,3,1,5.0,5.4638318050256105
The Window,2018.0,118.0,"Drama, Mystery",7.0,33.0,2958.0,395.0,1750.0,2405.0,3,1,7.0,3.5263605246161616
The Witch hour: Curse of the ring,2017.0,,Horror,7.2,9.0,275.0,1479.0,1742.0,2274.0,3,0,11.0,2.302585092994046
The World of Fashion,2013.0,120.0,"Drama, Thriller",6.8,6.0,2455.0,116.0,1997.0,210.0,3,1,7.0,1.9459101490553132
The Writer,2015.0,107.0,"Crime, Mystery",5.9,15.0,2058.0,746.0,2744.0,816.0,3,1,5.0,2.772588722239781
The Xpose,2014.0,113.0,"Mystery, Thriller",3.3,1608.0,239.0,823.0,2843.0,970.0,3,1,14.0,7.3833681469923835
The Zero Line,2017.0,,Thriller,6.5,11.0,1243.0,2145.0,2164.0,1026.0,3,0,18.0,2.4849066497880004
The Zoo,1967.0,125.0,"Crime, Drama, Mystery",7.3,847.0,2517.0,2399.0,1013.0,1736.0,3,1,5.0,6.742880635791903
The Zoya Factor,2019.0,134.0,"Comedy, Drama, Romance",4.2,2119.0,69.0,2188.0,657.0,2331.0,3,1,4.0,7.659171367666058
Thee,1981.0,160.0,"Action, Crime, Drama",6.6,130.0,1951.0,1711.0,2087.0,2534.0,3,1,0.0,4.875197323201151
Thief of Baghdad,1977.0,,Adventure,6.6,19.0,2230.0,2084.0,2528.0,1109.0,3,0,1.0,2.995732273553991
Thikana,1987.0,138.0,"Crime, Drama",5.5,76.0,1422.0,2165.0,207.0,212.0,3,1,5.0,4.343805421853684
Thikka,2016.0,140.0,"Action, Comedy",4.4,147.0,2798.0,105.0,122.0,222.0,3,1,0.0,4.997212273764115
THIRUMATHI PALANISAMY,1992.0,140.0,Drama,4.4,14.0,1955.0,2003.0,2521.0,863.0,3,0,7.0,2.70805020110221
This Weekend,2012.0,,Thriller,2.2,11.0,2911.0,482.0,1909.0,355.0,3,0,18.0,2.4849066497880004
Thoda Lutf Thoda Ishq,2015.0,,"Comedy, Romance",4.1,53.0,2364.0,474.0,1918.0,2941.0,3,1,4.0,3.9889840465642745
Thoda Pyaar Thoda Magic,2008.0,145.0,"Comedy, Drama, Family",4.9,2390.0,1351.0,1925.0,1958.0,2165.0,3,1,4.0,7.779466967458324
Thoda Tum Badlo Thoda Hum,2004.0,,"Drama, Romance",4.6,19.0,759.0,358.0,2393.0,2532.0,3,1,7.0,2.995732273553991
Thodasa Roomani Ho Jaayen,1990.0,160.0,"Comedy, Drama, Musical",7.0,188.0,214.0,261.0,1490.0,2153.0,3,1,4.0,5.241747015059643
Thodi Life Thoda Magic,2008.0,,Drama,3.9,42.0,25.0,1885.0,284.0,652.0,3,0,7.0,3.7612001156935624
Thodi Thodi Si Manmaaniyan,2017.0,135.0,"Drama, Romance",5.9,38.0,90.0,1024.0,1450.0,2513.0,3,1,7.0,3.6635616461296463
Thodisi Bewafaii,1980.0,150.0,Drama,5.9,101.0,759.0,1702.0,2263.0,2573.0,3,0,7.0,4.624972813284271
Thokar,1953.0,140.0,"Drama, Family",7.3,13.0,1381.0,2058.0,2411.0,2121.0,3,1,7.0,2.6390573296152584
Thokar,1974.0,,"Action, Drama, Family",5.6,9.0,712.0,441.0,134.0,1822.0,3,1,0.0,2.302585092994046
Thokar,2004.0,142.0,"Action, Drama",7.5,15.0,2937.0,2385.0,2681.0,2853.0,0,1,0.0,2.772588722239781
Thoongathey Tambi Thoongathey,1983.0,137.0,Drama,6.4,108.0,2339.0,982.0,1819.0,863.0,3,0,7.0,4.6913478822291435
Three and a Half,2018.0,121.0,Drama,6.6,228.0,623.0,635.0,329.0,587.0,3,0,7.0,5.43372200355424
Three Atrangi Jai-Veeru-Gabbar,2015.0,124.0,Comedy,5.9,7.0,70.0,512.0,1311.0,883.0,3,0,4.0,2.0794415416798357
"Three: Love, Lies, Betrayal",2009.0,121.0,"Drama, Mystery, Thriller",5.8,68.0,3075.0,25.0,112.0,1633.0,3,1,7.0,4.23410650459726
Thriyathri,1990.0,,Drama,7.6,23.0,1808.0,575.0,1407.0,2871.0,3,0,7.0,3.1780538303479458
Through the Eyelashes,1978.0,135.0,"Drama, Family, Romance",7.1,378.0,950.0,1898.0,1964.0,1324.0,3,1,7.0,5.937536205082426
Thugs of Hindostan,2018.0,164.0,"Action, Adventure",4.1,18219.0,3012.0,18.0,173.0,1182.0,3,1,0.0,9.810275170813949
Thulasi,2007.0,,Action,5.4,419.0,543.0,2428.0,1538.0,2065.0,3,0,0.0,6.040254711277414
Thunaivan,1969.0,155.0,Unknown,4.8,8.0,1392.0,2401.0,2380.0,1590.0,3,0,19.0,2.1972245773362196
Tiger,2016.0,130.0,Action,6.4,45.0,2498.0,2161.0,848.0,3038.0,3,0,0.0,3.828641396489095
Tiger Zinda Hai,2017.0,161.0,"Action, Adventure, Thriller",5.9,25732.0,172.0,1939.0,1073.0,314.0,3,1,0.0,10.155529493892987
Tigers,2014.0,94.0,Drama,7.3,1553.0,619.0,693.0,746.0,638.0,3,0,7.0,7.348587530927593
Tikli and Laxmi Bomb,2017.0,151.0,Drama,7.9,1785.0,87.0,554.0,2741.0,2260.0,3,0,7.0,7.487733761436444
Tilak,1992.0,,Action,5.6,7.0,3107.0,2096.0,2415.0,1819.0,3,0,0.0,2.0794415416798357
Time Out,2015.0,98.0,"Drama, Family, Music",5.9,338.0,2253.0,548.0,1733.0,1108.0,3,1,7.0,5.82600010738045
Time Pass,2005.0,88.0,Romance,4.1,35.0,568.0,2094.0,2615.0,66.0,3,0,15.0,3.58351893845611
Time to Dance,2021.0,113.0,"Musical, Romance",1.8,730.0,2724.0,2199.0,881.0,3017.0,3,1,13.0,6.594413459749778
Time To Retaliate: MASOOM,2019.0,113.0,Crime,5.4,19.0,1340.0,160.0,2036.0,3010.0,3,0,5.0,2.995732273553991
Tinku,1977.0,135.0,Drama,6.3,22.0,1206.0,2355.0,1889.0,2982.0,3,0,7.0,3.1354942159291497
Tipu Sultan,1959.0,,Action,3.2,12.0,272.0,1509.0,2681.0,2853.0,1,0,0.0,2.5649493574615367
Tirangaa,1992.0,168.0,"Action, Drama, Thriller",6.9,1874.0,1535.0,1635.0,1490.0,667.0,3,1,0.0,7.536363938404511
Tirchhi Topiwale,1998.0,144.0,"Comedy, Drama, Musical",5.0,53.0,1642.0,846.0,549.0,1532.0,3,1,4.0,3.9889840465642745
Tishnagi,2018.0,136.0,"Romance, Thriller",4.1,27.0,2410.0,2123.0,893.0,2363.0,3,1,15.0,3.332204510175204
Titli,2014.0,116.0,"Action, Crime, Drama",7.6,4483.0,1235.0,2078.0,1967.0,2523.0,3,1,0.0,8.40827078419205
Titoo MBA,2014.0,111.0,"Comedy, Romance",4.3,100.0,205.0,2422.0,1606.0,1837.0,3,1,4.0,4.61512051684126
To B or Not to B,2016.0,113.0,"Drama, Family, Thriller",6.7,10.0,3001.0,1659.0,2821.0,118.0,3,1,7.0,2.3978952727983707
To Fall in Love,2000.0,159.0,"Comedy, Drama, Musical",4.4,2099.0,1152.0,1032.0,2150.0,988.0,3,1,4.0,7.649692623711514
Toba Tek Singh,2018.0,75.0,"Drama, History",6.9,118.0,1279.0,1514.0,2785.0,1584.0,3,1,7.0,4.77912349311153
Toh Baat Pakki!,2010.0,122.0,"Comedy, Drama",5.1,374.0,1270.0,2319.0,2311.0,3042.0,3,1,4.0,5.926926025970411
Tohfa,1984.0,159.0,"Drama, Romance",5.2,121.0,1156.0,919.0,934.0,2650.0,3,1,7.0,4.804021044733257
Tohfa Mohabbat Ka,1988.0,150.0,"Drama, Romance",5.5,30.0,2147.0,1594.0,1928.0,868.0,3,1,7.0,3.4339872044851463
Toilet: A Love Story,2017.0,155.0,"Comedy, Drama",7.2,18889.0,2647.0,296.0,114.0,516.0,3,1,4.0,9.846387960495555
"Tom, Dick, and Harry",2006.0,137.0,"Action, Comedy, Romance",3.2,557.0,658.0,1731.0,478.0,442.0,3,1,0.0,6.324358962381311
Tomorrow We Disappear,2014.0,80.0,"Documentary, Drama",8.0,80.0,1102.0,58.0,2681.0,2853.0,1,1,6.0,4.394449154672439
Tony: My Mentor the Serial Killer,2018.0,124.0,Thriller,7.9,485.0,3063.0,1172.0,2838.0,1410.0,3,0,18.0,6.186208623900494
Toofan,1989.0,174.0,"Action, Crime",4.9,719.0,1278.0,206.0,1357.0,212.0,3,1,0.0,6.579251212010101
Toofan,1975.0,138.0,"Action, Adventure",5.7,34.0,1269.0,2466.0,1780.0,992.0,3,1,0.0,3.5553480614894135
Toofan Aur Deeya,1956.0,,"Drama, Family",6.7,59.0,1843.0,2006.0,1493.0,1997.0,3,1,7.0,4.0943445622221
Toofani Tarzan,1937.0,112.0,Adventure,3.4,11.0,955.0,938.0,769.0,554.0,3,0,1.0,2.4849066497880004
Toonpur Ka Superrhero,2010.0,95.0,"Animation, Action, Adventure",4.2,746.0,1297.0,108.0,1011.0,180.0,3,1,2.0,6.616065185132817
Toote Khilone,1978.0,136.0,Drama,5.7,12.0,1277.0,2092.0,2263.0,2859.0,3,0,7.0,2.5649493574615367
Top Hero,1994.0,,Drama,6.0,64.0,2350.0,1391.0,122.0,1344.0,3,0,7.0,4.174387269895637
Tope,2016.0,87.0,Drama,5.4,34.0,549.0,1086.0,476.0,234.0,3,0,7.0,3.5553480614894135
Topless,2005.0,112.0,"Drama, Romance",2.6,11.0,1639.0,960.0,2638.0,2563.0,3,1,7.0,2.4849066497880004
Torbaaz,2020.0,133.0,"Action, Drama, Sport",6.8,5289.0,838.0,1969.0,1508.0,1956.0,3,1,0.0,8.573573524852344
Toss: A Flip of Destiny,2009.0,,"Crime, Drama, Thriller",5.8,11.0,2175.0,1776.0,1740.0,407.0,3,1,5.0,2.4849066497880004
Total Dhamaal,2019.0,130.0,"Action, Adventure, Comedy",4.2,5649.0,980.0,108.0,207.0,1338.0,3,1,0.0,8.639410824140487
Total Siyapaa,2014.0,108.0,"Comedy, Drama, Romance",5.0,2881.0,752.0,158.0,2834.0,312.0,3,1,4.0,7.966239776559467
Tottaa Pataaka Item Maal,2019.0,107.0,Drama,7.6,1361.0,87.0,93.0,542.0,2622.0,3,0,7.0,7.216709486709457
Touhean,1989.0,135.0,"Drama, Family",6.3,9.0,1406.0,1667.0,629.0,1756.0,3,1,7.0,2.302585092994046
Tower House,1962.0,,"Drama, Horror, Thriller",5.2,25.0,1720.0,118.0,2283.0,1716.0,3,1,7.0,3.258096538021482
Traffic,2016.0,104.0,"Adventure, Drama, Thriller",6.7,2478.0,2083.0,1224.0,960.0,741.0,3,1,1.0,7.8156105320351905
Traffic Signal,2007.0,130.0,Drama,6.5,1544.0,1412.0,1108.0,1558.0,2857.0,3,0,7.0,7.3427791893318455
Train Chaar Baje Ki Hai,2015.0,57.0,Documentary,8.0,16.0,285.0,2385.0,2681.0,2853.0,0,0,6.0,2.833213344056216
Train Station,2015.0,97.0,"Crime, Drama, Mystery",5.6,144.0,3100.0,2361.0,2086.0,2749.0,3,1,5.0,4.976733742420574
Train to Pakistan,1998.0,111.0,"Drama, War",6.7,245.0,1778.0,1310.0,1600.0,2015.0,3,1,7.0,5.5053315359323625
Trapped,2016.0,105.0,"Drama, Thriller",7.6,11216.0,3040.0,1718.0,746.0,2509.0,3,1,7.0,9.325185763645223
Trapped in Tradition: Rivaaz,2011.0,107.0,"Crime, Drama, Thriller",5.3,89.0,382.0,612.0,2756.0,1465.0,3,1,5.0,4.499809670330265
Tribhanga,2021.0,95.0,"Drama, Family",6.1,2508.0,2247.0,977.0,2626.0,1491.0,3,1,7.0,7.827639546366422
Tridev,1989.0,173.0,"Action, Crime, Drama",6.3,1873.0,2102.0,2270.0,1510.0,988.0,3,1,0.0,7.535830462798367
"Trikal (Past, Present, Future)",1985.0,137.0,Drama,7.0,255.0,2661.0,1129.0,1551.0,263.0,3,0,7.0,5.545177444479562
Trikon Ka Chautha Kon,1986.0,,"Drama, Family",6.5,11.0,1414.0,2452.0,1780.0,2763.0,3,1,7.0,2.4849066497880004
Trilok Sundari,1980.0,,Unknown,8.4,31.0,2679.0,1312.0,1652.0,1325.0,3,0,19.0,3.4657359027997265
Trimurti,1974.0,,"Crime, Drama",6.0,20.0,2063.0,1972.0,1677.0,2040.0,3,1,5.0,3.044522437723423
Trimurti: Bond of Three,1995.0,187.0,"Action, Drama",4.8,2516.0,1606.0,870.0,207.0,2425.0,3,1,0.0,7.830822995135316
Trinetra,1991.0,157.0,Action,5.1,75.0,920.0,1170.0,314.0,1293.0,3,0,0.0,4.330733340286331
Trip to Bhangarh: Asia's Most Haunted Place,2014.0,113.0,"Horror, Thriller",2.4,266.0,1106.0,1208.0,2585.0,1800.0,3,1,11.0,5.58724865840025
Trishagni,1988.0,114.0,Drama,7.3,63.0,1638.0,1389.0,1650.0,161.0,3,0,7.0,4.1588830833596715
Trishakti,1999.0,,"Action, Crime, Drama",4.3,20.0,1412.0,1901.0,1385.0,1025.0,3,1,0.0,3.044522437723423
Trishna,1978.0,127.0,Drama,7.2,48.0,254.0,2082.0,2202.0,2041.0,3,0,7.0,3.8918202981106265
Trishna,2011.0,117.0,Drama,6.0,3021.0,1539.0,719.0,2047.0,1490.0,3,0,7.0,8.013674142832684
Trishul,1978.0,167.0,"Action, Drama, Musical",7.7,2086.0,3106.0,206.0,2202.0,2472.0,3,1,0.0,7.643482907077201
Triveni,1985.0,131.0,"Crime, Drama, Mystery",5.2,6.0,2042.0,1786.0,1852.0,2859.0,3,1,5.0,1.9459101490553132
Triyacharitra,1994.0,120.0,Drama,7.3,73.0,475.0,1709.0,2089.0,1418.0,3,0,7.0,4.30406509320417
Trump Card,2010.0,,"Action, Drama, Mystery",3.0,20.0,334.0,2468.0,789.0,2862.0,3,1,0.0,3.044522437723423
Tryst with Destiny,2020.0,96.0,Drama,8.0,13.0,1884.0,2241.0,2786.0,1000.0,3,0,7.0,2.6390573296152584
Tu Bal Bramhachari Main Hoon Kanya Kunwari,2003.0,,Drama,4.7,6.0,515.0,1901.0,1183.0,957.0,3,0,7.0,1.9459101490553132
Tu Chor Main Sipahi,1996.0,153.0,"Action, Comedy, Drama",5.2,1307.0,865.0,145.0,2126.0,2771.0,3,1,0.0,7.176254532017144
Tu Hi Meri Zindagi,1965.0,,Drama,6.0,7.0,2288.0,582.0,1616.0,2291.0,3,0,7.0,2.0794415416798357
Tu Nagin Main Sapera,1989.0,,Action,4.3,9.0,2949.0,2194.0,758.0,312.0,3,0,0.0,2.302585092994046
Tu Nahin Aur Sahi,1960.0,,"Drama, Romance",5.4,8.0,546.0,1563.0,1151.0,1724.0,3,1,7.0,2.1972245773362196
Tubelight,2017.0,136.0,"Drama, War",3.8,17774.0,1192.0,1939.0,2447.0,1746.0,3,1,7.0,9.785548254671442
Tuesdays and Fridays,2021.0,106.0,"Comedy, Musical, Romance",4.5,574.0,2889.0,277.0,954.0,1697.0,3,1,4.0,6.354370040797351
Tujhe Meri Kasam,2003.0,155.0,Romance,6.4,370.0,3008.0,1841.0,749.0,2438.0,3,0,15.0,5.916202062607435
Tujhe Nahin Chhodunga,1989.0,,Action,4.7,6.0,991.0,2093.0,2864.0,126.0,3,0,0.0,1.9459101490553132
Tujhse He Raabta,2015.0,88.0,"Drama, Romance",6.2,11.0,1735.0,1987.0,2840.0,3051.0,3,1,7.0,2.4849066497880004
Tukkaa Fitt,2018.0,,Drama,6.5,13.0,2603.0,1299.0,1161.0,2883.0,3,0,7.0,2.6390573296152584
Tulsi,1941.0,,Unknown,6.3,9.0,871.0,2053.0,2659.0,2548.0,3,0,19.0,2.302585092994046
Tulsi Vivah,1971.0,162.0,"Adventure, Fantasy",6.6,18.0,578.0,36.0,945.0,836.0,3,1,1.0,2.9444389791664403
Tulsi: Mathrudevobhava,2008.0,134.0,Drama,6.0,83.0,120.0,1214.0,879.0,2247.0,3,0,7.0,4.430816798843313
Tulsidas,1954.0,,"Drama, History, Romance",6.6,14.0,925.0,456.0,1251.0,2566.0,3,1,7.0,2.70805020110221
Tum Bin 2,2016.0,147.0,"Drama, Romance",4.8,1187.0,289.0,1544.0,1571.0,81.0,3,1,7.0,7.080026499922591
Tum Bin...: Love Will Find a Way,2001.0,158.0,"Drama, Romance",7.5,3259.0,289.0,1623.0,828.0,2316.0,3,1,7.0,8.089482474360754
Tum Haseen Main Jawan,1970.0,148.0,"Comedy, Romance",7.0,87.0,496.0,631.0,818.0,1998.0,3,1,4.0,4.477336814478207
Tum Hi To Ho...,2011.0,,"Drama, Mystery, Thriller",3.9,10.0,2449.0,2491.0,1222.0,2365.0,3,1,7.0,2.3978952727983707
Tum Ho Yaara,2011.0,135.0,Drama,3.9,24.0,742.0,1414.0,724.0,1124.0,3,0,7.0,3.2188758248682006
Tum Jiyo Hazaron Saal,2002.0,,Romance,5.3,6.0,2178.0,1324.0,439.0,726.0,3,0,15.0,1.9459101490553132
Tum Karo Vaada,1993.0,,Romance,6.4,18.0,2269.0,1377.0,188.0,544.0,3,0,15.0,2.9444389791664403
Tum Mere Ho,1990.0,129.0,"Fantasy, Horror, Romance",4.7,879.0,2872.0,18.0,982.0,113.0,3,1,9.0,6.779921907472252
Tum Mile,2009.0,140.0,"Drama, Romance",5.0,1530.0,1350.0,693.0,2446.0,1878.0,3,1,7.0,7.333676395657684
Tum Milo Toh Sahi,2010.0,128.0,"Comedy, Drama",5.6,463.0,1194.0,1389.0,629.0,2715.0,3,1,4.0,6.139884552226255
Tum Se Achcha Kaun Hai,2002.0,150.0,"Drama, Musical, Romance",4.6,200.0,645.0,1383.0,15.0,1201.0,3,1,7.0,5.303304908059076
Tum... Ho Na!,2005.0,,Romance,4.9,37.0,1635.0,2256.0,1577.0,988.0,3,0,15.0,3.6375861597263857
Tum: A Dangerous Obsession,2004.0,150.0,"Drama, Romance, Thriller",2.4,182.0,344.0,1214.0,1055.0,1988.0,3,1,7.0,5.209486152841421
Tumbbad,2018.0,104.0,"Drama, Fantasy, Horror",8.3,32920.0,1995.0,231.0,51.0,2612.0,3,1,7.0,10.401866031000361
Tumhara Kalloo,1975.0,,"Drama, Romance",6.3,6.0,474.0,1092.0,1012.0,2614.0,3,1,7.0,1.9459101490553132
Tumhare Bina,1982.0,139.0,"Drama, Family",5.6,11.0,2519.0,2292.0,2593.0,1436.0,3,1,7.0,2.4849066497880004
Tumhare Liye,1978.0,,"Drama, Family",6.0,36.0,475.0,1980.0,2747.0,409.0,3,1,7.0,3.6109179126442243
Tumhari Kassam,1978.0,136.0,Romance,6.1,19.0,2212.0,919.0,1527.0,1544.0,3,0,15.0,2.995732273553991
Tumhari Sulu,2017.0,150.0,"Comedy, Drama",7.0,4761.0,2831.0,2436.0,1271.0,1672.0,3,1,4.0,8.468423027046809
Tumko Na Bhool Paayenge,2002.0,160.0,"Action, Romance, Thriller",5.6,2787.0,1785.0,1513.0,284.0,2288.0,3,1,0.0,7.933079771880415
Tumsa Nahin Dekha,1957.0,156.0,"Musical, Romance",7.0,121.0,1680.0,2058.0,155.0,1845.0,3,1,13.0,4.804021044733257
Tumsa Nahin Dekha,2004.0,128.0,"Musical, Romance",4.5,717.0,297.0,693.0,617.0,312.0,3,1,13.0,6.576469569048224
Tumse Achha Kaun Hai,1969.0,108.0,"Comedy, Drama, Romance",6.5,80.0,1872.0,2058.0,411.0,1469.0,3,1,4.0,4.394449154672439
Tune Mera Dil Le Liyaa,2000.0,,"Drama, Family, Romance",3.4,13.0,439.0,1791.0,1510.0,1961.0,3,1,7.0,2.6390573296152584
Tunnu Ki Tina,1996.0,120.0,"Comedy, Drama",5.9,16.0,1798.0,2260.0,2053.0,2012.0,3,1,4.0,2.833213344056216
Turning 30!!!,2011.0,121.0,"Comedy, Drama, Romance",5.1,369.0,168.0,770.0,1803.0,2570.0,3,1,4.0,5.91350300563827
Turning Point,2018.0,142.0,"Action, Drama, Musical",6.2,20.0,2752.0,2385.0,2681.0,2853.0,0,1,0.0,3.044522437723423
Turtle,2018.0,,Drama,8.6,9.0,728.0,1974.0,1701.0,84.0,3,0,7.0,2.302585092994046
Turup (Checkmate),2017.0,72.0,Drama,8.1,43.0,756.0,1335.0,2330.0,1328.0,3,0,7.0,3.784189633918261
Tutak Tutak Tutiya,2016.0,138.0,"Comedy, Horror",5.5,744.0,11.0,2197.0,1901.0,2181.0,3,1,4.0,6.61338421837956
Tutiya Dil,2012.0,127.0,Romance,5.0,34.0,197.0,2152.0,878.0,2758.0,3,0,15.0,3.5553480614894135
Twinkle Twinkle Little Star,2005.0,,Fantasy,4.6,8.0,2978.0,2122.0,1570.0,741.0,3,0,9.0,2.1972245773362196
"Twisted Trunk, Big Fat Body",2013.0,92.0,Comedy,6.9,75.0,1933.0,2443.0,1485.0,2866.0,3,0,4.0,4.330733340286331
Tyaag,1977.0,,"Drama, Romance",7.2,29.0,723.0,1702.0,2312.0,1872.0,3,1,7.0,3.4011973816621555
Tyagi,1992.0,145.0,Drama,4.8,57.0,1171.0,1711.0,934.0,927.0,3,0,7.0,4.060443010546419
Typecaste,2017.0,100.0,Comedy,6.8,45.0,2704.0,2202.0,61.0,2019.0,3,0,4.0,3.828641396489095
U Me Aur Hum,2008.0,156.0,"Drama, Romance",5.9,2443.0,112.0,108.0,1011.0,2700.0,3,1,7.0,7.8013913202914855
U R My Jaan,2011.0,140.0,Romance,5.8,95.0,331.0,1295.0,1757.0,928.0,3,0,15.0,4.564348191467836
"U, Bomsi N Me",2005.0,,Comedy,6.9,14.0,1046.0,506.0,1085.0,3006.0,3,0,4.0,2.70805020110221
"U, Me Aur Ghar",2017.0,90.0,Romance,6.6,56.0,43.0,1498.0,2431.0,2344.0,3,0,15.0,4.04305126783455
Udaan,1997.0,128.0,"Action, Crime, Drama",4.5,142.0,402.0,1818.0,2126.0,1326.0,3,1,0.0,4.962844630259907
Udaan,2010.0,134.0,Drama,8.1,43199.0,3040.0,1686.0,2066.0,1398.0,3,0,7.0,10.673595774232203
Udanchhoo,2018.0,123.0,Comedy,3.5,43.0,3060.0,1601.0,360.0,2029.0,3,0,4.0,3.784189633918261
Udhaar,1949.0,,Drama,8.9,9.0,2344.0,616.0,448.0,1715.0,3,0,7.0,2.302585092994046
Udhaar Ki Zindagi,1994.0,,Drama,5.7,130.0,1189.0,919.0,1436.0,1114.0,3,0,7.0,4.875197323201151
Udham Singh,2021.0,,"Crime, Drama, History",8.2,29.0,2643.0,1060.0,2646.0,1684.0,3,1,5.0,3.4011973816621555
Udhar Ka Sindur,1976.0,136.0,"Drama, Romance",5.0,21.0,571.0,919.0,1998.0,391.0,3,1,7.0,3.091042453358316
Udta Punjab,2016.0,148.0,"Action, Crime, Drama",7.8,28010.0,60.0,2042.0,130.0,1171.0,3,1,0.0,10.240352569152035
Uff! Yeh Mohabbat,1997.0,,"Family, Comedy, Drama",4.7,52.0,3059.0,50.0,2670.0,312.0,3,1,8.0,3.970291913552122
Ugly,2013.0,128.0,"Crime, Drama, Mystery",8.0,20709.0,299.0,1650.0,2066.0,2806.0,3,1,5.0,9.93837195438963
Ugly Aur Pagli,2008.0,117.0,"Comedy, Drama",3.7,710.0,2365.0,1184.0,1967.0,507.0,3,1,4.0,6.566672429803241
Uhi Milte Rahenge,2016.0,120.0,Drama,6.1,8.0,1530.0,1287.0,2084.0,2853.0,2,0,7.0,2.1972245773362196
Ujala,1959.0,109.0,"Crime, Drama, Romance",6.8,61.0,1677.0,1181.0,2297.0,1930.0,3,1,5.0,4.127134385045092
Ujala Hi Ujala,1974.0,124.0,"Drama, Family",6.2,10.0,2333.0,2489.0,2844.0,2039.0,3,1,7.0,2.3978952727983707
Ujda Chaman,2019.0,120.0,Comedy,6.9,4944.0,67.0,573.0,1530.0,2724.0,3,0,4.0,8.506132244056813
Ulfat Ki Nayee Manzilen,1994.0,,Drama,5.0,7.0,1159.0,1635.0,2827.0,2248.0,3,0,7.0,2.0794415416798357
Uljhan,1975.0,137.0,Mystery,6.5,86.0,1990.0,376.0,2202.0,2692.0,3,0,14.0,4.465908118654584
Uljhan,2001.0,,Drama,4.5,21.0,2038.0,1630.0,592.0,1141.0,3,0,7.0,3.091042453358316
Ulta Seedha,1985.0,,Comedy,5.3,22.0,2736.0,1667.0,1975.0,371.0,3,0,4.0,3.1354942159291497
Umakant Pandey Purush Ya,2019.0,120.0,"Biography, Comedy, Drama",7.0,49.0,129.0,1833.0,167.0,1442.0,3,1,3.0,3.912023005428146
Umang,1970.0,134.0,"Drama, Family",4.4,7.0,406.0,2005.0,2002.0,2658.0,3,1,7.0,2.0794415416798357
Umar,2006.0,135.0,"Crime, Drama, Musical",5.5,68.0,1252.0,931.0,2348.0,1110.0,3,1,5.0,4.23410650459726
Umar 55 Ki Dil Bachpan Ka,1992.0,151.0,"Comedy, Drama, Romance",4.2,44.0,122.0,972.0,111.0,2218.0,3,1,4.0,3.8066624897703196
Umar Qaid,1975.0,,"Action, Thriller",5.6,19.0,2675.0,2262.0,2793.0,1544.0,3,1,0.0,2.995732273553991
Umbartha,1982.0,151.0,Drama,6.6,128.0,1019.0,2165.0,755.0,2546.0,3,0,7.0,4.859812404361672
Umeed,1962.0,,Drama,4.9,7.0,1726.0,376.0,977.0,1607.0,3,0,7.0,2.0794415416798357
Umformung: The Transformation,2014.0,126.0,"Drama, Family",5.5,10.0,2743.0,1966.0,2578.0,1776.0,3,1,7.0,2.3978952727983707
Umrao Jaan,2006.0,188.0,"Drama, Romance",5.5,1858.0,1017.0,101.0,2263.0,2715.0,3,1,7.0,7.527793987721444
Umrika,2015.0,98.0,"Comedy, Drama",6.6,1328.0,1884.0,24.0,2686.0,1459.0,3,1,4.0,7.192182058713246
Un Mitron Ki Yaad Pyaari,1990.0,60.0,"Documentary, Biography",8.2,20.0,230.0,2385.0,2681.0,2853.0,0,1,6.0,3.044522437723423
Under the Same Sun,2015.0,93.0,Drama,8.2,20.0,1554.0,1009.0,2078.0,1541.0,3,0,7.0,3.044522437723423
Undertrial,2007.0,142.0,"Crime, Drama",6.6,242.0,426.0,1722.0,1005.0,1872.0,3,1,5.0,5.493061443340548
Unees Bees,1980.0,125.0,Drama,5.8,17.0,2857.0,1734.0,1964.0,1494.0,3,0,7.0,2.8903717578961645
Unfreedom,2014.0,102.0,"Crime, Drama, Romance",5.1,1885.0,2007.0,2434.0,55.0,499.0,3,1,5.0,7.542213463193403
Ungli,2014.0,114.0,"Crime, Drama, Thriller",5.7,3663.0,2248.0,1761.0,674.0,2536.0,3,1,5.0,8.20631072579402
"Unicorn, the Garden of the Fruits",1996.0,90.0,"Drama, Fantasy",4.2,19.0,1772.0,2517.0,2064.0,941.0,3,1,7.0,2.995732273553991
Union Leader,2017.0,106.0,Drama,7.3,694.0,2460.0,1650.0,2645.0,3050.0,3,0,7.0,6.543911845564792
United Six,2011.0,,"Action, Drama, Thriller",3.9,45.0,3069.0,1529.0,556.0,1313.0,3,1,0.0,3.828641396489095
Unlock,2020.0,,"Crime, Thriller",5.4,9.0,639.0,71.0,832.0,2162.0,3,1,5.0,2.302585092994046
Unmaad,2018.0,,Drama,8.3,7.0,2546.0,744.0,1291.0,196.0,3,0,7.0,2.0794415416798357
Unmatta,2019.0,106.0,"Action, Horror, Sci-Fi",6.5,19.0,1431.0,2457.0,16.0,1914.0,3,1,0.0,2.995732273553991
Unns: Love... Forever,2006.0,145.0,"Drama, Musical, Romance",3.3,39.0,513.0,950.0,544.0,2331.0,3,1,7.0,3.6888794541139363
Unpaused,2020.0,113.0,"Drama, Romance",7.0,2057.0,1715.0,406.0,2621.0,1237.0,3,1,7.0,7.629489916393995
Upaasna,1971.0,,"Drama, Romance",6.7,28.0,1563.0,1972.0,1455.0,795.0,3,1,7.0,3.367295829986474
Upeksha,2019.0,137.0,Family,7.8,9.0,2231.0,1447.0,1993.0,2119.0,3,0,8.0,2.302585092994046
Uphaar,1971.0,122.0,Family,7.2,78.0,2750.0,2310.0,933.0,2739.0,3,0,8.0,4.3694478524670215
Upkar,1967.0,175.0,"Drama, Romance, War",7.5,550.0,1493.0,368.0,1308.0,1872.0,3,1,7.0,6.311734809152915
Upstarts,2019.0,112.0,Drama,6.7,736.0,2923.0,1417.0,2178.0,2085.0,3,0,7.0,6.602587892189336
Uran Khatola,1955.0,151.0,"Comedy, Fantasy, Musical",7.4,64.0,2348.0,657.0,1596.0,2750.0,3,1,4.0,4.174387269895637
Uri: The Surgical Strike,2018.0,138.0,"Action, Drama, War",8.2,45981.0,86.0,2433.0,1665.0,1519.0,3,1,0.0,10.736005294543881
Used,2019.0,57.0,"Drama, Thriller",7.1,20.0,1800.0,1227.0,2506.0,1907.0,3,1,7.0,3.044522437723423
Uski Roti,1970.0,110.0,Drama,6.9,420.0,1454.0,776.0,728.0,2395.0,3,0,7.0,6.042632833682381
Usne Kaha Tha,1960.0,150.0,"Drama, Romance, War",6.8,28.0,1586.0,2262.0,1493.0,754.0,3,1,7.0,3.367295829986474
Us-Paar,1974.0,,"Drama, Family, Romance",6.5,21.0,475.0,2489.0,1436.0,1753.0,3,1,7.0,3.091042453358316
Ustaad,1989.0,153.0,Drama,5.2,13.0,1268.0,2487.0,337.0,1039.0,3,0,7.0,2.6390573296152584
Ustadi Ustad Se,1982.0,134.0,"Action, Crime, Drama",3.8,34.0,646.0,1304.0,1964.0,2982.0,3,1,0.0,3.5553480614894135
Ustadon Ke Ustad,1963.0,144.0,"Action, Crime, Drama",7.4,35.0,546.0,376.0,1723.0,2437.0,3,1,0.0,3.58351893845611
Ustadon Ke Ustad,1998.0,139.0,"Action, Drama",4.4,39.0,2864.0,1304.0,387.0,1505.0,3,1,0.0,3.6888794541139363
Utopia,2015.0,85.0,Drama,5.6,101.0,928.0,788.0,201.0,509.0,3,0,7.0,4.624972813284271
Utsav,1984.0,145.0,"Drama, Music, Romance",6.9,361.0,836.0,1818.0,174.0,1246.0,3,1,7.0,5.8916442118257715
Utt Pataang,2011.0,120.0,"Comedy, Drama",6.0,306.0,2713.0,2476.0,2248.0,1351.0,3,1,4.0,5.726847747587197
Uttar Dakshin,1987.0,155.0,"Action, Drama",4.2,101.0,1842.0,1711.0,900.0,505.0,3,1,0.0,4.624972813284271
Utthaan,2006.0,180.0,"Drama, Romance, Thriller",4.1,32.0,2928.0,1623.0,1564.0,2067.0,3,1,7.0,3.4965075614664802
Uuf Kya Jaadoo Mohabbat Hai...,2004.0,134.0,"Comedy, Romance",4.8,42.0,1491.0,142.0,1613.0,2304.0,3,1,4.0,3.7612001156935624
Uvaa,2015.0,138.0,"Comedy, Drama",4.9,151.0,1058.0,1494.0,1898.0,1386.0,3,1,4.0,5.0238805208462765
Uyirile Kalanthathu,2000.0,,Thriller,6.9,221.0,1163.0,959.0,1835.0,2745.0,3,0,18.0,5.402677381872279
V,2020.0,140.0,"Action, Crime, Thriller",6.9,6758.0,1572.0,1394.0,2508.0,1733.0,3,1,0.0,8.818630229100354
Vaada,2005.0,122.0,"Crime, Drama, Mystery",5.6,826.0,2508.0,331.0,2860.0,178.0,3,1,5.0,6.717804695023691
Vaada Raha... I Promise,2009.0,101.0,Drama,4.8,395.0,2419.0,508.0,661.0,1144.0,3,0,7.0,5.981414211254481
Vaade Iraade,1994.0,,"Drama, Family, Romance",4.8,17.0,1204.0,1046.0,395.0,1370.0,3,1,7.0,2.8903717578961645
Vaah! Life Ho Toh Aisi!,2005.0,153.0,"Comedy, Drama, Family",4.5,2293.0,1428.0,2042.0,181.0,2330.0,3,1,4.0,7.738052297689316
Vaasna,1968.0,150.0,"Action, Crime, Drama",5.8,10.0,2862.0,1635.0,1645.0,1257.0,3,1,0.0,2.3978952727983707
Vaastav: The Reality,1999.0,145.0,"Action, Crime, Drama",8.0,12996.0,1428.0,1969.0,1489.0,2127.0,3,1,0.0,9.47247384058159
Vaastu Shastra,2004.0,106.0,"Horror, Mystery",5.0,639.0,2521.0,2431.0,895.0,94.0,3,1,11.0,6.461468176353717
Vachan,1955.0,118.0,Drama,5.3,18.0,2022.0,740.0,427.0,1997.0,3,0,7.0,2.9444389791664403
Vachan,1974.0,121.0,"Drama, Romance",6.8,20.0,2819.0,2082.0,2782.0,1872.0,3,1,7.0,3.044522437723423
Vada Chennai,2018.0,164.0,"Action, Crime, Drama",8.5,13120.0,2989.0,630.0,152.0,1939.0,3,1,0.0,9.481969279105716
Vadh,2002.0,,"Mystery, Thriller",6.1,137.0,2008.0,1389.0,1890.0,1606.0,3,1,14.0,4.927253685157205
Vaibhav Sethia: Don't,2018.0,61.0,Comedy,6.9,187.0,1502.0,2408.0,2681.0,2853.0,1,0,4.0,5.236441962829949
Vaishali,1988.0,133.0,"Musical, Drama, Romance",7.7,373.0,501.0,1975.0,2561.0,838.0,3,1,13.0,5.924255797414532
Vajram,1995.0,,Unknown,4.8,36.0,2350.0,1378.0,995.0,2197.0,3,0,19.0,3.6109179126442243
Vakil Babu,1982.0,150.0,"Drama, Mystery",7.3,85.0,399.0,2549.0,1853.0,2472.0,3,1,7.0,4.454347296253507
Valentine Days,2003.0,,Romance,1.9,42.0,2777.0,1226.0,478.0,2298.0,3,0,15.0,3.7612001156935624
Valentine's Night,2012.0,,"Romance, Thriller",2.3,29.0,451.0,1059.0,1306.0,2508.0,3,1,15.0,3.4011973816621555
Vallah Kya Baat Hai,1962.0,135.0,"Action, Crime, Drama",5.5,47.0,908.0,2058.0,466.0,1724.0,3,1,0.0,3.871201010907891
Valley of Flowers,2006.0,155.0,"Adventure, Drama, Fantasy",7.0,1779.0,1780.0,1297.0,1467.0,1623.0,3,1,1.0,7.484368643286131
Valmiki,1946.0,98.0,Drama,7.0,18.0,492.0,2062.0,1747.0,2972.0,3,0,7.0,2.9444389791664403
Vamsee,2000.0,145.0,Action,4.7,706.0,847.0,153.0,1240.0,2779.0,3,0,0.0,6.561030665896573
Vandana,1975.0,,Family,7.5,26.0,1673.0,1523.0,2112.0,538.0,3,0,8.0,3.295836866004329
Vande Bharat Flight IX 1344: Hope to Survival,2021.0,,"Documentary, Thriller",7.8,5.0,2937.0,2385.0,2681.0,2853.0,0,1,6.0,1.791759469228055
VanRakshak,2021.0,93.0,Drama,8.2,32.0,1820.0,639.0,65.0,3030.0,3,0,7.0,3.4965075614664802
Vansh,1992.0,135.0,"Action, Crime, Drama",6.0,78.0,1793.0,123.0,2503.0,312.0,3,1,0.0,4.3694478524670215
Vardaan,1975.0,136.0,Drama,7.4,7.0,336.0,2489.0,1998.0,1618.0,3,0,7.0,2.0794415416798357
Vardi,1989.0,161.0,"Action, Crime, Drama",4.5,158.0,2934.0,2270.0,900.0,1202.0,3,1,0.0,5.0689042022202315
Varnajalam,2004.0,,Action,5.1,18.0,1651.0,1845.0,1035.0,1626.0,3,0,0.0,2.9444389791664403
Vasna,1991.0,,Action,2.5,6.0,2257.0,724.0,1376.0,2008.0,3,0,0.0,1.9459101490553132
Vatsyayana Kamasutra,2001.0,158.0,Thriller,5.1,9.0,2455.0,1096.0,2503.0,739.0,3,0,18.0,2.302585092994046
Vazhve Mayam,1982.0,,"Drama, Romance",6.8,229.0,1951.0,982.0,2488.0,2654.0,3,1,7.0,5.438079308923196
Vedi,2011.0,132.0,"Action, Thriller",3.7,311.0,1847.0,2201.0,1716.0,577.0,3,1,0.0,5.7430031878094825
Veer,1995.0,,Action,3.7,31.0,1233.0,861.0,607.0,829.0,3,0,0.0,3.4657359027997265
Veer,2010.0,169.0,"Action, Adventure, Drama",4.5,7598.0,264.0,1939.0,900.0,1494.0,3,1,0.0,8.935771938669784
Veer Amarsingh Rathod,1970.0,130.0,"Action, Biography, Drama",7.0,8.0,1981.0,920.0,1021.0,685.0,3,1,0.0,2.1972245773362196
Veer Arjun,1977.0,,Drama,8.1,7.0,963.0,913.0,2225.0,1143.0,3,0,7.0,2.0794415416798357
Veer Baahubali,2005.0,,Action,4.3,9.0,106.0,1475.0,1850.0,2853.0,2,0,0.0,2.302585092994046
Veer Bhimsen,1986.0,,"Adventure, Fantasy",4.8,5.0,2845.0,575.0,231.0,378.0,3,1,1.0,1.791759469228055
Veer Ghatotkach,1949.0,,"Action, Adventure, Drama",4.9,9.0,1658.0,182.0,2384.0,2617.0,3,1,0.0,2.302585092994046
Veer Ghatotkach,1970.0,,Adventure,6.8,9.0,2581.0,528.0,1251.0,1292.0,3,0,1.0,2.302585092994046
Veer Kunal,1945.0,,Adventure,4.6,5.0,1306.0,1069.0,659.0,1550.0,3,0,1.0,1.791759469228055
Veer Savarkar,2001.0,165.0,"Biography, Drama",6.8,115.0,2979.0,2046.0,1653.0,2824.0,3,1,3.0,4.7535901911063645
Veer Yodha Prithviraj Chauhan,2008.0,85.0,"Animation, Action, Drama",7.2,34.0,2134.0,1342.0,732.0,311.0,3,1,2.0,3.5553480614894135
Veera,1994.0,240.0,"Comedy, Romance",6.6,571.0,2829.0,1711.0,1353.0,2197.0,3,1,4.0,6.349138991379798
Veera Madakari,2009.0,175.0,Action,6.5,257.0,2742.0,2230.0,597.0,1953.0,3,0,0.0,5.552959584921617
Veera Parampare,2010.0,,"Drama, Family",6.8,79.0,2312.0,183.0,2502.0,96.0,3,1,7.0,4.382026634673881
Veeram,2017.0,100.0,"Action, Drama, History",6.4,222.0,1077.0,1107.0,830.0,14.0,3,1,0.0,5.407171771460119
Veerana,1988.0,135.0,"Action, Drama, Horror",6.6,718.0,2665.0,2370.0,922.0,922.0,3,1,0.0,6.577861357721047
Veerappan,2016.0,125.0,"Action, Biography, Crime",5.3,711.0,2146.0,1894.0,2177.0,2864.0,3,1,0.0,6.568077911411976
Veere Di Wedding,2018.0,135.0,Comedy,3.2,12000.0,2593.0,1023.0,2468.0,1661.0,3,0,4.0,9.392745258631441
Veerey Ki Wedding,2018.0,131.0,"Comedy, Romance",2.8,498.0,390.0,1625.0,960.0,1242.0,3,1,4.0,6.212606095751519
Veergatha,2016.0,,History,4.7,10.0,2474.0,206.0,2681.0,2853.0,1,0,10.0,2.3978952727983707
Veergati,1995.0,166.0,"Action, Drama",5.7,1533.0,1175.0,1939.0,376.0,2668.0,3,1,0.0,7.335633981927201
Veergati,2019.0,61.0,Action,6.0,21.0,2119.0,2501.0,56.0,1693.0,3,0,0.0,3.091042453358316
Veerta,1993.0,129.0,Action,5.8,84.0,2616.0,2270.0,934.0,2438.0,3,0,0.0,4.442651256490317
Veeru Dada,1990.0,,"Action, Adventure, Drama",4.6,28.0,1179.0,631.0,182.0,78.0,3,1,0.0,3.367295829986474
Veeru Ustaad,1975.0,127.0,Drama,5.0,5.0,1032.0,347.0,2286.0,2375.0,3,0,7.0,1.791759469228055
Veer-Zaara,2004.0,192.0,"Drama, Family, Musical",7.8,50101.0,3106.0,2038.0,1758.0,2076.0,3,1,7.0,10.821816206435848
Veettilekkulla Vazhi,2011.0,95.0,"Drama, Family",6.7,165.0,520.0,1613.0,863.0,865.0,3,1,7.0,5.111987788356544
Vellore Maavattam,2011.0,144.0,Action,6.0,26.0,1967.0,2059.0,713.0,1443.0,3,0,0.0,3.295836866004329
Verdict,2019.0,78.0,Mystery,4.7,11.0,2940.0,1547.0,2681.0,2853.0,1,0,14.0,2.4849066497880004
Vetri Vizha,1989.0,142.0,"Action, Drama, Mystery",6.7,299.0,1894.0,982.0,1720.0,166.0,3,1,0.0,5.703782474656201
Via Darjeeling,2008.0,104.0,"Drama, Mystery, Thriller",5.4,159.0,321.0,1039.0,2464.0,1784.0,3,1,7.0,5.075173815233827
Viceroy's House,2017.0,106.0,"Biography, Drama, History",6.7,7117.0,875.0,831.0,751.0,1387.0,3,1,3.0,8.870382066070137
Vicky Dada,1989.0,122.0,"Action, Crime",6.9,57.0,1309.0,1378.0,982.0,1938.0,3,1,0.0,4.060443010546419
Vicky Donor,2012.0,126.0,"Comedy, Romance",7.8,40589.0,2643.0,421.0,2834.0,287.0,3,1,4.0,10.611277009832943
Victoria No. 203,1972.0,100.0,"Action, Comedy, Crime",7.1,191.0,546.0,376.0,1732.0,1635.0,3,1,0.0,5.2574953720277815
Victoria No. 203: Diamonds Are Forever,2007.0,,"Comedy, Crime, Mystery",3.5,149.0,239.0,296.0,1632.0,1073.0,3,1,4.0,5.0106352940962555
Victor's History,2017.0,78.0,"Comedy, Drama, Thriller",5.3,34.0,1708.0,1045.0,1578.0,2527.0,3,1,4.0,3.5553480614894135
Victory,2009.0,160.0,"Drama, Sport",3.8,481.0,134.0,799.0,136.0,1479.0,3,1,7.0,6.1779441140506
Videsh,1977.0,,"Action, Crime, Drama",5.5,6.0,418.0,1169.0,2378.0,1873.0,3,1,0.0,1.9459101490553132
Vidhaata,1982.0,168.0,"Action, Drama",7.2,360.0,2730.0,2360.0,794.0,544.0,3,1,0.0,5.8888779583328805
Vidhyaarthi: The Power of Students,2006.0,250.0,Action,5.2,12.0,2128.0,525.0,2772.0,120.0,3,0,0.0,2.5649493574615367
Vidrohi,1990.0,135.0,Action,5.2,12.0,918.0,513.0,1714.0,948.0,3,0,0.0,2.5649493574615367
Viduthalai,1986.0,148.0,Action,6.5,57.0,1167.0,2105.0,1897.0,3000.0,3,0,0.0,4.060443010546419
Vidya,1948.0,,"Drama, Romance",7.7,33.0,840.0,2280.0,596.0,1324.0,3,1,7.0,3.5263605246161616
Vidyasagar,1952.0,,Unknown,8.0,13.0,1202.0,1508.0,785.0,2796.0,3,0,19.0,2.6390573296152584
Vidyoday,2018.0,108.0,Documentary,9.2,35.0,2999.0,21.0,137.0,2853.0,2,0,6.0,3.58351893845611
Views of the Inner Chamber,2005.0,118.0,Drama,7.1,488.0,2264.0,870.0,42.0,2207.0,3,0,7.0,6.192362489474872
Vihir,2009.0,120.0,Drama,7.2,254.0,2936.0,1310.0,1215.0,851.0,3,0,7.0,5.541263545158426
Vijay,1988.0,172.0,"Action, Drama, Romance",5.6,219.0,3106.0,250.0,1889.0,2165.0,3,1,0.0,5.393627546352362
Vijaypath,1994.0,163.0,"Action, Drama, Romance",5.0,648.0,775.0,108.0,2607.0,2742.0,3,1,0.0,6.47543271670409
Vijeta,1982.0,151.0,Drama,7.3,275.0,861.0,2082.0,2003.0,2728.0,3,0,7.0,5.62040086571715
Vijeta,1996.0,,Action,4.1,76.0,1152.0,1969.0,1980.0,1774.0,3,0,0.0,4.343805421853684
Vikalp,2011.0,130.0,"Crime, Drama, Mystery",6.1,15.0,2367.0,1512.0,1118.0,36.0,3,1,5.0,2.772588722239781
Vikram,1986.0,136.0,"Action, Adventure, Sci-Fi",7.3,504.0,2044.0,982.0,2230.0,176.0,3,1,0.0,6.22455842927536
Vikram,1986.0,,"Action, Drama, Romance",7.1,38.0,2948.0,1378.0,2374.0,286.0,3,1,0.0,3.6635616461296463
Vikram,1991.0,,Action,5.3,9.0,1647.0,735.0,755.0,1950.0,3,0,0.0,2.302585092994046
Vikram Betal,2004.0,,Animation,6.1,12.0,2096.0,2385.0,2681.0,2853.0,0,0,2.0,2.5649493574615367
Vikram Vetal,1986.0,,Fantasy,6.8,5.0,2581.0,1719.0,590.0,1383.0,3,0,9.0,1.791759469228055
Villu,2009.0,146.0,"Action, Thriller",3.7,3820.0,1847.0,942.0,1538.0,1840.0,3,1,0.0,8.2482674474469
Vilom,2020.0,82.0,Drama,6.2,56.0,2788.0,185.0,1284.0,1638.0,3,0,7.0,4.04305126783455
Vinash Kaal,2020.0,,Horror,5.0,5.0,2138.0,1869.0,909.0,2161.0,3,0,11.0,1.791759469228055
Vinashak - Destroyer,1998.0,159.0,"Action, Crime, Drama",5.3,254.0,2213.0,2266.0,1980.0,637.0,3,1,0.0,5.541263545158426
Viraam,2017.0,110.0,Drama,5.6,36.0,3136.0,1397.0,1429.0,2860.0,3,0,7.0,3.6109179126442243
Viraat,2021.0,150.0,Crime,8.9,294.0,1672.0,1088.0,1987.0,1311.0,3,0,5.0,5.68697535633982
Virasat,1997.0,165.0,"Drama, Family, Musical",7.5,2533.0,1924.0,250.0,2607.0,1802.0,3,1,7.0,7.837554360881084
Virgin Bhanupriya,2020.0,111.0,"Comedy, Drama",2.9,1097.0,121.0,2391.0,739.0,2222.0,3,1,4.0,7.001245622069476
Virodhi,1992.0,143.0,Drama,4.3,60.0,2107.0,335.0,806.0,703.0,3,0,7.0,4.110873864173311
Viruddh... Family Comes First,2005.0,132.0,"Drama, Family",7.1,2050.0,1428.0,206.0,2312.0,1080.0,3,1,7.0,7.62608275807238
Visakha Express,2008.0,99.0,"Action, Crime, Drama",4.9,66.0,2969.0,1692.0,1755.0,157.0,3,1,0.0,4.204692619390966
Vishkanya,1991.0,,Action,4.2,36.0,1020.0,1106.0,1705.0,1109.0,3,0,0.0,3.6109179126442243
Vishnu-Devaa,1991.0,152.0,"Action, Crime, Drama",5.1,65.0,1154.0,2270.0,63.0,1654.0,3,1,0.0,4.189654742026425
Vishnuvardhana,2011.0,169.0,"Action, Comedy, Thriller",7.2,636.0,1833.0,2230.0,456.0,1896.0,3,1,0.0,6.456769655572163
Vishwanath,1978.0,,"Action, Mystery, Thriller",6.3,136.0,2730.0,2084.0,1998.0,1845.0,3,1,0.0,4.919980925828125
Vishwaroopam,2013.0,148.0,"Action, Thriller",8.1,39098.0,1211.0,1552.0,1384.0,1127.0,3,1,0.0,10.57385217019883
Vishwaroopam 2,2018.0,145.0,"Action, Thriller",5.9,2314.0,1211.0,982.0,1843.0,2502.0,3,1,0.0,7.747164966520335
Vishwas,1969.0,,"Comedy, Drama, Romance",5.5,15.0,1280.0,919.0,276.0,501.0,3,1,4.0,2.772588722239781
Vishwasghaat,1977.0,,"Action, Crime, Drama",5.1,37.0,1422.0,1980.0,1003.0,2417.0,3,1,0.0,3.6375861597263857
Vishwasghaat,1996.0,128.0,Action,5.3,73.0,947.0,2266.0,225.0,312.0,3,0,0.0,4.30406509320417
Vishwatma,1992.0,174.0,"Action, Drama, Thriller",6.5,1215.0,2102.0,1405.0,2557.0,615.0,3,1,0.0,7.103322062526113
Vishwavidhaata,1997.0,,Action,4.9,38.0,775.0,870.0,390.0,2456.0,3,0,0.0,3.6635616461296463
Vivah,2006.0,160.0,"Drama, Musical, Romance",6.6,9288.0,2698.0,2042.0,181.0,312.0,3,1,7.0,9.136586183387521
Vivekananda,1998.0,240.0,"Biography, Drama",6.6,144.0,799.0,1998.0,1401.0,2041.0,3,1,3.0,4.976733742420574
Vodka Diaries,2018.0,120.0,"Mystery, Thriller",5.6,1287.0,1360.0,1039.0,1850.0,1379.0,3,1,14.0,7.160845906664299
Vroom,2010.0,130.0,"Action, Comedy, Crime",5.4,30.0,2526.0,1673.0,731.0,1121.0,3,1,0.0,3.4339872044851463
W,2014.0,137.0,"Crime, Musical, Thriller",6.6,47.0,2895.0,1132.0,1194.0,2621.0,3,1,5.0,3.871201010907891
Waah! Tera Kya Kehna,2002.0,100.0,"Action, Comedy, Crime",3.7,257.0,1489.0,767.0,1980.0,1867.0,3,1,0.0,5.552959584921617
Waapsi,1986.0,,Mystery,5.6,9.0,2823.0,1702.0,1484.0,916.0,3,0,14.0,2.302585092994046
Waaris,1988.0,150.0,Drama,6.7,142.0,2236.0,2165.0,182.0,1965.0,3,0,7.0,4.962844630259907
Wafaa,1972.0,110.0,"Action, Crime, Drama",3.8,11.0,2168.0,1972.0,1921.0,916.0,3,1,0.0,2.4849066497880004
Wafaa,2008.0,120.0,"Drama, Mystery, Romance",3.7,77.0,2138.0,1702.0,2275.0,1276.0,3,1,7.0,4.356708826689592
Wafadaar,1985.0,190.0,"Comedy, Drama",4.5,31.0,1668.0,1546.0,1897.0,1756.0,3,1,4.0,3.4657359027997265
Wah Taj,2016.0,125.0,Drama,5.4,118.0,136.0,2121.0,1293.0,199.0,3,0,7.0,4.77912349311153
Wahan Ke Log,1967.0,130.0,"Action, Adventure, Drama",5.5,33.0,1720.0,1563.0,2623.0,1701.0,3,1,0.0,3.5263605246161616
Wahem,1987.0,,Thriller,5.0,7.0,668.0,1504.0,326.0,2122.0,3,0,18.0,2.0794415416798357
Waiting,2015.0,92.0,"Comedy, Drama",7.2,1699.0,288.0,1405.0,1014.0,1060.0,3,1,4.0,7.438383530044307
Wajah Tum Ho,2016.0,136.0,"Drama, Mystery, Romance",4.4,1153.0,3075.0,2076.0,2174.0,885.0,3,1,7.0,7.050989447068045
Wajahh: A Reason to Kill,2004.0,,Thriller,4.3,73.0,819.0,318.0,764.0,2446.0,3,0,18.0,4.30406509320417
Wajood,1998.0,180.0,"Action, Crime, Drama",6.9,584.0,1624.0,1389.0,1234.0,1563.0,3,1,0.0,6.371611847231857
Wake Up India,2013.0,130.0,Drama,6.7,14.0,454.0,691.0,373.0,1481.0,3,0,7.0,2.70805020110221
Wake Up Sid,2009.0,138.0,"Comedy, Drama, Romance",7.6,29167.0,420.0,1760.0,1115.0,2728.0,3,1,4.0,10.280827496918445
Walking with the Wind,2017.0,79.0,Drama,6.6,28.0,1900.0,107.0,2020.0,1797.0,3,0,7.0,3.367295829986474
Waman Avtar,1955.0,,Musical,6.2,6.0,2161.0,1463.0,2659.0,624.0,3,0,13.0,1.9459101490553132
Wanted,2009.0,147.0,"Action, Crime, Thriller",6.6,22173.0,1847.0,1939.0,393.0,2981.0,3,1,0.0,10.006675710332297
Wanted: Dead or Alive,1984.0,145.0,"Action, Crime, Drama",6.5,36.0,187.0,1304.0,2648.0,427.0,3,1,0.0,3.6109179126442243
Wanton,2020.0,90.0,"Crime, Thriller",4.5,124.0,1042.0,360.0,2797.0,1806.0,3,1,5.0,4.8283137373023015
Wapas,1969.0,,"Drama, Family",7.4,8.0,2519.0,114.0,134.0,2381.0,3,1,7.0,2.1972245773362196
Waqt,1965.0,178.0,"Drama, Romance",7.8,1244.0,3106.0,2262.0,2112.0,1930.0,3,1,7.0,7.126890808898808
Waqt Hamara Hai,1993.0,148.0,"Action, Comedy, Romance",6.0,1478.0,500.0,145.0,2552.0,447.0,3,1,0.0,7.2991214627108
Waqt Ka Badshah,1992.0,,Action,3.9,9.0,1481.0,1218.0,105.0,1538.0,3,0,0.0,2.302585092994046
Waqt Ka Shahenshah,1987.0,,Action,4.8,12.0,1146.0,2215.0,1122.0,2092.0,3,0,0.0,2.5649493574615367
Waqt Ke Shehzade,1982.0,,Musical,3.6,5.0,1337.0,603.0,1975.0,1624.0,3,0,13.0,1.791759469228055
Waqt Ki Awaz,1988.0,156.0,"Action, Crime, Drama",6.3,97.0,1146.0,2455.0,373.0,1494.0,3,1,0.0,4.584967478670572
Waqt Ki Deewar,1981.0,156.0,"Action, Crime, Drama",5.9,27.0,2225.0,1980.0,949.0,2480.0,3,1,0.0,3.332204510175204
Waqt Ki Pukar,1984.0,,"Action, Crime, Drama",5.9,9.0,668.0,2112.0,2844.0,2943.0,3,1,0.0,2.302585092994046
Waqt: The Race Against Time,2005.0,153.0,"Comedy, Drama, Family",6.8,9478.0,3062.0,206.0,114.0,1899.0,3,1,4.0,9.156834104453042
Waqt-Waqt Ki Baat,1982.0,,"Action, Crime, Drama",7.5,6.0,2487.0,2452.0,815.0,1110.0,3,1,0.0,1.9459101490553132
War,2019.0,154.0,"Action, Adventure, Thriller",6.5,20894.0,2670.0,830.0,2644.0,2879.0,3,1,0.0,9.947265174882016
War and Peace,2002.0,148.0,"Documentary, War",8.0,129.0,230.0,232.0,2681.0,2853.0,1,1,6.0,4.867534450455582
War Chhod Na Yaar,2013.0,119.0,"Comedy, War",5.4,936.0,770.0,2076.0,2446.0,1028.0,3,1,4.0,6.842683282238422
Wardat,1981.0,133.0,"Action, Thriller",6.8,51.0,2230.0,1304.0,1002.0,2438.0,3,1,0.0,3.9512437185814275
Waris,1969.0,,"Comedy, Drama",5.9,48.0,2168.0,919.0,818.0,1872.0,3,1,4.0,3.8918202981106265
Waris,1954.0,122.0,"Drama, Family",6.4,9.0,1726.0,2321.0,2564.0,1586.0,3,1,7.0,2.302585092994046
Warning,2013.0,109.0,"Adventure, Thriller",4.6,236.0,877.0,2500.0,2206.0,1076.0,3,1,1.0,5.4680601411351315
Warrant,1975.0,95.0,"Action, Thriller",7.1,97.0,1872.0,616.0,2864.0,1845.0,3,1,0.0,4.584967478670572
Warrant,1961.0,,Unknown,4.7,12.0,1269.0,806.0,358.0,1973.0,3,0,19.0,2.5649493574615367
Warrior Savitri,2016.0,136.0,"Action, Thriller",4.1,294.0,1794.0,1453.0,1871.0,1746.0,3,1,0.0,5.68697535633982
Watan Ke Rakhwale,1987.0,149.0,"Action, Drama, Thriller",5.7,108.0,2160.0,2262.0,607.0,1494.0,3,1,0.0,4.6913478822291435
Water,2005.0,117.0,Drama,7.7,14461.0,643.0,1140.0,969.0,2410.0,3,0,7.0,9.579279798734897
Waterschool,2018.0,67.0,Documentary,6.3,60.0,2907.0,2385.0,2681.0,2853.0,0,0,6.0,4.110873864173311
Wazir,2016.0,103.0,"Action, Crime, Drama",7.1,17809.0,483.0,206.0,690.0,70.0,3,1,0.0,9.787515376283707
We Are Family,2010.0,115.0,"Comedy, Drama, Family",5.6,2975.0,2672.0,1023.0,1011.0,354.0,3,1,4.0,7.998335395952982
We R Friends,2006.0,110.0,Drama,4.8,13.0,1041.0,62.0,350.0,519.0,3,0,7.0,2.6390573296152584
Wedding Anniversary,2017.0,108.0,Drama,4.9,82.0,2609.0,1389.0,1248.0,1904.0,3,0,7.0,4.418840607796598
Wedding Pullav,2015.0,124.0,"Comedy, Romance",3.8,185.0,527.0,652.0,268.0,2635.0,3,1,4.0,5.225746673713202
Welcome,2007.0,159.0,"Comedy, Romance",6.9,19527.0,244.0,145.0,1073.0,1606.0,3,1,4.0,9.879604612072796
Welcome 2 Karachi,2015.0,131.0,"Action, Comedy, War",4.3,1123.0,366.0,341.0,901.0,1290.0,3,1,0.0,7.024649030453636
Welcome Back,2015.0,152.0,"Action, Comedy, Crime",4.2,5656.0,244.0,937.0,207.0,1606.0,3,1,0.0,8.640648995343156
Welcome Home,2020.0,126.0,"Crime, Drama, Horror",7.5,2413.0,1940.0,1031.0,2592.0,2470.0,3,1,5.0,7.789040401657477
Welcome M1LL10NS,2018.0,117.0,"Crime, Mystery, Thriller",6.0,11.0,1549.0,2173.0,965.0,2124.0,3,1,5.0,2.4849066497880004
Welcome on Board,2020.0,78.0,Drama,7.9,9.0,1585.0,443.0,2009.0,1552.0,3,0,7.0,2.302585092994046
Welcome to London,2012.0,109.0,"Drama, Romance, Thriller",5.2,133.0,352.0,364.0,2102.0,1476.0,3,1,7.0,4.897839799950911
Welcome to New York,2018.0,118.0,"Comedy, Drama",1.6,774.0,564.0,1826.0,923.0,2619.0,3,1,4.0,6.652863029353347
Welcome to Sajjanpur,2008.0,133.0,"Comedy, Drama",6.9,3096.0,2661.0,2121.0,181.0,2112.0,3,1,4.0,8.038189179973203
Well Done Abba!,2009.0,144.0,Comedy,7.3,1747.0,2661.0,511.0,1388.0,2304.0,3,0,4.0,7.466227556215481
What are the Odds?,2019.0,92.0,Drama,5.4,597.0,1527.0,2525.0,1057.0,35.0,3,0,7.0,6.393590753950631
What If?,2006.0,115.0,Drama,6.5,673.0,1679.0,1522.0,879.0,1073.0,3,0,7.0,6.513230110912307
What the Fish,2013.0,98.0,"Adventure, Comedy, Drama",5.0,191.0,877.0,1238.0,1505.0,722.0,3,1,1.0,5.2574953720277815
What's Your Raashee?,2009.0,195.0,"Comedy, Drama, Romance",4.6,2627.0,391.0,799.0,1785.0,272.0,3,1,4.0,7.873978379604501
When Hari Got Married,2013.0,75.0,"Documentary, Family",7.0,168.0,2263.0,2348.0,2681.0,2853.0,1,1,6.0,5.1298987149230735
When Kiran Met Karen,2008.0,101.0,"Drama, Romance",4.9,87.0,1442.0,212.0,546.0,2306.0,3,1,7.0,4.477336814478207
When Love Calls,1989.0,192.0,"Drama, Musical, Romance",7.3,11486.0,2698.0,1939.0,442.0,161.0,3,1,7.0,9.348971240145405
When Obama Loved Osama,2018.0,116.0,Comedy,4.9,34.0,2756.0,218.0,1461.0,1203.0,3,0,4.0,3.5553480614894135
When One Falls in Love,1998.0,154.0,"Comedy, Drama, Romance",5.8,2589.0,656.0,1939.0,2670.0,1081.0,3,1,4.0,7.859413154693583
Where Has the Time Gone?,2017.0,112.0,Drama,5.5,83.0,1412.0,151.0,2867.0,997.0,3,0,7.0,4.430816798843313
"Where to, Miss?",2016.0,83.0,"Documentary, Biography, Family",7.5,31.0,1505.0,2385.0,2681.0,2853.0,0,1,6.0,3.4657359027997265
White Rainbow,2004.0,94.0,Drama,6.8,107.0,690.0,2185.0,145.0,214.0,3,0,7.0,4.68213122712422
Who,2018.0,153.0,"Mystery, Sci-Fi",5.1,260.0,111.0,1931.0,107.0,348.0,3,1,14.0,5.564520407322694
Who's There?,2011.0,130.0,"Horror, Thriller",3.9,15.0,753.0,1689.0,1017.0,802.0,3,1,11.0,2.772588722239781
Why Cheat India,2019.0,121.0,"Crime, Drama",6.0,2442.0,2700.0,693.0,2388.0,2607.0,3,1,5.0,7.8009820712577405
Will You Marry Me,2012.0,135.0,Comedy,4.5,113.0,85.0,2121.0,1878.0,1551.0,3,0,4.0,4.736198448394496
Win Marathon,2018.0,94.0,"Drama, Sport",9.0,70.0,350.0,2131.0,331.0,279.0,3,1,7.0,4.2626798770413155
Winner,2003.0,145.0,"Action, Comedy, Drama",6.4,310.0,2785.0,1584.0,1100.0,2880.0,3,1,0.0,5.739792912179234
Wishlist,2020.0,93.0,Drama,4.8,122.0,1994.0,934.0,832.0,1531.0,3,0,7.0,4.812184355372417
With Luv... Tumhaara,2006.0,120.0,"Drama, Romance",6.2,23.0,1215.0,1512.0,1678.0,2337.0,3,1,7.0,3.1780538303479458
WOH,2004.0,,"Crime, Drama, Thriller",4.4,40.0,2019.0,1623.0,2534.0,616.0,3,1,5.0,3.713572066704308
Woh 7 Din,1983.0,139.0,"Drama, Romance",7.6,1145.0,472.0,250.0,1647.0,1623.0,3,1,7.0,7.044032897274685
Woh Jo Hasina,1983.0,121.0,Romance,4.6,10.0,646.0,1304.0,1964.0,1845.0,3,0,15.0,2.3978952727983707
Woh Kaun Thi?,1964.0,140.0,"Drama, Mystery, Romance",7.6,960.0,2012.0,1902.0,1308.0,1783.0,3,1,7.0,6.8679744089702925
Woh Koi Aur Hoga,1967.0,,"Action, Drama, Mystery",6.0,9.0,6.0,2176.0,706.0,1567.0,3,1,0.0,2.302585092994046
Woh lamhe...,2006.0,156.0,"Biography, Drama, Romance",6.4,1307.0,1581.0,997.0,2360.0,2416.0,3,1,3.0,7.176254532017144
Woh Main Nahin,1974.0,142.0,Thriller,7.1,30.0,1567.0,1425.0,2003.0,1755.0,3,0,18.0,3.4339872044851463
Woh Phir Aayegi,1988.0,,"Horror, Mystery, Thriller",6.2,48.0,447.0,1702.0,688.0,1538.0,3,1,11.0,3.8918202981106265
Woh Tera Naam Tha,2004.0,150.0,Romance,6.4,32.0,1338.0,321.0,1872.0,818.0,3,0,15.0,3.4965075614664802
Wohi Bhayanak Raat,1989.0,82.0,Horror,3.3,17.0,3057.0,1731.0,1189.0,701.0,3,0,11.0,2.8903717578961645
Woman,1986.0,,"Action, Drama",7.8,28.0,447.0,2549.0,2111.0,2395.0,3,1,0.0,3.367295829986474
Woman from the East,2013.0,120.0,"Drama, Family",7.6,14.0,1085.0,1510.0,2524.0,1712.0,3,1,7.0,2.70805020110221
Woodstock Villa,2008.0,,"Drama, Mystery, Thriller",3.3,395.0,900.0,2157.0,1569.0,338.0,3,1,7.0,5.981414211254481
World Cupp 2011,2009.0,,"Crime, Drama, Sport",3.5,26.0,2217.0,1800.0,1339.0,2742.0,3,1,5.0,3.295836866004329
Wounded,2007.0,,Biography,5.7,11.0,1327.0,998.0,2259.0,2853.0,2,0,3.0,2.4849066497880004
Writing with Fire,2021.0,92.0,Documentary,8.1,106.0,2847.0,1831.0,1362.0,2568.0,3,0,6.0,4.672828834461906
Wrong Number,2003.0,121.0,"Mystery, Thriller",3.9,57.0,1098.0,1532.0,2837.0,2146.0,3,1,14.0,4.060443010546419
X Ray: The Inner Image,2019.0,93.0,Thriller,3.4,40.0,2103.0,2526.0,1848.0,2853.0,2,0,18.0,3.713572066704308
X Zone,2020.0,97.0,Thriller,2.7,50.0,763.0,1004.0,836.0,1522.0,3,0,18.0,3.9318256327243257
X: Past Is Present,2015.0,105.0,"Drama, Mystery, Romance",5.2,631.0,933.0,1590.0,2513.0,1598.0,3,1,7.0,6.448889394146858
Xcuse Me,2003.0,152.0,Comedy,5.7,798.0,1624.0,2076.0,2123.0,245.0,3,0,4.0,6.683360945766275
Y.M.I. Yeh Mera India,2008.0,137.0,"Crime, Drama, Thriller",7.7,905.0,1624.0,296.0,378.0,1481.0,3,1,5.0,6.80903930604298
Ya Rab,2014.0,120.0,"Action, Crime, Drama",5.9,278.0,926.0,851.0,1561.0,2959.0,3,1,0.0,5.631211781821365
Yaad Rakhegi Duniya,1992.0,153.0,"Drama, Romance",6.5,106.0,645.0,79.0,2081.0,2820.0,3,1,7.0,4.672828834461906
Yaadein...,2001.0,171.0,"Musical, Drama, Romance",4.4,3316.0,2730.0,830.0,900.0,1171.0,3,1,13.0,8.106816038947052
Yaadgaar,1970.0,,"Musical, Adventure, Drama",6.3,26.0,2313.0,1490.0,1308.0,1845.0,3,1,13.0,3.295836866004329
Yaadgaar,1984.0,,"Action, Comedy, Drama",6.4,41.0,1668.0,1980.0,1020.0,1816.0,3,1,0.0,3.7376696182833684
Yaadon Ka Mausam,1990.0,,Romance,5.0,10.0,2397.0,448.0,2527.0,847.0,3,0,15.0,2.3978952727983707
Yaadon Ki Zanjeer,1984.0,128.0,Drama,5.4,18.0,2616.0,2262.0,2321.0,2130.0,3,0,7.0,2.9444389791664403
Yaan,2014.0,153.0,"Action, Thriller",3.5,341.0,2216.0,927.0,2641.0,1626.0,3,1,0.0,5.834810737062605
Yaar Gaddar,1994.0,155.0,"Action, Drama",3.7,120.0,2934.0,1925.0,2598.0,2615.0,3,1,0.0,4.795790545596741
Yaar Kasam,1985.0,,Action,6.6,7.0,565.0,961.0,2864.0,1965.0,3,0,0.0,2.0794415416798357
Yaar Mera,1972.0,138.0,"Action, Drama, Romance",4.2,10.0,406.0,919.0,1921.0,1045.0,3,1,0.0,2.3978952727983707
Yaar Meri Zindagi,2008.0,,"Drama, Family, Musical",4.8,40.0,375.0,1354.0,173.0,2480.0,3,1,7.0,3.713572066704308
Yaara,2020.0,130.0,"Action, Crime, Drama",6.3,3955.0,2908.0,2438.0,171.0,1521.0,3,1,0.0,8.282988692742602
Yaara Dildara,1991.0,,"Romance, Drama, Family",7.2,48.0,888.0,1178.0,2280.0,27.0,3,1,15.0,3.8918202981106265
Yaara Silly Silly,2015.0,108.0,Romance,5.6,239.0,2733.0,1520.0,1661.0,774.0,3,0,15.0,5.480638923341991
Yaarana,1981.0,138.0,"Action, Comedy, Drama",7.1,1676.0,2130.0,206.0,1559.0,2782.0,3,1,0.0,7.424761761823209
Yaariyan,2014.0,145.0,"Drama, Romance",2.7,3187.0,740.0,818.0,1925.0,1685.0,3,1,7.0,8.067149039910106
Yaaron Ka Yaar,1977.0,150.0,Action,7.0,9.0,0.0,2084.0,1188.0,1874.0,3,0,0.0,2.302585092994046
Yadon Ki Kasam,1985.0,137.0,Action,6.0,32.0,3050.0,1304.0,2864.0,2438.0,3,0,0.0,3.4965075614664802
Yagavarayinum Naa Kakka,2015.0,151.0,Thriller,6.6,504.0,2504.0,8.0,1593.0,1494.0,3,0,18.0,6.22455842927536
Yahan Sabhi Gyani Hain,2020.0,115.0,Comedy,5.1,244.0,238.0,397.0,1555.0,333.0,3,0,4.0,5.501258210544727
Yahan Wahan,1984.0,,Comedy,6.6,14.0,2051.0,707.0,2573.0,371.0,3,0,4.0,2.70805020110221
Yahudi,1958.0,170.0,"Action, Drama, Romance",7.2,216.0,525.0,2176.0,622.0,1448.0,3,1,0.0,5.37989735354046
Yakeen,1969.0,138.0,"Action, Crime, Romance",7.0,85.0,546.0,631.0,2312.0,650.0,3,1,0.0,4.454347296253507
Yakeen,2005.0,116.0,"Drama, Thriller",5.1,698.0,833.0,331.0,1785.0,1201.0,3,1,7.0,6.54965074223381
Yaksh,2018.0,,Thriller,6.5,14.0,1605.0,1482.0,2336.0,499.0,3,0,18.0,2.70805020110221
Yakshi Faithfully Yours,2012.0,90.0,"Horror, Romance, Sci-Fi",3.3,29.0,57.0,184.0,1405.0,688.0,3,1,11.0,3.4011973816621555
Yalgaar,1992.0,192.0,"Action, Drama, Thriller",5.4,419.0,783.0,714.0,2195.0,1109.0,3,1,0.0,6.040254711277414
Yamdas,2014.0,77.0,Drama,6.7,15.0,1135.0,1615.0,2597.0,2414.0,3,0,7.0,2.772588722239781
Yamini,2001.0,120.0,"Crime, Drama",3.2,11.0,2922.0,1279.0,1743.0,1952.0,3,1,5.0,2.4849066497880004
Yamla Pagla Deewana 2,2013.0,154.0,"Action, Comedy",3.4,1820.0,2439.0,631.0,2557.0,550.0,3,1,0.0,7.507141079727608
Yamla Pagla Deewana Phir Se,2018.0,145.0,"Action, Comedy, Drama",4.5,1100.0,1683.0,631.0,2557.0,550.0,3,1,0.0,7.00397413672268
Yamraaj,1998.0,,"Action, Drama",5.6,55.0,2094.0,1304.0,2439.0,988.0,3,1,0.0,4.02535169073515
Yaraana,1995.0,125.0,"Action, Drama, Musical",4.7,344.0,629.0,1835.0,1234.0,1965.0,3,1,0.0,5.84354441703136
Yari Dushmani,1980.0,,"Action, Drama",4.9,16.0,2675.0,2262.0,1998.0,203.0,3,1,0.0,2.833213344056216
Yash,1996.0,132.0,Musical,5.4,13.0,2583.0,485.0,1068.0,1777.0,3,0,13.0,2.6390573296152584
Yash Raaj aur Film!,2015.0,117.0,Comedy,6.1,14.0,2203.0,2496.0,1101.0,135.0,3,0,4.0,2.70805020110221
Yashoda Krishna,1975.0,175.0,"Drama, Family, Music",4.4,10.0,2204.0,884.0,2091.0,2650.0,3,1,7.0,2.3978952727983707
Yasmin,1955.0,,"Musical, Romance",5.9,12.0,41.0,2288.0,2824.0,1045.0,3,1,13.0,2.5649493574615367
Yasmin,1935.0,,"Adventure, Fantasy",5.0,7.0,887.0,1789.0,159.0,889.0,3,1,1.0,2.0794415416798357
Yateem,1988.0,173.0,"Action, Drama",6.3,197.0,1017.0,2270.0,688.0,637.0,3,1,0.0,5.288267030694535
Yatra,2006.0,129.0,Drama,6.4,132.0,855.0,1818.0,1490.0,675.0,3,0,7.0,4.890349128221754
Yatrik,1952.0,,Drama,8.8,8.0,1255.0,2420.0,320.0,2836.0,3,0,7.0,2.1972245773362196
Yauwan,1973.0,,"Musical, Mystery, Romance",4.1,17.0,2195.0,2530.0,205.0,1109.0,3,1,13.0,2.8903717578961645
Ye Stupid Pyar,2011.0,106.0,Romance,4.6,10.0,1043.0,894.0,1621.0,116.0,3,0,15.0,2.3978952727983707
Yea Toh Two Much Ho Gayaa,2016.0,126.0,"Action, Comedy, Drama",3.4,115.0,306.0,931.0,1709.0,338.0,3,1,0.0,4.7535901911063645
Yeh Aag Kab Bujhegi,1991.0,,Drama,5.8,36.0,2796.0,2262.0,2003.0,1109.0,3,0,7.0,3.6109179126442243
Yeh Ballet,2020.0,117.0,Drama,7.6,1126.0,2696.0,953.0,959.0,2353.0,3,0,7.0,7.027314514039777
Yeh Desh,1984.0,150.0,"Action, Drama",5.8,38.0,2160.0,919.0,1020.0,3058.0,3,1,0.0,3.6635616461296463
Yeh Dil,2003.0,147.0,"Drama, Romance",3.9,200.0,2901.0,2376.0,217.0,603.0,3,1,7.0,5.303304908059076
Yeh Dil Aashiqanaa,2002.0,152.0,"Action, Romance",4.3,273.0,1338.0,1020.0,964.0,371.0,3,1,0.0,5.6131281063880705
Yeh Dil Kisko Doon,1963.0,116.0,"Drama, Romance",5.4,19.0,1151.0,2082.0,1837.0,88.0,3,1,7.0,2.995732273553991
Yeh Dil Ramta Jogi,2014.0,98.0,"Action, Crime, Drama",6.4,10.0,2856.0,2308.0,495.0,251.0,3,1,0.0,2.3978952727983707
Yeh Dillagi,1994.0,155.0,"Comedy, Drama, Musical",6.0,4348.0,1676.0,977.0,114.0,2271.0,3,1,4.0,8.37770121259764
Yeh Dooriyan,2011.0,107.0,"Drama, Romance",4.7,86.0,661.0,610.0,860.0,680.0,3,1,7.0,4.465908118654584
Yeh Faasley,2011.0,,"Crime, Drama, Mystery",5.8,31.0,3117.0,1637.0,2257.0,2670.0,3,1,5.0,3.4657359027997265
Yeh Gulistan Hamara,1972.0,134.0,"Action, Drama",6.8,29.0,406.0,616.0,2312.0,1845.0,3,1,0.0,3.4011973816621555
Yeh Hai Bakrapur,2014.0,95.0,"Comedy, Drama",3.6,233.0,1055.0,285.0,2574.0,423.0,3,1,4.0,5.455321115357702
Yeh Hai Chakkad Bakkad Bumbe Bo,2003.0,90.0,Adventure,6.6,9.0,2709.0,2360.0,1420.0,16.0,3,0,1.0,2.302585092994046
Yeh Hai India,2017.0,128.0,"Action, Adventure, Drama",5.2,175.0,1385.0,737.0,1404.0,1505.0,3,1,0.0,5.170483995038151
Yeh Hai Jalwa,2002.0,165.0,"Comedy, Drama, Romance",4.7,2443.0,629.0,1835.0,2150.0,178.0,3,1,4.0,7.8013913202914855
Yeh Hai Lollipop,2016.0,,Comedy,6.0,35.0,1495.0,1494.0,536.0,2510.0,3,0,4.0,3.58351893845611
Yeh Hai Malegaon Ka Superman,2009.0,82.0,"Comedy, Family",7.5,70.0,1681.0,2385.0,2681.0,2853.0,0,1,4.0,4.2626798770413155
Yeh Hai Mumbai Meri Jaan,1999.0,148.0,"Action, Comedy, Romance",4.4,263.0,1422.0,1925.0,2670.0,615.0,3,1,0.0,5.575949103146316
Yeh Hai Pyar Ka Mausam,2001.0,108.0,Crime,3.3,11.0,2070.0,1685.0,1885.0,1871.0,3,0,5.0,2.4849066497880004
Yeh Ishq Nahin Aasaan,1984.0,,Romance,6.3,39.0,2910.0,1835.0,1647.0,427.0,3,0,15.0,3.6888794541139363
Yeh Ishq Sarfira,2015.0,,"Action, Thriller",5.8,12.0,2973.0,1305.0,1476.0,932.0,3,1,0.0,2.5649493574615367
Yeh Jawaani Hai Deewani,2013.0,160.0,"Drama, Musical, Romance",7.1,39863.0,420.0,1760.0,591.0,80.0,3,1,7.0,10.593228939961241
Yeh Jo Mohabbat Hai,2012.0,147.0,Drama,5.2,76.0,2647.0,1786.0,1416.0,1646.0,3,0,7.0,4.343805421853684
Yeh Kaisa Insaf?,1980.0,140.0,Drama,4.4,15.0,1668.0,2489.0,2263.0,2358.0,3,0,7.0,2.772588722239781
Yeh Kaisa Tigdam,2018.0,133.0,Drama,6.1,10.0,1000.0,382.0,2135.0,110.0,3,0,7.0,2.3978952727983707
Yeh Kaisi Mohabbat,2002.0,160.0,"Musical, Drama, Romance",3.8,32.0,732.0,1080.0,2822.0,2485.0,3,1,13.0,3.4965075614664802
Yeh Khula Aasmaan,2012.0,,Family,6.8,26.0,842.0,308.0,1297.0,1728.0,3,0,8.0,3.295836866004329
Yeh Kya Ho Raha Hai?,2002.0,,"Comedy, Romance",4.6,242.0,900.0,1580.0,2707.0,3026.0,3,1,4.0,5.493061443340548
Yeh Lamhe Judaai Ke,2004.0,135.0,"Drama, Mystery, Romance",3.7,1636.0,1814.0,501.0,2270.0,2107.0,3,1,7.0,7.400620577371135
Yeh Majhdhaar,1996.0,139.0,"Drama, Romance",4.9,1214.0,759.0,1939.0,1290.0,1961.0,3,1,7.0,7.102499355774649
Yeh Mohabbat Hai,2002.0,,"Action, Romance",5.0,69.0,2934.0,129.0,1842.0,1625.0,3,1,0.0,4.248495242049359
Yeh Nazdeekiyan,1982.0,,"Drama, Romance",6.5,30.0,3056.0,1239.0,2263.0,1781.0,3,1,7.0,3.4339872044851463
Yeh Raaste Hain Pyaar Ke,2001.0,149.0,"Action, Drama, Romance",4.1,685.0,655.0,108.0,1234.0,1869.0,3,1,0.0,6.530877627725885
Yeh Raat Phir Na Aayegi,1992.0,117.0,Horror,3.4,17.0,1739.0,919.0,1357.0,2247.0,3,0,11.0,2.8903717578961645
Yeh Raat Phir Na Aaygi,1966.0,,"Drama, Mystery, Romance",6.8,65.0,546.0,1612.0,474.0,2464.0,3,1,7.0,4.189654742026425
Yeh Rastey Hain Pyar Ke,1963.0,150.0,"Crime, Drama, Romance",6.0,49.0,1963.0,376.0,2549.0,1297.0,3,1,5.0,3.912023005428146
Yeh Rishta Na Tootay,1981.0,,"Crime, Drama",5.3,9.0,1167.0,1695.0,1258.0,2982.0,3,1,5.0,2.302585092994046
Yeh Saali Aashiqui,2019.0,137.0,"Drama, Romance, Thriller",8.0,3265.0,590.0,2415.0,2366.0,2225.0,3,1,7.0,8.09132127353041
Yeh Saali Zindagi,2011.0,130.0,"Crime, Drama, Thriller",7.5,4489.0,2753.0,853.0,543.0,374.0,3,1,5.0,8.4096079807363
Yeh Suhaagraat Impossible,2019.0,92.0,Comedy,8.6,500.0,54.0,1597.0,13.0,162.0,3,0,4.0,6.2166061010848646
Yeh To Kamaal Ho Gaya,1982.0,136.0,"Action, Comedy, Drama",6.5,34.0,2160.0,982.0,1714.0,2081.0,3,1,0.0,3.5553480614894135
Yeh Vaada Raha,1982.0,138.0,"Romance, Musical, Drama",7.2,311.0,1239.0,1835.0,2648.0,1816.0,3,1,15.0,5.7430031878094825
Yeh Woh Manzil To Nahin,1987.0,,Drama,7.7,36.0,2753.0,1222.0,788.0,459.0,3,0,7.0,3.6109179126442243
Yeh Zindagi Ka Safar,2001.0,146.0,"Drama, Romance",3.0,146.0,2878.0,187.0,960.0,1588.0,3,1,7.0,4.990432586778736
Yeh Zindagi Kitni Haseen Hai,1966.0,159.0,"Drama, Romance, Thriller",5.2,9.0,1963.0,1926.0,977.0,409.0,3,1,7.0,2.302585092994046
Yehi Hai High Society,2005.0,132.0,Thriller,4.8,14.0,2224.0,22.0,29.0,726.0,3,0,18.0,2.70805020110221
Yehi Hai Zindagi,1977.0,133.0,"Comedy, Drama",6.4,115.0,1187.0,1980.0,2700.0,650.0,3,1,4.0,4.7535901911063645
Yehi Hai Zindagi,2005.0,,"Action, Crime, Drama",5.4,18.0,126.0,1636.0,1678.0,491.0,3,1,0.0,2.9444389791664403
Yes Boss,1997.0,163.0,"Comedy, Drama, Musical",6.8,12714.0,427.0,2038.0,982.0,78.0,3,1,4.0,9.45053767785622
Yeshwant,1997.0,145.0,"Action, Crime, Drama",7.2,1063.0,259.0,1389.0,1223.0,429.0,3,1,0.0,6.96979066990159
Yodha,1991.0,142.0,"Action, Drama",4.6,162.0,2005.0,2270.0,2195.0,2325.0,3,1,0.0,5.093750200806762
Yodha the Warrior,2002.0,,Action,6.6,8.0,1299.0,2387.0,2681.0,2853.0,1,0,0.0,2.1972245773362196
You Are My Sunday,2016.0,119.0,"Comedy, Drama",7.8,1459.0,1544.0,446.0,2271.0,438.0,3,1,4.0,7.286191714702382
Youngistaan,2014.0,133.0,"Drama, Romance",5.1,1843.0,2858.0,871.0,1571.0,790.0,3,1,7.0,7.519692404116539
Your Country,1949.0,,Unknown,5.4,5.0,2579.0,1631.0,2680.0,1405.0,3,0,19.0,1.791759469228055
"Your Home, My Home",2001.0,175.0,"Comedy, Drama",5.7,803.0,1924.0,2266.0,1249.0,1774.0,3,1,4.0,6.6895992691789665
Yours Truly,2018.0,84.0,Drama,5.9,102.0,2480.0,2190.0,4.0,1768.0,3,0,7.0,4.634728988229636
Youth,2016.0,124.0,Drama,7.0,15.0,2129.0,147.0,1568.0,137.0,3,0,7.0,2.772588722239781
Yudh,1985.0,155.0,"Action, Crime, Drama",6.2,174.0,2102.0,870.0,207.0,2817.0,3,1,0.0,5.1647859739235145
Yug the law of karma,2021.0,75.0,"Action, Crime, Drama",7.7,10.0,716.0,2488.0,622.0,2394.0,3,1,0.0,2.3978952727983707
Yugandhar,1993.0,,"Action, Crime, Drama",7.0,43.0,1624.0,1304.0,1003.0,2325.0,3,1,0.0,3.784189633918261
Yugpurush: A Man Who Comes Just Once in a Way,1998.0,,Drama,6.1,221.0,1804.0,1389.0,900.0,1393.0,3,0,7.0,5.402677381872279
Yuhi Kabhi,1994.0,,"Comedy, Drama",5.5,12.0,1342.0,1097.0,1289.0,409.0,3,1,4.0,2.5649493574615367
Yuva,2004.0,161.0,"Action, Drama, Thriller",7.4,8588.0,1455.0,108.0,42.0,2076.0,3,1,0.0,9.058237593766226
Yuvraaj,1979.0,154.0,"Action, Adventure, Drama",4.8,50.0,2169.0,2487.0,1559.0,1109.0,3,1,0.0,3.9318256327243257
Yuvvraaj,2008.0,151.0,"Comedy, Drama, Musical",4.1,4147.0,2730.0,1939.0,207.0,3056.0,3,1,4.0,8.330381569349418
Zaalim,1994.0,131.0,"Action, Drama",4.9,561.0,2676.0,145.0,1223.0,3000.0,3,1,0.0,6.331501849893691
Zabak,1962.0,,"Action, Adventure, Comedy",5.9,16.0,955.0,1176.0,2411.0,1383.0,3,1,0.0,2.833213344056216
Zabardast,1985.0,159.0,"Action, Drama",5.3,101.0,1680.0,1980.0,2557.0,2017.0,3,1,0.0,4.624972813284271
Zabardast,2008.0,,Romance,4.5,8.0,1904.0,861.0,1598.0,1900.0,3,0,15.0,2.1972245773362196
Zahreela,2001.0,,Action,4.7,45.0,2019.0,2455.0,373.0,1494.0,3,0,0.0,3.828641396489095
Zahreelay,1990.0,163.0,"Action, Drama",4.6,102.0,1139.0,919.0,447.0,2330.0,3,1,0.0,4.634728988229636
Zakhm,1998.0,125.0,Drama,7.9,3007.0,1422.0,108.0,1707.0,1589.0,3,0,7.0,8.00903068506973
Zakhm,1989.0,,"Action, Drama",4.4,7.0,995.0,559.0,1547.0,1325.0,3,1,0.0,2.0794415416798357
Zakhmee,1975.0,,"Crime, Drama, Musical",6.2,32.0,2036.0,2262.0,337.0,2040.0,3,1,5.0,3.4965075614664802
Zakhmee Insaan,1982.0,,"Action, Thriller",4.9,7.0,648.0,2050.0,1934.0,1029.0,3,1,0.0,2.0794415416798357
Zakhmi Aurat,1988.0,132.0,"Drama, Thriller",6.2,59.0,418.0,662.0,1852.0,312.0,3,1,7.0,4.0943445622221
Zakhmi Dil,1994.0,151.0,"Action, Drama, Romance",4.0,453.0,2124.0,145.0,366.0,2112.0,3,1,0.0,6.118097198041348
Zakhmi Rooh,1993.0,125.0,Horror,5.0,16.0,1819.0,1332.0,929.0,1971.0,3,0,11.0,2.833213344056216
Zakhmi Sher,1984.0,,"Action, Thriller",4.5,25.0,1668.0,919.0,629.0,207.0,3,1,0.0,3.258096538021482
Zakhmi Sherni,2001.0,,Action,3.2,8.0,531.0,810.0,514.0,703.0,3,0,0.0,2.1972245773362196
Zakhmi Sipahi,1995.0,,Action,5.5,34.0,2864.0,2455.0,1401.0,1910.0,3,0,0.0,3.5553480614894135
Zakhmi Zameen,1990.0,,"Musical, Action, Drama",5.1,18.0,1418.0,79.0,934.0,1524.0,3,1,13.0,2.9444389791664403
Zakhmo Ka Hisaab,1993.0,131.0,"Action, Crime, Drama",4.7,32.0,2494.0,767.0,688.0,1209.0,3,1,0.0,3.4965075614664802
Zakir Khan Live,2017.0,,Comedy,7.6,15.0,3132.0,2385.0,2681.0,2853.0,0,0,4.0,2.772588722239781
Zalim,1980.0,120.0,"Action, Mystery",5.6,9.0,453.0,1130.0,2791.0,1845.0,3,1,0.0,2.302585092994046
Zalim Saudagar,1941.0,,Drama,6.4,5.0,1014.0,2385.0,2681.0,2853.0,0,0,7.0,1.791759469228055
Zalzala,1952.0,,"Drama, Romance",7.6,8.0,1813.0,1069.0,744.0,682.0,3,1,7.0,2.1972245773362196
Zalzala,1988.0,169.0,"Action, Adventure",6.0,78.0,914.0,631.0,1051.0,2480.0,3,1,0.0,4.3694478524670215
Zamaana Deewana,1995.0,162.0,"Action, Comedy, Drama",4.9,1925.0,2181.0,919.0,2325.0,2425.0,3,1,0.0,7.563200592358071
Zamaanat,1977.0,127.0,"Action, Drama, Thriller",3.8,9.0,5.0,919.0,1998.0,2081.0,3,1,0.0,2.302585092994046
Zamaane Ko Dikhana Hai,1981.0,175.0,"Romance, Thriller",6.8,146.0,1680.0,1835.0,1647.0,203.0,3,1,15.0,4.990432586778736
Zamana,1985.0,154.0,"Action, Crime, Drama",6.3,47.0,2182.0,1702.0,2029.0,1816.0,3,1,0.0,3.871201010907891
Zamane Se Kya Darna,1994.0,172.0,"Action, Drama, Romance",5.5,66.0,539.0,1969.0,1980.0,161.0,3,1,0.0,4.204692619390966
Zambo Ka Beti,1939.0,,Adventure,6.3,7.0,1562.0,490.0,1528.0,2716.0,3,0,1.0,2.0794415416798357
Zameen,1987.0,,Drama,4.6,57.0,2181.0,1167.0,2195.0,1208.0,3,0,7.0,4.060443010546419
Zameen,2003.0,154.0,"Action, Adventure, Thriller",5.3,1468.0,2281.0,108.0,42.0,541.0,3,1,0.0,7.292337176173877
Zameen Aasmaan,1972.0,134.0,"Drama, Action, Crime",6.0,18.0,7.0,376.0,2549.0,2136.0,3,1,7.0,2.9444389791664403
Zameen Aasmaan,1984.0,133.0,"Family, Drama",5.5,44.0,500.0,2082.0,1921.0,2136.0,3,1,8.0,3.8066624897703196
Zameen Ke Tare,1960.0,,"Drama, Family",5.9,10.0,585.0,827.0,557.0,1540.0,3,1,7.0,2.3978952727983707
Zameer,1975.0,136.0,"Action, Drama",6.2,342.0,2212.0,2058.0,2129.0,199.0,3,1,0.0,5.8377304471659395
Zameer,2005.0,137.0,"Drama, Romance",3.0,329.0,1208.0,108.0,153.0,1353.0,3,1,7.0,5.799092654460526
Zameer: The Awakening of a Soul,1997.0,,Action,3.7,32.0,2052.0,1971.0,2357.0,1110.0,3,0,0.0,3.4965075614664802
Zamindar,1943.0,166.0,Mystery,3.3,6.0,1589.0,2062.0,1313.0,848.0,3,0,14.0,1.9459101490553132
Zangbo and the Zing Zing Bar,1977.0,,Unknown,4.7,7.0,1234.0,1785.0,2287.0,2853.0,2,0,19.0,2.0794415416798357
Zanjeer,1973.0,145.0,"Action, Crime, Drama",7.6,3729.0,1867.0,206.0,933.0,1845.0,3,1,0.0,8.224163512637862
Zanjeer,1998.0,,Action,6.0,14.0,2668.0,1204.0,1425.0,2438.0,3,0,0.0,2.70805020110221
Zanjeer,2013.0,137.0,"Action, Crime, Drama",3.2,2416.0,309.0,1739.0,1785.0,2330.0,3,1,0.0,7.790282380703483
Zapatlela,1993.0,168.0,"Comedy, Drama, Horror",7.6,582.0,1427.0,1126.0,1243.0,1222.0,3,1,4.0,6.368187186350492
Zara sambhal ke,2013.0,115.0,Drama,6.3,7.0,2584.0,2533.0,680.0,1512.0,3,0,7.0,2.0794415416798357
Zara Si Zindagi,1983.0,149.0,"Drama, Family, Romance",7.7,93.0,1145.0,982.0,219.0,350.0,3,1,7.0,4.543294782270004
Zaroorat,1972.0,140.0,Drama,6.4,14.0,447.0,1812.0,2749.0,637.0,3,0,7.0,2.70805020110221
Zed Plus,2014.0,141.0,Comedy,6.4,449.0,576.0,2485.0,1875.0,67.0,3,0,4.0,6.1092475827643655
Zeenat,1945.0,,"Comedy, Drama",6.8,15.0,2601.0,1486.0,1170.0,1160.0,3,1,4.0,2.772588722239781
Zeher,2005.0,132.0,"Crime, Drama, Mystery",5.4,1937.0,1581.0,693.0,2295.0,2845.0,3,1,5.0,7.569411792450712
Zehreela Insaan,1974.0,131.0,"Drama, Romance",7.1,81.0,2341.0,1835.0,1436.0,1669.0,3,1,7.0,4.406719247264253
Zero,2018.0,164.0,"Comedy, Drama, Romance",5.4,24784.0,25.0,2038.0,269.0,1182.0,3,1,4.0,10.117993910454674
Zevar,1987.0,,"Drama, Comedy, Family",6.7,38.0,475.0,296.0,137.0,2108.0,3,1,7.0,3.6635616461296463
Zid,1945.0,,Unknown,3.1,7.0,919.0,1755.0,2542.0,934.0,3,0,19.0,2.0794415416798357
Zid,1994.0,129.0,"Drama, Romance",4.7,18.0,759.0,900.0,1811.0,1359.0,3,1,7.0,2.9444389791664403
Zid,2014.0,126.0,"Crime, Romance, Thriller",4.4,1105.0,3087.0,1220.0,1058.0,2535.0,3,1,5.0,7.00850518208228
Ziddi,1964.0,150.0,"Musical, Romance",6.9,44.0,1872.0,945.0,337.0,1469.0,3,1,13.0,3.8066624897703196
Ziddi,1997.0,170.0,"Action, Drama",5.8,1551.0,865.0,2270.0,1980.0,312.0,3,1,0.0,7.347299700743164
Ziddi,1948.0,,Drama,7.8,37.0,2545.0,616.0,1026.0,585.0,3,0,7.0,3.6375861597263857
Zila Ghaziabad,2013.0,142.0,"Action, Crime, Thriller",3.6,1301.0,1341.0,1113.0,2819.0,2870.0,3,1,0.0,7.171656822768514
Zimbo,1958.0,142.0,"Adventure, Drama, Thriller",4.8,9.0,955.0,551.0,398.0,1239.0,3,1,1.0,2.302585092994046
Zimbo Shaher Mein,1960.0,136.0,Drama,5.3,6.0,1658.0,551.0,398.0,1429.0,3,0,7.0,1.9459101490553132
Zimmedaaar,1990.0,,"Drama, Romance",3.0,7.0,2486.0,1038.0,1900.0,264.0,3,1,7.0,2.0794415416798357
Zinda,2006.0,116.0,"Action, Drama, Mystery",4.9,3314.0,2450.0,1969.0,969.0,1289.0,3,1,0.0,8.106212902619962
Zinda Dil,1975.0,125.0,"Action, Romance",7.1,51.0,2675.0,1835.0,1559.0,3045.0,3,1,0.0,3.9512437185814275
Zinda Laash,1986.0,112.0,Drama,3.9,9.0,1484.0,13.0,105.0,544.0,3,0,7.0,2.302585092994046
Zindagani,1986.0,131.0,Drama,7.1,27.0,1844.0,1735.0,1401.0,2104.0,3,0,7.0,3.332204510175204
Zindaggi Rocks,2006.0,,"Drama, Romance",4.0,238.0,2878.0,2300.0,2360.0,1092.0,3,1,7.0,5.476463551931511
Zindagi,1964.0,157.0,"Musical, Drama, Family",6.5,50.0,2164.0,1695.0,1813.0,3012.0,3,1,13.0,3.9318256327243257
Zindagi,1940.0,120.0,Drama,7.0,12.0,1764.0,967.0,1648.0,393.0,3,0,7.0,2.5649493574615367
Zindagi,1976.0,139.0,"Drama, Romance",6.8,26.0,2225.0,1181.0,2202.0,2982.0,3,1,7.0,3.295836866004329
Zindagi,2000.0,118.0,Romance,2.8,8.0,2819.0,2432.0,742.0,662.0,3,0,15.0,2.1972245773362196
Zindagi 50 50,2013.0,130.0,"Comedy, Drama",2.7,219.0,2103.0,2425.0,2045.0,1982.0,3,1,4.0,5.393627546352362
Zindagi Aur Khwab,1961.0,,Romance,6.9,31.0,2305.0,1695.0,1355.0,1045.0,3,0,15.0,3.4657359027997265
Zindagi Aur Maut,1965.0,134.0,Drama,6.0,5.0,1720.0,1464.0,515.0,490.0,3,0,7.0,1.791759469228055
Zindagi Ek Juaa,1992.0,,Action,5.4,283.0,1867.0,250.0,1234.0,2438.0,3,0,0.0,5.648974238161206
Zindagi Ek Safar,1988.0,120.0,"Documentary, Biography, Musical",8.2,33.0,2438.0,1067.0,173.0,388.0,3,1,6.0,3.5263605246161616
Zindagi Jalebi,2013.0,117.0,Comedy,3.7,6.0,1249.0,1347.0,1461.0,437.0,3,0,4.0,1.9459101490553132
Zindagi Jeene Ke Liye,1984.0,,Drama,6.8,5.0,1187.0,1735.0,2571.0,2926.0,3,0,7.0,1.791759469228055
Zindagi Khoobsoorat Hai,2002.0,126.0,"Drama, Family",5.5,51.0,1201.0,1232.0,776.0,2771.0,3,1,7.0,3.9512437185814275
Zindagi Na Milegi Dobara,2011.0,155.0,"Comedy, Drama",8.2,70344.0,3137.0,830.0,690.0,35.0,3,1,4.0,11.161166986811313
Zindagi Tere Naam,2012.0,120.0,Romance,4.4,33.0,390.0,1304.0,1964.0,1901.0,3,0,15.0,3.5263605246161616
Zindagi Tumse,2019.0,120.0,Family,6.0,13.0,2890.0,1903.0,765.0,2008.0,3,0,8.0,2.6390573296152584
Zindagi Ya Toofan,1958.0,,Drama,6.3,7.0,1653.0,1563.0,1391.0,1738.0,3,0,7.0,2.0794415416798357
Zindagi Zindabad,2000.0,140.0,Drama,5.7,7.0,2780.0,2268.0,1398.0,1481.0,3,0,7.0,2.0794415416798357
Zindagi Zindagi,1972.0,,"Drama, Romance",6.5,20.0,2885.0,2262.0,2827.0,409.0,3,1,7.0,3.044522437723423
Zokkomon,2011.0,109.0,"Action, Adventure, Family",4.0,351.0,2516.0,578.0,255.0,1396.0,3,1,0.0,5.863631175598097
Zoo,2018.0,100.0,Drama,5.7,78.0,2637.0,2078.0,1765.0,2479.0,3,0,7.0,4.3694478524670215
Zor Lagaa Ke... Haiya!,2009.0,,"Comedy, Drama, Family",6.1,59.0,834.0,1284.0,1401.0,2179.0,3,1,4.0,4.0943445622221
Zor: Never Underestimate the Force,1998.0,157.0,"Action, Drama, Thriller",4.3,268.0,2439.0,2270.0,2584.0,1481.0,3,1,0.0,5.594711379601839
Zordaar,1996.0,,Action,4.7,29.0,118.0,1170.0,2765.0,548.0,3,0,0.0,3.4011973816621555
Zorro,1975.0,150.0,"Action, Adventure, Comedy",5.6,33.0,2616.0,1425.0,2003.0,2859.0,3,1,0.0,3.5263605246161616
Zubaan,2015.0,115.0,Drama,6.1,408.0,1591.0,2433.0,2215.0,1928.0,3,0,7.0,6.013715156042802
Zubeidaa,2001.0,153.0,"Biography, Drama, History",6.2,1496.0,2661.0,1025.0,2003.0,1407.0,3,1,3.0,7.311218384419629
Zulm Ka Badla,1985.0,,"Action, Crime, Drama",4.9,11.0,565.0,961.0,1920.0,264.0,3,1,0.0,2.4849066497880004
Zulm Ki Hukumat,1992.0,,"Action, Crime, Drama",5.3,135.0,500.0,631.0,1436.0,868.0,3,1,0.0,4.912654885736052
Zulm Ki Zanjeer,1989.0,125.0,"Action, Crime, Drama",5.8,44.0,2339.0,550.0,936.0,2014.0,3,1,0.0,3.8066624897703196
Zulm Ko Jala Doonga,1988.0,,Action,4.6,11.0,1418.0,1405.0,2536.0,2725.0,3,0,0.0,2.4849066497880004
Zulmi,1999.0,129.0,"Action, Drama",4.5,655.0,1338.0,145.0,2670.0,371.0,3,1,0.0,6.486160788944089
Zulm-O-Sitam,1998.0,130.0,"Action, Drama",6.2,20.0,1171.0,631.0,934.0,355.0,3,1,0.0,3.044522437723423
